District,Borewell_ID,Borewell_Depth_ft,Water_Table_Depth_ft,Pump_Age_years,Daily_Usage_hours,Soil_Type,Region_Type,Annual_Rainfall_mm,Maintenance_Frequency_per_year,Motor_Temperature_C,Vibration_Level_mms,Voltage_Fluctuation_pct,Water_Yield_LPH,Casing_Pipe_Age_years,Failure_Risk_Score,Failure_Risk_Category,Failure_Within_6Months
Srikakulam,BW-SRI-00001,270.1,32.6,7.9,9.0,Sandy Clay,Coastal Andhra,533.5,1,60.0,3.02,12.0,2518,5.7,67.7,High,1
Srikakulam,BW-SRI-00002,214.2,14.8,5.7,5.8,Sandy Clay,Coastal Andhra,508.1,2,52.4,3.02,2.3,2377,4.8,44.1,Medium,1
Srikakulam,BW-SRI-00003,359.1,23.8,0.6,13.6,Sandy Loam,Coastal Andhra,436.0,0,56.0,1.54,8.0,2258,0,52.5,Medium,0
Srikakulam,BW-SRI-00004,285.7,18.0,21.0,10.6,Sandy Clay,Coastal Andhra,378.9,1,74.0,7.85,1.7,2205,21.4,100.0,High,1
Srikakulam,BW-SRI-00005,246.5,31.2,0.5,10.7,Sandy Clay,Coastal Andhra,399.3,2,55.9,2.27,6.8,2442,1.7,38.3,Medium,0
Srikakulam,BW-SRI-00006,207.2,38.0,6.1,11.0,Sandy Clay,Coastal Andhra,616.8,0,67.6,3.46,11.2,3751,6.0,78.1,High,1
Srikakulam,BW-SRI-00007,252.4,29.3,2.3,8.1,Sandy Clay,Coastal Andhra,405.3,1,55.5,1.56,11.0,2747,4.1,54.5,Medium,0
Srikakulam,BW-SRI-00008,320.6,24.4,13.4,8.5,Sandy Clay,Coastal Andhra,452.9,2,64.2,6.22,2.1,2651,16.1,93.2,High,1
Srikakulam,BW-SRI-00009,249.4,25.4,2.5,9.2,Sandy Loam,Coastal Andhra,497.8,2,49.0,0.85,1.3,2713,2.2,23.9,Low,0
Srikakulam,BW-SRI-00010,304.2,27.1,0.9,8.0,Sandy Clay,Coastal Andhra,594.9,2,58.0,0.1,4.4,2931,1.6,40.9,Medium,1
Srikakulam,BW-SRI-00011,357.7,24.7,1.2,6.5,Sandy Clay,Coastal Andhra,313.9,1,49.1,1.91,8.3,2261,1.4,41.8,Medium,0
Srikakulam,BW-SRI-00012,195.8,25.5,0.7,4.3,Sandy Clay,Coastal Andhra,531.2,3,47.7,0.1,11.1,2865,2.3,21.6,Low,0
Srikakulam,BW-SRI-00013,393.1,33.6,0.5,5.9,Sandy Clay,Coastal Andhra,521.0,0,54.4,2.56,3.1,2896,1.1,32.9,Low,0
Srikakulam,BW-SRI-00014,214.0,37.9,6.3,10.8,Sandy Clay,Coastal Andhra,335.6,1,62.6,3.05,4.9,2878,7.1,70.9,High,1
Srikakulam,BW-SRI-00015,521.3,26.5,1.3,10.9,Sandy Clay,Coastal Andhra,371.5,0,55.8,2.04,9.9,2720,0,48.7,Medium,0
Srikakulam,BW-SRI-00016,344.9,25.0,2.9,10.6,Sandy Clay,Coastal Andhra,520.8,1,54.2,2.08,9.5,2719,2.0,42.9,Medium,0
Srikakulam,BW-SRI-00017,381.5,35.6,7.3,5.2,Sandy Loam,Coastal Andhra,568.5,5,63.5,3.93,12.5,2613,4.5,68.2,High,1
Srikakulam,BW-SRI-00018,202.9,29.9,0.2,2.4,Sandy Clay,Coastal Andhra,392.8,2,55.5,1.66,6.7,2749,4.8,25.3,Low,1
Srikakulam,BW-SRI-00019,220.3,29.0,4.7,10.5,Sandy Loam,Coastal Andhra,446.7,3,53.0,4.58,1.3,2530,7.4,47.4,Medium,1
Srikakulam,BW-SRI-00020,329.2,42.7,6.5,13.0,Sandy Loam,Coastal Andhra,652.0,2,62.5,4.13,5.2,2475,7.3,70.4,High,1
Srikakulam,BW-SRI-00021,258.8,18.3,3.4,3.7,Sandy Clay,Coastal Andhra,673.0,1,55.9,2.53,2.3,2549,6.7,46.0,Medium,1
Srikakulam,BW-SRI-00022,282.5,27.0,5.3,10.0,Sandy Clay,Coastal Andhra,582.4,2,60.8,2.77,8.3,2599,5.5,60.9,Medium,1
Srikakulam,BW-SRI-00023,350.4,23.9,0.8,12.4,Sandy Loam,Coastal Andhra,589.7,4,57.2,1.59,10.4,3143,2.7,38.1,Medium,0
Srikakulam,BW-SRI-00024,251.5,41.0,8.4,8.1,Sandy Loam,Coastal Andhra,467.5,2,67.3,5.27,5.5,2073,11.0,79.8,High,1
Srikakulam,BW-SRI-00025,359.1,37.9,9.4,8.0,Sandy Loam,Coastal Andhra,573.7,3,61.9,4.35,13.4,2873,8.0,80.8,High,1
Srikakulam,BW-SRI-00026,140.4,17.0,10.1,12.1,Sandy Clay,Coastal Andhra,537.3,0,70.3,4.25,13.9,2733,8.8,96.6,High,1
Srikakulam,BW-SRI-00027,268.8,23.2,0.8,5.5,Sandy Clay,Coastal Andhra,458.8,4,53.2,2.32,9.8,2800,1.4,30.8,Low,0
Srikakulam,BW-SRI-00028,376.6,40.2,3.6,13.4,Sandy Loam,Coastal Andhra,486.7,1,55.2,3.28,11.9,2581,6.0,58.5,Medium,1
Srikakulam,BW-SRI-00029,286.1,22.5,22.0,9.1,Sandy Clay,Coastal Andhra,341.6,2,81.1,7.85,15.3,2052,18.2,100.0,High,1
Srikakulam,BW-SRI-00030,305.9,30.8,3.8,6.2,Sandy Clay,Coastal Andhra,531.1,0,61.9,2.32,9.2,2599,0.6,47.9,Medium,1
Srikakulam,BW-SRI-00031,325.9,29.6,1.6,12.6,Sandy Loam,Coastal Andhra,529.1,1,60.9,3.32,16.2,2746,3.7,72.5,High,1
Srikakulam,BW-SRI-00032,364.1,26.6,0.9,10.6,Sandy Clay,Coastal Andhra,300,1,61.2,1.48,13.8,2580,3.9,44.9,Medium,0
Srikakulam,BW-SRI-00033,167.4,41.6,11.9,10.4,Sandy Loam,Coastal Andhra,499.3,1,70.3,3.72,9.6,2598,11.9,98.2,High,1
Srikakulam,BW-SRI-00034,197.0,31.5,1.2,7.1,Sandy Loam,Coastal Andhra,436.4,2,51.8,0.53,4.8,2448,2.7,21.3,Low,0
Srikakulam,BW-SRI-00035,281.6,27.8,9.6,8.6,Sandy Loam,Coastal Andhra,602.2,2,58.1,4.8,5.5,2594,8.2,65.1,High,1
Srikakulam,BW-SRI-00036,389.5,16.5,3.7,5.0,Sandy Clay,Coastal Andhra,682.9,3,48.1,1.56,0.0,2801,5.4,23.4,Low,0
Srikakulam,BW-SRI-00037,176.1,23.4,0.8,10.7,Sandy Loam,Coastal Andhra,784.9,3,55.2,2.9,12.1,2801,1.2,38.0,Medium,0
Srikakulam,BW-SRI-00038,457.9,36.0,2.6,8.4,Sandy Clay,Coastal Andhra,445.0,1,53.1,1.51,5.5,2359,2.7,37.7,Medium,0
Srikakulam,BW-SRI-00039,204.2,29.0,3.2,7.7,Sandy Loam,Coastal Andhra,563.4,3,64.2,3.82,8.8,3004,4.0,50.6,Medium,1
Srikakulam,BW-SRI-00040,110.1,22.5,4.3,7.1,Sandy Clay,Coastal Andhra,492.1,2,51.8,2.46,3.2,2428,3.4,36.2,Medium,1
Srikakulam,BW-SRI-00041,342.2,23.8,6.9,12.3,Sandy Loam,Coastal Andhra,520.4,2,63.9,5.11,8.4,2669,8.0,78.7,High,0
Srikakulam,BW-SRI-00042,235.8,24.7,1.1,11.1,Sandy Loam,Coastal Andhra,470.0,3,55.2,0.1,13.2,2977,2.2,32.1,Low,0
Srikakulam,BW-SRI-00043,261.5,31.2,2.9,8.3,Sandy Clay,Coastal Andhra,519.8,1,53.2,1.79,10.3,2835,4.7,55.1,Medium,0
Srikakulam,BW-SRI-00044,302.4,30.1,1.0,5.5,Sandy Clay,Coastal Andhra,681.2,1,51.6,2.08,9.6,3201,0,33.1,Low,1
Srikakulam,BW-SRI-00045,201.7,34.7,7.6,11.0,Sandy Clay,Coastal Andhra,300,2,66.7,3.88,14.0,2580,10.4,80.5,High,1
Srikakulam,BW-SRI-00046,281.2,27.0,12.3,10.2,Sandy Clay,Coastal Andhra,725.8,3,73.9,4.81,13.4,2563,12.5,100.0,High,0
Srikakulam,BW-SRI-00047,346.1,48.9,3.1,6.7,Sandy Loam,Coastal Andhra,378.5,1,55.7,2.13,1.4,2129,2.8,34.2,Low,0
Srikakulam,BW-SRI-00048,243.1,16.6,3.6,7.2,Sandy Clay,Coastal Andhra,721.9,3,56.5,1.1,12.5,3660,3.1,41.9,Medium,1
Srikakulam,BW-SRI-00049,333.0,22.3,13.7,6.4,Sandy Clay,Coastal Andhra,808.4,0,68.2,3.03,3.6,2316,12.6,85.9,High,1
Srikakulam,BW-SRI-00050,242.4,25.9,11.9,9.6,Sandy Clay,Coastal Andhra,612.3,2,69.6,4.01,13.1,2615,11.6,98.8,High,1
Srikakulam,BW-SRI-00051,255.2,25.8,1.7,9.3,Sandy Loam,Coastal Andhra,571.2,3,56.1,0.48,6.8,3017,3.1,31.5,Low,0
Srikakulam,BW-SRI-00052,195.2,18.7,2.9,9.8,Sandy Loam,Coastal Andhra,525.3,3,54.4,2.12,7.6,2713,0,41.0,Medium,0
Srikakulam,BW-SRI-00053,397.1,25.9,0.1,2.9,Sandy Loam,Coastal Andhra,345.4,2,43.7,1.65,8.4,3160,0.7,21.5,Low,0
Srikakulam,BW-SRI-00054,369.1,30.7,5.5,9.5,Sandy Loam,Coastal Andhra,458.2,3,53.4,3.31,8.8,2177,3.5,45.0,Medium,0
Srikakulam,BW-SRI-00055,365.6,20.8,5.0,7.1,Sandy Clay,Coastal Andhra,572.9,3,54.5,2.51,1.9,2249,9.2,48.6,Medium,0
Srikakulam,BW-SRI-00056,437.7,28.3,7.0,6.8,Sandy Loam,Coastal Andhra,300,3,55.1,2.91,12.6,2834,3.9,54.4,Medium,0
Srikakulam,BW-SRI-00057,380.4,33.1,7.1,9.9,Sandy Loam,Coastal Andhra,598.2,1,62.5,3.18,8.5,3078,6.2,71.1,High,0
Srikakulam,BW-SRI-00058,239.7,36.1,0.2,9.5,Sandy Clay,Coastal Andhra,526.7,0,58.3,0.16,6.1,2617,0,36.6,Medium,0
Srikakulam,BW-SRI-00059,367.3,23.4,5.9,10.7,Sandy Loam,Coastal Andhra,509.9,1,59.6,4.52,12.3,3387,6.4,73.0,High,0
Srikakulam,BW-SRI-00060,106.9,15.2,8.0,7.2,Sandy Clay,Coastal Andhra,379.5,1,58.3,3.95,4.9,3083,7.2,60.8,Medium,1
Srikakulam,BW-SRI-00061,203.0,27.3,12.7,10.0,Sandy Clay,Coastal Andhra,520.0,1,67.6,7.89,10.0,2503,12.6,100.0,High,1
Srikakulam,BW-SRI-00062,227.0,33.1,2.6,6.3,Sandy Clay,Coastal Andhra,433.7,1,56.1,0.67,10.5,3072,5.4,55.6,Medium,1
Srikakulam,BW-SRI-00063,328.3,25.7,0.8,9.0,Sandy Clay,Coastal Andhra,300,2,55.9,0.39,3.0,2271,1.4,28.0,Low,0
Srikakulam,BW-SRI-00064,294.6,24.5,11.4,5.4,Sandy Loam,Coastal Andhra,303.3,3,63.4,4.6,9.9,2809,4.4,73.6,High,0
Srikakulam,BW-SRI-00065,330.8,35.2,7.2,12.6,Sandy Loam,Coastal Andhra,455.6,1,58.2,4.21,4.7,2744,9.2,75.5,High,1
Srikakulam,BW-SRI-00066,284.3,30.1,6.0,3.9,Sandy Loam,Coastal Andhra,529.9,2,58.1,3.53,14.3,2876,7.5,64.5,Medium,1
Srikakulam,BW-SRI-00067,316.8,30.0,0.4,4.9,Sandy Clay,Coastal Andhra,300,0,51.1,1.48,11.9,2620,2.5,37.9,Medium,1
Srikakulam,BW-SRI-00068,285.2,41.1,6.9,6.8,Sandy Loam,Coastal Andhra,577.8,3,64.5,4.39,11.9,2632,3.5,60.2,Medium,0
Srikakulam,BW-SRI-00069,197.1,43.4,3.0,7.4,Sandy Clay,Coastal Andhra,508.9,1,58.8,1.89,7.1,2789,4.8,50.9,Medium,1
Srikakulam,BW-SRI-00070,322.5,31.4,8.8,9.8,Sandy Clay,Coastal Andhra,649.9,1,58.7,4.12,10.0,2898,9.7,76.0,High,1
Srikakulam,BW-SRI-00071,149.5,28.3,0.4,9.7,Sandy Clay,Coastal Andhra,445.7,2,44.8,1.86,0.0,2867,0,19.9,Low,0
Srikakulam,BW-SRI-00072,227.0,28.4,0.7,4.5,Sandy Loam,Coastal Andhra,525.0,3,47.3,0.56,0.0,2394,0.7,7.0,Low,0
Srikakulam,BW-SRI-00073,342.6,36.5,1.3,10.8,Sandy Loam,Coastal Andhra,717.4,0,58.0,2.42,9.4,2651,4.1,62.5,Medium,0
Srikakulam,BW-SRI-00074,306.9,39.1,3.6,14.5,Sandy Loam,Coastal Andhra,376.2,1,61.8,3.47,5.9,3433,4.4,64.4,Medium,0
Srikakulam,BW-SRI-00075,289.7,28.9,1.3,8.6,Sandy Clay,Coastal Andhra,469.1,0,53.4,2.0,1.3,2504,0.3,44.2,Medium,0
Srikakulam,BW-SRI-00076,446.3,16.1,7.8,7.9,Sandy Clay,Coastal Andhra,596.1,2,62.4,2.7,8.7,3202,10.0,73.2,High,1
Srikakulam,BW-SRI-00077,306.0,32.6,1.2,7.1,Sandy Loam,Coastal Andhra,481.2,1,46.3,1.72,12.2,2301,1.8,37.9,Medium,0
Parvathipuram Manyam,BW-PAR-00078,368.5,14.1,8.9,7.2,Sandy Clay,Coastal Andhra,586.7,0,62.5,3.31,2.9,2320,5.8,67.6,High,0
Parvathipuram Manyam,BW-PAR-00079,314.6,17.7,1.1,14.2,Sandy Loam,Coastal Andhra,538.2,4,57.0,0.64,5.8,2698,0.5,27.7,Low,0
Parvathipuram Manyam,BW-PAR-00080,95.2,25.0,0.3,9.4,Sandy Loam,Coastal Andhra,472.9,3,51.0,1.78,9.6,2746,0.6,25.6,Low,0
Parvathipuram Manyam,BW-PAR-00081,292.5,22.9,7.1,14.0,Sandy Loam,Coastal Andhra,601.1,3,59.4,4.14,9.8,2445,7.0,77.6,High,1
Parvathipuram Manyam,BW-PAR-00082,208.9,26.8,44.7,7.2,Sandy Clay,Coastal Andhra,720.2,4,93.2,15.0,3.1,2766,46.7,100.0,High,1
Parvathipuram Manyam,BW-PAR-00083,182.8,25.4,0.0,3.7,Sandy Loam,Coastal Andhra,391.1,2,44.8,0.4,6.8,2648,0,9.8,Low,0
Parvathipuram Manyam,BW-PAR-00084,471.6,18.9,2.9,11.4,Sandy Clay,Coastal Andhra,438.6,1,61.0,0.2,1.9,3353,3.0,46.8,Medium,0
Parvathipuram Manyam,BW-PAR-00085,356.0,29.2,18.7,9.2,Sandy Clay,Coastal Andhra,554.8,1,71.3,6.54,10.2,2455,18.2,100.0,High,1
Parvathipuram Manyam,BW-PAR-00086,401.1,25.8,2.2,10.3,Sandy Loam,Coastal Andhra,561.3,1,52.2,2.62,7.4,3285,5.2,49.6,Medium,1
Parvathipuram Manyam,BW-PAR-00087,301.3,11.7,19.8,7.8,Sandy Loam,Coastal Andhra,634.1,1,75.8,8.59,8.6,2747,22.6,100.0,High,1
Parvathipuram Manyam,BW-PAR-00088,420.7,13.2,11.0,10.3,Sandy Loam,Coastal Andhra,542.0,2,63.6,5.07,13.0,2503,10.4,100.0,High,1
Parvathipuram Manyam,BW-PAR-00089,212.5,28.6,11.9,7.6,Sandy Loam,Coastal Andhra,724.4,0,59.9,5.39,14.5,3292,11.5,90.8,High,1
Parvathipuram Manyam,BW-PAR-00090,415.5,18.0,3.4,11.3,Sandy Clay,Coastal Andhra,613.8,1,50.7,2.95,5.9,2467,5.4,46.3,Medium,0
Parvathipuram Manyam,BW-PAR-00091,205.4,24.7,0.4,10.1,Sandy Clay,Coastal Andhra,724.8,4,59.4,1.52,3.2,2654,0,29.1,Low,0
Parvathipuram Manyam,BW-PAR-00092,323.1,16.5,4.6,5.3,Sandy Loam,Coastal Andhra,513.4,4,53.6,3.37,2.4,2744,4.4,43.5,Medium,0
Parvathipuram Manyam,BW-PAR-00093,248.1,25.9,0.8,9.7,Sandy Clay,Coastal Andhra,449.0,1,50.5,1.14,4.4,2668,1.8,35.6,Medium,0
Parvathipuram Manyam,BW-PAR-00094,71.8,15.6,5.5,8.1,Sandy Clay,Coastal Andhra,524.8,3,62.2,3.69,12.7,2581,7.2,63.1,Medium,1
Parvathipuram Manyam,BW-PAR-00095,197.8,28.7,2.5,8.5,Sandy Clay,Coastal Andhra,873.2,1,52.5,2.41,6.8,2215,2.6,43.7,Medium,1
Parvathipuram Manyam,BW-PAR-00096,252.7,19.5,0.2,8.2,Sandy Clay,Coastal Andhra,300,1,54.9,0.38,9.2,2703,1.2,28.4,Low,0
Parvathipuram Manyam,BW-PAR-00097,406.9,22.7,0.4,6.8,Sandy Clay,Coastal Andhra,503.8,0,50.6,1.27,6.8,2743,0,32.9,Low,0
Parvathipuram Manyam,BW-PAR-00098,344.3,12.1,5.9,10.8,Sandy Loam,Coastal Andhra,562.0,0,59.6,1.38,12.0,3136,0.8,60.4,Medium,0
Parvathipuram Manyam,BW-PAR-00099,69.8,19.8,0.1,5.6,Sandy Clay,Coastal Andhra,458.1,1,43.8,3.27,7.9,2309,1.8,29.9,Low,0
Parvathipuram Manyam,BW-PAR-00100,427.1,23.0,2.8,1.2,Sandy Loam,Coastal Andhra,385.5,5,50.4,2.73,6.4,3022,1.1,31.3,Low,0
Parvathipuram Manyam,BW-PAR-00101,425.4,34.8,0.4,8.2,Sandy Loam,Coastal Andhra,605.9,3,49.6,2.4,6.2,2446,0,18.1,Low,0
Parvathipuram Manyam,BW-PAR-00102,314.3,16.0,1.1,5.9,Sandy Loam,Coastal Andhra,697.0,2,45.8,2.95,5.0,2773,1.7,24.8,Low,0
Parvathipuram Manyam,BW-PAR-00103,389.8,29.5,4.5,10.8,Sandy Loam,Coastal Andhra,644.3,6,56.0,1.16,7.2,2265,3.2,32.5,Low,0
Parvathipuram Manyam,BW-PAR-00104,247.7,22.6,13.1,10.7,Sandy Clay,Coastal Andhra,723.1,5,69.7,6.05,7.4,2559,10.4,97.3,High,1
Parvathipuram Manyam,BW-PAR-00105,219.0,27.6,10.2,3.5,Sandy Clay,Coastal Andhra,645.3,4,59.7,4.96,1.0,3180,10.3,66.6,High,1
Parvathipuram Manyam,BW-PAR-00106,270.6,22.4,1.7,5.4,Sandy Loam,Coastal Andhra,663.8,2,53.2,0.44,13.8,2907,1.3,41.8,Medium,1
Parvathipuram Manyam,BW-PAR-00107,326.5,18.1,19.0,4.7,Sandy Loam,Coastal Andhra,479.4,1,67.3,7.7,0.0,2179,16.1,100.0,High,1
Parvathipuram Manyam,BW-PAR-00108,375.8,12.2,9.5,5.5,Sandy Clay,Coastal Andhra,762.5,2,71.5,5.57,16.0,3241,9.9,97.0,High,1
Parvathipuram Manyam,BW-PAR-00109,392.5,24.4,0.5,6.6,Sandy Loam,Coastal Andhra,525.6,4,47.8,1.01,4.5,2851,0.2,8.8,Low,0
Parvathipuram Manyam,BW-PAR-00110,433.1,16.2,6.1,8.8,Sandy Loam,Coastal Andhra,803.6,2,59.5,1.95,14.2,2996,5.4,53.0,Medium,1
Parvathipuram Manyam,BW-PAR-00111,265.1,32.7,11.1,6.4,Sandy Clay,Coastal Andhra,602.1,2,49.9,4.82,6.5,3014,12.1,74.5,High,1
Parvathipuram Manyam,BW-PAR-00112,293.6,16.4,8.4,8.4,Sandy Loam,Coastal Andhra,565.4,0,57.0,3.18,7.2,2695,9.1,74.8,High,1
Parvathipuram Manyam,BW-PAR-00113,413.1,22.0,9.0,5.8,Sandy Clay,Coastal Andhra,589.6,0,50.9,3.12,3.5,2840,9.0,62.8,Medium,0
Parvathipuram Manyam,BW-PAR-00114,214.3,11.9,7.9,9.7,Sandy Loam,Coastal Andhra,489.3,4,60.7,4.69,4.8,2411,5.7,62.7,Medium,0
Parvathipuram Manyam,BW-PAR-00115,285.8,22.0,7.4,8.3,Sandy Clay,Coastal Andhra,523.6,2,70.1,2.39,16.0,2500,5.7,77.7,High,1
Parvathipuram Manyam,BW-PAR-00116,396.7,22.9,0.3,9.8,Sandy Clay,Coastal Andhra,716.9,1,47.3,1.17,4.9,2757,0,29.1,Low,0
Parvathipuram Manyam,BW-PAR-00117,274.5,31.5,4.6,8.0,Sandy Loam,Coastal Andhra,357.7,5,58.9,3.79,8.8,2908,2.7,53.9,Medium,0
Parvathipuram Manyam,BW-PAR-00118,351.7,25.0,1.0,10.0,Sandy Clay,Coastal Andhra,511.9,3,55.5,2.31,5.9,2635,3.0,29.8,Low,0
Parvathipuram Manyam,BW-PAR-00119,401.7,24.6,20.5,7.9,Sandy Clay,Coastal Andhra,555.0,2,77.7,10.81,11.9,2904,21.0,100.0,High,1
Parvathipuram Manyam,BW-PAR-00120,321.6,18.0,11.7,12.0,Sandy Loam,Coastal Andhra,557.6,2,67.6,2.88,13.2,2603,12.0,98.3,High,1
Parvathipuram Manyam,BW-PAR-00121,330.3,31.1,0.6,6.8,Sandy Clay,Coastal Andhra,723.5,2,59.3,0.72,14.1,2967,0,39.1,Medium,0
Parvathipuram Manyam,BW-PAR-00122,206.3,27.4,2.4,8.6,Sandy Clay,Coastal Andhra,516.3,2,62.3,2.76,11.1,2110,1.5,52.6,Medium,1
Parvathipuram Manyam,BW-PAR-00123,294.7,28.5,12.3,10.0,Sandy Loam,Coastal Andhra,461.5,3,58.7,3.17,8.6,2686,13.7,84.9,High,1
Parvathipuram Manyam,BW-PAR-00124,262.0,20.1,8.1,9.3,Sandy Loam,Coastal Andhra,684.1,5,62.9,3.41,5.9,2949,7.7,61.3,Medium,0
Parvathipuram Manyam,BW-PAR-00125,241.2,22.6,0.1,7.1,Sandy Clay,Coastal Andhra,691.5,2,54.9,0.86,14.8,2866,0,41.0,Medium,1
Parvathipuram Manyam,BW-PAR-00126,381.9,27.2,0.7,9.5,Sandy Clay,Coastal Andhra,499.0,3,53.7,2.82,0.7,2636,2.7,33.8,Low,0
Parvathipuram Manyam,BW-PAR-00127,441.6,34.2,7.3,3.2,Sandy Loam,Coastal Andhra,546.6,0,55.2,3.72,0.0,3138,7.5,60.4,Medium,0
Parvathipuram Manyam,BW-PAR-00128,286.9,19.4,1.8,1.4,Sandy Loam,Coastal Andhra,525.9,0,43.9,1.46,5.2,2271,0.9,27.9,Low,0
Parvathipuram Manyam,BW-PAR-00129,273.4,22.8,0.0,5.7,Sandy Clay,Coastal Andhra,558.2,3,53.6,0.25,10.7,2643,0,18.5,Low,0
Parvathipuram Manyam,BW-PAR-00130,371.1,24.3,7.3,3.5,Sandy Clay,Coastal Andhra,387.7,3,56.4,3.56,11.6,3081,5.9,59.9,Medium,1
Parvathipuram Manyam,BW-PAR-00131,68.9,17.8,2.8,5.0,Sandy Clay,Coastal Andhra,550.5,1,53.4,2.38,5.4,2420,2.4,46.0,Medium,0
Parvathipuram Manyam,BW-PAR-00132,344.4,26.1,12.4,9.1,Sandy Clay,Coastal Andhra,440.2,1,64.8,5.01,8.4,2595,11.2,85.0,High,1
Parvathipuram Manyam,BW-PAR-00133,324.7,8.7,7.8,9.3,Sandy Clay,Coastal Andhra,697.5,3,65.3,3.67,5.3,2978,9.7,69.4,High,0
Parvathipuram Manyam,BW-PAR-00134,197.5,9.9,5.2,3.0,Sandy Loam,Coastal Andhra,444.8,3,53.1,3.86,7.1,3079,7.8,52.7,Medium,1
Parvathipuram Manyam,BW-PAR-00135,209.0,23.2,2.2,12.8,Sandy Clay,Coastal Andhra,574.3,1,55.1,2.38,9.1,2608,4.1,53.0,Medium,0
Parvathipuram Manyam,BW-PAR-00136,310.4,23.6,0.2,6.9,Sandy Clay,Coastal Andhra,546.4,1,57.3,0.75,14.4,2935,0.0,39.0,Medium,0
Parvathipuram Manyam,BW-PAR-00137,128.3,12.1,2.5,8.4,Sandy Clay,Coastal Andhra,449.8,4,49.0,0.77,4.5,2702,0.1,23.5,Low,0
Parvathipuram Manyam,BW-PAR-00138,287.4,15.8,3.5,15.0,Sandy Loam,Coastal Andhra,429.9,4,59.3,2.08,10.0,3450,3.1,44.6,Medium,1
Parvathipuram Manyam,BW-PAR-00139,435.8,26.5,12.2,6.8,Sandy Clay,Coastal Andhra,497.6,0,64.2,4.16,11.5,2674,12.8,99.6,High,1
Parvathipuram Manyam,BW-PAR-00140,373.8,10.2,2.0,5.8,Sandy Loam,Coastal Andhra,704.2,2,53.6,2.12,8.9,3049,3.3,41.0,Medium,0
Parvathipuram Manyam,BW-PAR-00141,265.3,33.7,13.4,1.0,Sandy Loam,Coastal Andhra,812.3,2,64.3,6.91,7.0,2786,14.6,88.9,High,1
Parvathipuram Manyam,BW-PAR-00142,347.0,19.4,1.4,10.6,Sandy Clay,Coastal Andhra,664.5,0,54.1,1.81,10.1,3074,0.3,50.7,Medium,0
Parvathipuram Manyam,BW-PAR-00143,319.6,29.1,5.7,5.4,Sandy Clay,Coastal Andhra,380.6,0,53.2,2.44,1.5,2609,5.6,49.0,Medium,0
Parvathipuram Manyam,BW-PAR-00144,278.5,9.3,0.5,8.0,Sandy Loam,Coastal Andhra,558.1,1,48.3,0.7,5.2,3041,3.4,25.2,Low,0
Parvathipuram Manyam,BW-PAR-00145,263.6,31.0,2.3,7.6,Sandy Loam,Coastal Andhra,300,4,62.3,2.81,8.7,2570,0,40.5,Medium,1
Parvathipuram Manyam,BW-PAR-00146,331.5,31.2,9.8,16.3,Sandy Loam,Coastal Andhra,574.4,1,61.2,4.23,0.9,2569,11.9,85.2,High,1
Parvathipuram Manyam,BW-PAR-00147,270.8,19.4,1.9,8.5,Sandy Loam,Coastal Andhra,676.5,1,51.0,1.29,4.5,2439,1.2,28.9,Low,0
Parvathipuram Manyam,BW-PAR-00148,222.9,32.6,13.3,7.6,Sandy Loam,Coastal Andhra,569.6,2,74.2,4.5,15.9,2874,15.0,100.0,High,1
Parvathipuram Manyam,BW-PAR-00149,292.9,25.1,2.1,7.1,Sandy Clay,Coastal Andhra,626.4,1,42.8,1.79,7.5,2353,2.5,29.9,Low,0
Parvathipuram Manyam,BW-PAR-00150,257.0,20.3,8.8,7.0,Sandy Clay,Coastal Andhra,702.1,2,62.9,3.26,7.7,2395,11.3,77.4,High,1
Parvathipuram Manyam,BW-PAR-00151,357.5,34.6,2.3,12.9,Sandy Clay,Coastal Andhra,472.0,2,48.8,1.69,2.3,2176,0,24.9,Low,1
Parvathipuram Manyam,BW-PAR-00152,183.1,22.6,4.1,1.0,Sandy Clay,Coastal Andhra,642.0,1,60.5,2.81,7.8,3122,5.7,48.2,Medium,0
Parvathipuram Manyam,BW-PAR-00153,279.7,27.9,0.8,8.6,Sandy Loam,Coastal Andhra,695.1,1,44.2,1.49,5.0,3129,0.3,18.4,Low,0
Parvathipuram Manyam,BW-PAR-00154,297.8,25.8,9.1,5.2,Sandy Clay,Coastal Andhra,488.3,1,64.9,3.63,4.8,2465,4.6,68.1,High,0
Vizianagaram,BW-VIZ-00155,291.0,20.3,19.7,6.0,Sandy Clay,Coastal Andhra,540.7,1,69.5,9.27,4.0,2829,19.3,100.0,High,1
Vizianagaram,BW-VIZ-00156,191.4,32.8,1.8,7.3,Sandy Clay,Coastal Andhra,461.6,2,51.1,3.85,8.6,2149,3.1,43.3,Medium,0
Vizianagaram,BW-VIZ-00157,286.1,15.9,1.9,12.1,Sandy Clay,Coastal Andhra,475.9,2,57.0,2.0,3.1,2707,1.5,40.6,Medium,0
Vizianagaram,BW-VIZ-00158,163.6,36.3,0.5,8.1,Sandy Clay,Coastal Andhra,503.2,3,54.1,0.1,10.3,2365,0.8,31.3,Low,0
Vizianagaram,BW-VIZ-00159,305.0,12.5,5.0,12.7,Sandy Clay,Coastal Andhra,350.0,0,64.8,2.3,10.4,2462,5.0,74.3,High,1
Vizianagaram,BW-VIZ-00160,226.2,20.0,6.5,6.1,Sandy Clay,Coastal Andhra,422.1,3,65.5,2.6,13.3,2078,5.8,68.1,High,0
Vizianagaram,BW-VIZ-00161,131.2,23.4,2.7,10.2,Sandy Clay,Coastal Andhra,316.8,2,57.6,1.52,8.1,2081,0.3,51.5,Medium,0
Vizianagaram,BW-VIZ-00162,292.4,33.1,2.0,7.1,Sandy Clay,Coastal Andhra,325.9,4,49.3,2.22,8.0,2788,3.6,30.0,Low,0
Vizianagaram,BW-VIZ-00163,334.1,20.2,3.2,9.2,Sandy Loam,Coastal Andhra,300,3,55.1,2.13,9.3,2644,4.1,40.4,Medium,1
Vizianagaram,BW-VIZ-00164,75.6,25.6,0.3,4.7,Sandy Clay,Coastal Andhra,581.5,1,52.1,1.54,3.4,2231,0,22.1,Low,0
Vizianagaram,BW-VIZ-00165,329.2,27.0,1.2,7.2,Sandy Clay,Coastal Andhra,510.2,5,49.0,2.1,4.8,2813,2.8,32.5,Low,0
Vizianagaram,BW-VIZ-00166,328.8,7.4,7.5,8.8,Sandy Loam,Coastal Andhra,629.8,2,65.1,3.47,12.0,3168,6.7,77.8,High,0
Vizianagaram,BW-VIZ-00167,221.3,26.8,1.3,4.3,Sandy Loam,Coastal Andhra,369.0,6,54.1,2.17,6.5,2487,0,25.6,Low,0
Vizianagaram,BW-VIZ-00168,310.6,19.6,1.6,9.7,Sandy Clay,Coastal Andhra,718.3,2,54.6,2.01,8.2,2949,3.4,48.3,Medium,0
Vizianagaram,BW-VIZ-00169,188.6,16.3,2.1,10.4,Sandy Clay,Coastal Andhra,645.4,2,55.3,1.96,9.0,2295,2.9,45.6,Medium,1
Vizianagaram,BW-VIZ-00170,143.8,30.1,2.4,12.6,Sandy Loam,Coastal Andhra,415.6,0,66.7,1.05,11.7,2472,1.1,62.3,Medium,1
Vizianagaram,BW-VIZ-00171,316.6,21.4,6.7,9.6,Sandy Clay,Coastal Andhra,384.3,2,59.8,3.06,4.2,2613,4.3,52.6,Medium,1
Vizianagaram,BW-VIZ-00172,227.0,32.2,7.3,5.2,Sandy Loam,Coastal Andhra,490.0,1,51.9,2.18,2.2,2718,3.6,45.5,Medium,0
Vizianagaram,BW-VIZ-00173,286.2,19.4,0.6,12.0,Sandy Loam,Coastal Andhra,642.8,2,51.3,2.47,12.1,3013,3.9,36.8,Medium,0
Vizianagaram,BW-VIZ-00174,305.2,24.5,1.4,10.2,Sandy Clay,Coastal Andhra,316.3,2,58.7,1.76,10.1,2877,4.7,46.4,Medium,1
Vizianagaram,BW-VIZ-00175,250.5,13.2,8.3,10.5,Sandy Clay,Coastal Andhra,710.0,1,59.0,4.56,13.5,2738,8.0,83.0,High,1
Vizianagaram,BW-VIZ-00176,324.1,23.0,0.1,5.9,Sandy Clay,Coastal Andhra,491.9,1,53.4,2.51,5.1,2511,0,33.1,Low,0
Vizianagaram,BW-VIZ-00177,314.1,23.4,10.4,10.2,Sandy Loam,Coastal Andhra,604.3,1,62.0,4.7,11.5,2978,10.6,89.2,High,1
Vizianagaram,BW-VIZ-00178,282.0,6.4,2.8,10.2,Sandy Loam,Coastal Andhra,427.3,3,67.6,1.27,14.9,2518,3.4,60.0,Medium,1
Vizianagaram,BW-VIZ-00179,265.0,14.6,4.1,12.3,Sandy Loam,Coastal Andhra,565.1,2,58.1,2.5,3.8,2560,3.1,50.2,Medium,1
Vizianagaram,BW-VIZ-00180,187.1,11.4,4.3,9.6,Sandy Loam,Coastal Andhra,362.5,3,58.5,2.08,2.5,2935,0.0,25.5,Low,0
Vizianagaram,BW-VIZ-00181,244.8,23.1,6.8,8.5,Sandy Loam,Coastal Andhra,381.5,3,56.1,4.15,10.1,2630,7.1,69.5,High,1
Vizianagaram,BW-VIZ-00182,151.2,14.4,0.7,3.4,Sandy Clay,Coastal Andhra,334.7,2,54.0,3.35,5.7,2109,0.9,21.6,Low,0
Vizianagaram,BW-VIZ-00183,373.8,28.8,1.1,8.0,Sandy Clay,Coastal Andhra,388.9,3,50.8,0.87,9.0,2286,0,28.2,Low,0
Vizianagaram,BW-VIZ-00184,285.0,19.1,4.3,7.8,Sandy Clay,Coastal Andhra,814.5,1,60.8,3.44,3.6,3039,3.7,63.2,Medium,0
Vizianagaram,BW-VIZ-00185,303.5,23.0,4.0,6.1,Sandy Loam,Coastal Andhra,404.0,1,60.3,2.16,7.7,2601,6.2,55.4,Medium,1
Vizianagaram,BW-VIZ-00186,352.6,17.9,4.7,8.6,Sandy Loam,Coastal Andhra,370.7,2,51.5,1.05,5.2,2547,3.5,34.7,Low,0
Vizianagaram,BW-VIZ-00187,392.0,27.3,7.4,14.3,Sandy Clay,Coastal Andhra,571.9,0,61.6,3.63,10.7,2873,7.0,91.2,High,1
Vizianagaram,BW-VIZ-00188,332.3,26.1,4.4,5.4,Sandy Clay,Coastal Andhra,518.1,2,56.6,2.84,7.5,2859,5.2,55.9,Medium,0
Vizianagaram,BW-VIZ-00189,356.4,21.6,6.0,4.3,Sandy Clay,Coastal Andhra,369.2,2,53.5,1.67,4.9,2595,5.8,46.9,Medium,1
Vizianagaram,BW-VIZ-00190,228.8,21.9,2.9,11.1,Sandy Clay,Coastal Andhra,520.6,3,53.6,1.22,10.2,2890,3.9,36.0,Medium,0
Vizianagaram,BW-VIZ-00191,313.5,7.9,6.5,9.9,Sandy Loam,Coastal Andhra,386.1,2,60.4,3.32,13.7,2545,7.6,72.9,High,1
Vizianagaram,BW-VIZ-00192,247.2,20.9,2.3,7.1,Sandy Clay,Coastal Andhra,590.8,4,51.4,1.69,10.4,2758,3.6,34.1,Low,0
Vizianagaram,BW-VIZ-00193,313.3,5.6,6.4,12.0,Sandy Loam,Coastal Andhra,546.4,1,71.0,4.38,12.4,2855,7.6,92.9,High,1
Vizianagaram,BW-VIZ-00194,240.0,34.3,3.0,3.8,Sandy Clay,Coastal Andhra,634.2,4,56.8,3.75,10.2,2745,4.0,41.6,Medium,0
Vizianagaram,BW-VIZ-00195,395.0,11.6,17.1,4.2,Sandy Loam,Coastal Andhra,548.5,3,59.6,7.36,3.9,2645,17.1,100.0,High,1
Vizianagaram,BW-VIZ-00196,298.2,17.4,0.1,12.0,Sandy Loam,Coastal Andhra,367.6,5,48.4,1.67,6.7,2647,1.1,29.5,Low,0
Vizianagaram,BW-VIZ-00197,252.8,16.4,0.2,7.6,Sandy Clay,Coastal Andhra,575.5,4,55.2,0.42,4.8,2847,0,24.7,Low,0
Vizianagaram,BW-VIZ-00198,268.8,29.7,0.4,7.4,Sandy Clay,Coastal Andhra,420.0,4,50.1,0.4,7.3,2088,0,18.1,Low,0
Vizianagaram,BW-VIZ-00199,246.3,18.1,21.7,6.6,Sandy Loam,Coastal Andhra,441.5,2,68.1,6.96,6.6,2522,18.3,100.0,High,1
Vizianagaram,BW-VIZ-00200,297.0,17.1,2.5,5.5,Sandy Clay,Coastal Andhra,522.1,3,59.5,0.86,18.8,2698,2.4,36.3,Medium,1
Vizianagaram,BW-VIZ-00201,219.6,5.0,10.4,6.1,Sandy Clay,Coastal Andhra,557.8,3,63.4,2.69,9.5,2707,10.2,74.2,High,1
Vizianagaram,BW-VIZ-00202,277.0,33.7,4.1,7.8,Sandy Clay,Coastal Andhra,436.9,2,51.4,3.03,0.1,2687,6.6,34.8,Low,0
Vizianagaram,BW-VIZ-00203,273.5,37.9,1.6,10.6,Sandy Clay,Coastal Andhra,345.0,1,52.8,0.68,9.2,2655,0,36.3,Medium,0
Vizianagaram,BW-VIZ-00204,281.1,11.3,2.8,11.6,Sandy Clay,Coastal Andhra,641.6,0,55.9,2.35,8.8,2509,1.7,57.4,Medium,1
Vizianagaram,BW-VIZ-00205,315.7,17.2,1.8,11.7,Sandy Clay,Coastal Andhra,300,1,55.8,0.83,5.7,2267,2.9,38.7,Medium,1
Vizianagaram,BW-VIZ-00206,349.7,19.6,3.8,9.4,Sandy Loam,Coastal Andhra,640.6,2,54.3,1.1,6.5,3537,2.6,40.9,Medium,0
Vizianagaram,BW-VIZ-00207,627.5,24.2,0.3,6.5,Sandy Loam,Coastal Andhra,494.5,2,49.4,1.44,6.3,2228,0.4,27.6,Low,0
Vizianagaram,BW-VIZ-00208,236.0,29.9,3.0,9.1,Sandy Loam,Coastal Andhra,589.1,2,54.0,1.77,8.5,3202,1.9,42.0,Medium,1
Vizianagaram,BW-VIZ-00209,262.8,18.6,19.5,8.6,Sandy Clay,Coastal Andhra,604.3,2,66.6,8.88,6.2,3051,20.5,100.0,High,0
Vizianagaram,BW-VIZ-00210,146.3,11.4,0.5,6.8,Sandy Loam,Coastal Andhra,576.9,3,53.7,0.1,7.2,2813,0,5.2,Low,0
Vizianagaram,BW-VIZ-00211,253.2,36.7,8.3,12.6,Sandy Clay,Coastal Andhra,386.1,3,69.8,3.76,15.0,2899,9.2,81.6,High,1
Vizianagaram,BW-VIZ-00212,221.7,16.1,2.5,7.2,Sandy Clay,Coastal Andhra,527.5,0,57.3,0.26,14.9,2968,4.9,46.0,Medium,0
Vizianagaram,BW-VIZ-00213,286.9,27.4,2.5,11.8,Sandy Loam,Coastal Andhra,556.0,5,59.0,1.13,10.0,2414,4.2,45.2,Medium,0
Vizianagaram,BW-VIZ-00214,336.4,32.2,0.2,14.2,Sandy Clay,Coastal Andhra,530.9,0,56.2,0.99,3.0,2116,1.0,37.7,Medium,1
Vizianagaram,BW-VIZ-00215,244.0,21.1,3.7,4.0,Sandy Loam,Coastal Andhra,551.5,2,46.0,2.08,9.7,3084,4.8,33.0,Low,0
Vizianagaram,BW-VIZ-00216,58.0,8.0,11.0,4.1,Sandy Loam,Coastal Andhra,549.3,3,61.6,6.7,7.3,2768,9.9,74.6,High,1
Vizianagaram,BW-VIZ-00217,185.3,23.7,21.3,9.5,Sandy Loam,Coastal Andhra,384.5,0,75.2,8.95,7.2,2420,24.7,100.0,High,1
Vizianagaram,BW-VIZ-00218,357.9,5.0,10.8,11.6,Sandy Loam,Coastal Andhra,465.4,1,70.6,4.01,4.9,2551,11.7,93.0,High,1
Vizianagaram,BW-VIZ-00219,235.6,17.1,10.5,6.4,Sandy Loam,Coastal Andhra,501.7,2,60.4,4.4,1.7,3121,10.3,77.0,High,1
Vizianagaram,BW-VIZ-00220,418.6,21.7,6.8,6.5,Sandy Loam,Coastal Andhra,518.2,1,59.3,4.87,13.0,2929,10.1,77.2,High,1
Vizianagaram,BW-VIZ-00221,379.4,19.7,4.3,2.7,Sandy Clay,Coastal Andhra,680.9,1,57.8,1.46,5.2,3250,5.6,42.2,Medium,1
Vizianagaram,BW-VIZ-00222,379.7,33.3,7.0,4.5,Sandy Clay,Coastal Andhra,300,1,57.9,3.2,13.0,2949,7.9,66.0,High,0
Vizianagaram,BW-VIZ-00223,200.5,18.6,0.6,9.0,Sandy Loam,Coastal Andhra,455.2,1,51.0,1.04,6.0,2694,0,27.5,Low,0
Vizianagaram,BW-VIZ-00224,233.7,20.7,0.1,11.0,Sandy Clay,Coastal Andhra,300,0,57.5,1.47,14.0,2823,0,45.3,Medium,1
Vizianagaram,BW-VIZ-00225,338.4,18.2,4.8,6.2,Sandy Clay,Coastal Andhra,486.7,3,58.2,2.29,4.4,1823,4.6,40.0,Medium,0
Vizianagaram,BW-VIZ-00226,75.5,25.5,1.1,8.9,Sandy Clay,Coastal Andhra,444.9,1,48.8,0.1,5.2,2522,3.8,31.1,Low,1
Vizianagaram,BW-VIZ-00227,205.3,32.7,1.3,10.3,Sandy Loam,Coastal Andhra,324.0,3,58.7,1.84,6.0,2815,0,37.5,Medium,0
Vizianagaram,BW-VIZ-00228,211.3,24.0,2.7,10.7,Sandy Clay,Coastal Andhra,572.6,0,63.1,1.93,12.5,2662,0.3,51.6,Medium,0
Vizianagaram,BW-VIZ-00229,88.6,7.8,2.4,8.6,Sandy Clay,Coastal Andhra,526.7,2,53.8,1.39,13.1,2526,4.7,49.3,Medium,0
Vizianagaram,BW-VIZ-00230,347.0,16.5,6.8,12.6,Sandy Loam,Coastal Andhra,411.8,3,58.8,4.47,10.9,3051,10.1,75.9,High,1
Vizianagaram,BW-VIZ-00231,308.0,28.7,0.3,11.7,Sandy Clay,Coastal Andhra,371.5,3,53.4,1.26,15.6,2873,0,30.9,Low,0
Visakhapatnam,BW-VIS-00232,476.5,50.9,4.2,11.2,Sandy Clay,Coastal Andhra,380.3,2,67.9,2.38,12.1,2545,0.9,64.3,Medium,0
Visakhapatnam,BW-VIS-00233,304.2,40.9,2.1,4.6,Sandy Clay,Coastal Andhra,391.4,2,57.4,3.81,12.7,2287,3.4,48.8,Medium,1
Visakhapatnam,BW-VIS-00234,307.7,31.8,3.1,10.2,Sandy Clay,Coastal Andhra,344.3,0,56.0,1.96,5.0,2722,4.9,67.0,High,1
Visakhapatnam,BW-VIS-00235,349.6,20.7,5.6,6.2,Sandy Clay,Coastal Andhra,424.7,0,62.2,0.19,6.8,3021,2.8,54.8,Medium,1
Visakhapatnam,BW-VIS-00236,134.5,31.4,6.7,11.4,Sandy Clay,Coastal Andhra,390.0,0,68.5,3.82,9.3,2889,4.4,86.2,High,0
Visakhapatnam,BW-VIS-00237,302.0,52.0,5.8,2.8,Sandy Clay,Coastal Andhra,493.5,2,58.0,5.26,4.1,2658,4.9,50.4,Medium,0
Visakhapatnam,BW-VIS-00238,178.9,43.2,10.3,6.2,Sandy Loam,Coastal Andhra,600.4,2,63.0,5.89,9.0,2470,10.3,91.5,High,1
Visakhapatnam,BW-VIS-00239,263.6,27.0,7.3,10.4,Sandy Clay,Coastal Andhra,455.1,1,63.8,4.16,7.4,3010,3.2,65.6,High,1
Visakhapatnam,BW-VIS-00240,428.8,35.7,3.2,5.1,Sandy Clay,Coastal Andhra,509.4,2,52.8,1.18,0.0,2315,3.6,20.2,Low,0
Visakhapatnam,BW-VIS-00241,372.6,36.2,2.9,13.9,Sandy Clay,Coastal Andhra,548.1,1,59.0,0.68,8.5,3125,1.5,60.0,Medium,1
Visakhapatnam,BW-VIS-00242,248.7,31.3,3.0,5.8,Sandy Clay,Coastal Andhra,759.8,1,57.2,3.18,12.8,3206,4.0,53.2,Medium,0
Visakhapatnam,BW-VIS-00243,217.7,38.9,14.3,5.6,Sandy Loam,Coastal Andhra,736.7,1,64.3,7.17,2.5,3514,11.1,93.3,High,1
Visakhapatnam,BW-VIS-00244,363.2,32.3,17.0,1.0,Sandy Loam,Coastal Andhra,419.0,5,71.4,6.21,6.4,2433,17.9,100.0,High,1
Visakhapatnam,BW-VIS-00245,358.7,36.1,1.5,7.8,Sandy Loam,Coastal Andhra,652.3,4,59.6,1.98,8.9,2317,0.3,46.2,Medium,0
Visakhapatnam,BW-VIS-00246,386.1,56.1,1.5,13.8,Sandy Clay,Coastal Andhra,668.0,1,52.5,1.88,10.2,2548,3.7,52.3,Medium,0
Visakhapatnam,BW-VIS-00247,247.6,34.8,1.4,7.6,Sandy Loam,Coastal Andhra,630.7,2,53.5,0.21,6.5,3269,0.3,37.3,Medium,0
Visakhapatnam,BW-VIS-00248,298.5,42.3,0.3,4.0,Sandy Clay,Coastal Andhra,445.5,1,50.1,1.06,7.1,2605,0.7,21.6,Low,0
Visakhapatnam,BW-VIS-00249,302.3,40.5,0.9,1.7,Sandy Loam,Coastal Andhra,366.4,0,42.3,1.19,15.1,2565,2.9,36.3,Medium,0
Visakhapatnam,BW-VIS-00250,136.7,30.5,1.6,11.1,Sandy Loam,Coastal Andhra,392.3,3,56.2,1.33,2.8,2433,2.8,35.5,Medium,0
Visakhapatnam,BW-VIS-00251,285.0,40.5,1.2,11.2,Sandy Clay,Coastal Andhra,404.5,4,61.8,0.1,9.7,2713,0.0,24.8,Low,0
Visakhapatnam,BW-VIS-00252,216.6,41.1,3.0,4.5,Sandy Loam,Coastal Andhra,679.7,3,56.1,0.69,15.4,3409,1.8,46.6,Medium,1
Visakhapatnam,BW-VIS-00253,241.4,47.6,5.0,4.8,Sandy Loam,Coastal Andhra,452.2,4,61.9,1.46,5.6,2025,6.8,47.6,Medium,1
Visakhapatnam,BW-VIS-00254,270.3,23.2,8.0,6.9,Sandy Loam,Coastal Andhra,527.9,2,49.6,5.0,5.0,3000,8.1,58.7,Medium,1
Visakhapatnam,BW-VIS-00255,312.1,45.4,5.5,11.9,Sandy Clay,Coastal Andhra,400.2,3,56.0,1.8,5.4,3181,4.9,54.9,Medium,0
Visakhapatnam,BW-VIS-00256,300.1,32.1,0.6,4.1,Sandy Clay,Coastal Andhra,648.8,1,54.8,1.82,6.4,3474,0.7,25.5,Low,0
Visakhapatnam,BW-VIS-00257,309.7,41.8,34.8,11.0,Sandy Loam,Coastal Andhra,540.3,1,82.5,12.27,7.1,3282,32.9,100.0,High,1
Visakhapatnam,BW-VIS-00258,365.0,44.3,2.2,6.8,Sandy Clay,Coastal Andhra,381.7,5,58.6,2.44,6.9,2121,0,38.1,Medium,0
Visakhapatnam,BW-VIS-00259,122.3,32.4,6.2,10.3,Sandy Clay,Coastal Andhra,571.6,1,58.0,3.74,5.5,2846,4.5,64.0,Medium,0
Visakhapatnam,BW-VIS-00260,171.7,25.9,0.4,7.9,Sandy Clay,Coastal Andhra,531.0,1,56.8,0.67,8.9,2830,0,38.8,Medium,1
Visakhapatnam,BW-VIS-00261,303.3,40.6,6.9,1.7,Sandy Loam,Coastal Andhra,618.8,2,53.9,3.76,5.5,3094,6.9,55.0,Medium,0
Visakhapatnam,BW-VIS-00262,317.3,36.8,11.7,5.8,Sandy Clay,Coastal Andhra,492.2,2,62.6,5.02,8.3,3001,12.5,85.3,High,1
Visakhapatnam,BW-VIS-00263,260.6,40.6,4.8,5.4,Sandy Loam,Coastal Andhra,564.0,3,62.0,3.86,11.4,2951,6.0,57.4,Medium,0
Visakhapatnam,BW-VIS-00264,202.6,36.2,13.0,12.4,Sandy Clay,Coastal Andhra,483.2,1,65.7,7.11,9.2,2765,15.1,100.0,High,1
Visakhapatnam,BW-VIS-00265,164.2,27.0,4.4,7.5,Sandy Clay,Coastal Andhra,525.8,2,49.6,4.49,5.8,3119,6.4,47.3,Medium,1
Visakhapatnam,BW-VIS-00266,388.2,41.9,3.3,7.1,Sandy Loam,Coastal Andhra,595.2,2,53.4,1.67,7.5,2599,0,29.6,Low,0
Visakhapatnam,BW-VIS-00267,352.9,41.8,1.1,8.5,Sandy Loam,Coastal Andhra,300,1,60.3,0.1,8.7,2299,1.7,43.7,Medium,1
Visakhapatnam,BW-VIS-00268,246.2,37.1,9.7,2.1,Sandy Clay,Coastal Andhra,474.5,4,60.5,4.55,14.0,2703,8.3,63.3,Medium,0
Visakhapatnam,BW-VIS-00269,397.4,30.1,0.0,6.4,Sandy Loam,Coastal Andhra,372.3,3,51.7,0.1,4.8,2370,0,7.2,Low,0
Visakhapatnam,BW-VIS-00270,263.6,21.3,0.7,4.8,Sandy Loam,Coastal Andhra,453.8,1,48.6,1.49,9.2,2805,0,26.3,Low,0
Visakhapatnam,BW-VIS-00271,255.5,42.6,1.1,8.2,Sandy Clay,Coastal Andhra,380.8,4,46.9,0.1,3.9,2172,4.2,20.8,Low,0
Visakhapatnam,BW-VIS-00272,203.0,33.8,4.2,10.4,Sandy Loam,Coastal Andhra,397.2,1,53.3,0.81,8.4,2461,5.5,49.3,Medium,1
Visakhapatnam,BW-VIS-00273,280.3,42.4,0.9,8.8,Sandy Clay,Coastal Andhra,358.9,3,59.8,1.72,10.0,2459,0.1,35.2,Medium,0
Visakhapatnam,BW-VIS-00274,395.5,26.7,1.0,9.1,Sandy Clay,Coastal Andhra,426.3,1,57.4,0.23,5.2,3104,3.5,42.3,Medium,0
Visakhapatnam,BW-VIS-00275,332.1,34.0,3.8,9.5,Sandy Loam,Coastal Andhra,460.6,0,54.2,3.38,11.2,2669,2.8,57.4,Medium,1
Visakhapatnam,BW-VIS-00276,264.6,32.1,1.0,7.2,Sandy Clay,Coastal Andhra,372.6,1,55.2,1.04,7.8,2760,0,31.4,Low,0
Visakhapatnam,BW-VIS-00277,378.7,39.0,4.6,6.7,Sandy Clay,Coastal Andhra,411.3,2,62.1,2.76,12.8,2112,3.7,58.3,Medium,0
Visakhapatnam,BW-VIS-00278,357.6,36.8,2.5,9.6,Sandy Clay,Coastal Andhra,583.1,3,53.9,0.1,10.3,2598,2.4,39.4,Medium,0
Visakhapatnam,BW-VIS-00279,340.6,39.2,8.1,9.1,Sandy Loam,Coastal Andhra,700.3,1,65.9,3.6,4.2,3200,9.0,69.3,High,1
Visakhapatnam,BW-VIS-00280,436.2,40.3,1.4,5.5,Sandy Loam,Coastal Andhra,489.5,1,57.4,1.63,10.2,3187,3.4,46.3,Medium,1
Visakhapatnam,BW-VIS-00281,266.5,29.6,1.4,9.4,Sandy Clay,Coastal Andhra,580.6,1,61.1,2.44,14.1,2754,3.3,60.0,Medium,1
Visakhapatnam,BW-VIS-00282,301.0,33.4,13.7,5.7,Sandy Loam,Coastal Andhra,450.5,3,67.6,6.15,11.7,2536,13.0,91.0,High,1
Visakhapatnam,BW-VIS-00283,455.9,40.4,6.1,6.2,Sandy Clay,Coastal Andhra,575.6,0,56.1,3.9,0.5,2876,4.9,56.6,Medium,0
Visakhapatnam,BW-VIS-00284,357.5,38.3,1.8,5.9,Sandy Loam,Coastal Andhra,675.0,3,51.3,1.68,2.0,2403,1.1,23.8,Low,0
Visakhapatnam,BW-VIS-00285,446.5,48.8,4.0,9.1,Sandy Loam,Coastal Andhra,437.4,1,57.6,1.17,10.0,2335,0,58.6,Medium,1
Visakhapatnam,BW-VIS-00286,339.7,22.1,16.2,10.5,Sandy Loam,Coastal Andhra,300,2,75.1,7.03,6.7,2275,16.2,100.0,High,0
Visakhapatnam,BW-VIS-00287,341.0,57.1,1.6,6.1,Sandy Clay,Coastal Andhra,414.2,0,58.6,1.43,5.6,2556,0,39.4,Medium,1
Visakhapatnam,BW-VIS-00288,235.2,37.3,11.1,3.3,Sandy Clay,Coastal Andhra,760.4,0,50.5,5.57,2.3,2653,10.1,70.4,High,1
Visakhapatnam,BW-VIS-00289,260.3,39.7,20.3,10.4,Sandy Loam,Coastal Andhra,694.5,2,68.7,7.27,7.5,3059,23.5,100.0,High,1
Visakhapatnam,BW-VIS-00290,302.0,25.0,2.5,11.4,Sandy Loam,Coastal Andhra,664.4,1,55.6,1.37,1.5,2854,2.9,44.3,Medium,1
Visakhapatnam,BW-VIS-00291,340.0,49.6,3.1,10.5,Sandy Clay,Coastal Andhra,381.0,2,57.0,2.45,5.5,2159,3.8,53.2,Medium,1
Visakhapatnam,BW-VIS-00292,432.4,36.6,1.5,8.3,Sandy Clay,Coastal Andhra,465.2,2,52.3,2.91,6.6,2513,0.6,36.5,Medium,1
Visakhapatnam,BW-VIS-00293,278.2,48.4,13.0,5.4,Sandy Loam,Coastal Andhra,520.0,3,66.1,5.4,9.7,2357,13.2,85.0,High,1
Visakhapatnam,BW-VIS-00294,239.6,42.7,8.0,6.1,Sandy Clay,Coastal Andhra,645.5,1,62.5,3.58,6.0,2545,7.7,65.0,High,0
Visakhapatnam,BW-VIS-00295,162.7,50.4,3.5,10.2,Sandy Loam,Coastal Andhra,470.9,0,52.6,1.02,0.4,2403,1.8,40.0,Medium,0
Visakhapatnam,BW-VIS-00296,391.4,51.4,3.3,13.0,Sandy Clay,Coastal Andhra,628.4,1,60.6,1.62,13.1,2692,1.8,62.5,Medium,0
Visakhapatnam,BW-VIS-00297,333.5,40.0,5.2,8.9,Sandy Loam,Coastal Andhra,408.1,2,49.4,4.22,7.9,2492,6.0,55.1,Medium,0
Visakhapatnam,BW-VIS-00298,290.3,32.7,21.4,8.3,Sandy Loam,Coastal Andhra,464.3,2,76.0,7.41,7.0,2170,17.7,100.0,High,1
Visakhapatnam,BW-VIS-00299,275.9,41.6,2.5,8.9,Sandy Clay,Coastal Andhra,383.3,2,57.0,0.77,11.9,2149,2.5,54.2,Medium,1
Visakhapatnam,BW-VIS-00300,314.8,41.1,3.4,15.9,Sandy Clay,Coastal Andhra,581.3,3,61.1,2.41,8.7,2179,0,49.8,Medium,0
Visakhapatnam,BW-VIS-00301,191.8,39.9,2.0,3.3,Sandy Clay,Coastal Andhra,404.7,1,51.4,0.39,8.6,2053,0.6,30.4,Low,0
Visakhapatnam,BW-VIS-00302,237.5,35.9,20.4,9.3,Sandy Clay,Coastal Andhra,505.5,2,80.4,7.63,10.2,2754,20.1,100.0,High,1
Visakhapatnam,BW-VIS-00303,248.3,28.5,22.8,11.5,Sandy Clay,Coastal Andhra,518.0,2,83.8,8.37,15.7,2570,22.8,100.0,High,1
Visakhapatnam,BW-VIS-00304,268.2,49.4,4.0,12.1,Sandy Loam,Coastal Andhra,503.0,2,57.2,4.67,1.8,2762,4.7,55.2,Medium,0
Visakhapatnam,BW-VIS-00305,314.3,46.4,5.2,12.3,Sandy Clay,Coastal Andhra,300,0,57.3,3.2,4.4,2236,3.5,56.6,Medium,0
Visakhapatnam,BW-VIS-00306,331.9,37.4,2.3,8.8,Sandy Loam,Coastal Andhra,484.1,2,49.3,1.12,5.9,2028,6.2,35.8,Medium,1
Visakhapatnam,BW-VIS-00307,86.2,27.4,5.2,10.9,Sandy Clay,Coastal Andhra,445.1,1,65.7,3.66,8.7,2787,7.5,72.3,High,1
Visakhapatnam,BW-VIS-00308,395.3,36.8,1.5,3.4,Sandy Clay,Coastal Andhra,381.8,1,48.6,0.4,4.8,2263,3.9,30.2,Low,0
Anakapalli,BW-ANA-00309,271.5,27.5,18.6,10.2,Sandy Loam,Coastal Andhra,363.5,0,75.8,7.41,4.4,2599,17.3,100.0,High,1
Anakapalli,BW-ANA-00310,367.7,16.2,0.4,5.3,Sandy Loam,Coastal Andhra,444.1,3,52.6,2.2,0.8,2992,0,25.7,Low,0
Anakapalli,BW-ANA-00311,220.9,29.0,5.0,2.7,Sandy Clay,Coastal Andhra,538.9,3,50.1,2.63,17.1,2709,4.6,39.0,Medium,0
Anakapalli,BW-ANA-00312,122.6,23.2,0.9,9.0,Sandy Loam,Coastal Andhra,624.2,3,62.6,2.21,9.8,3305,0,28.3,Low,1
Anakapalli,BW-ANA-00313,289.9,19.8,3.4,2.6,Sandy Clay,Coastal Andhra,619.3,0,44.4,4.31,10.6,2885,4.2,43.0,Medium,0
Anakapalli,BW-ANA-00314,378.3,28.6,0.5,6.8,Sandy Clay,Coastal Andhra,517.5,1,55.7,1.94,10.3,2785,0,36.8,Medium,0
Anakapalli,BW-ANA-00315,374.0,14.0,36.4,5.1,Sandy Clay,Coastal Andhra,629.6,1,87.5,14.63,11.8,2558,34.6,100.0,High,1
Anakapalli,BW-ANA-00316,264.4,20.9,2.7,10.6,Sandy Loam,Coastal Andhra,373.0,1,54.6,2.66,0.0,2674,3.8,33.0,Low,1
Anakapalli,BW-ANA-00317,295.4,24.7,3.9,4.7,Sandy Loam,Coastal Andhra,408.6,2,52.6,2.74,6.5,2913,6.6,45.0,Medium,0
Anakapalli,BW-ANA-00318,60.9,10.9,0.5,9.6,Sandy Clay,Coastal Andhra,537.3,1,51.0,2.55,1.7,2936,2.5,23.3,Low,1
Anakapalli,BW-ANA-00319,413.7,29.0,1.2,6.5,Sandy Clay,Coastal Andhra,638.0,0,58.7,1.61,9.2,2436,0.2,38.8,Medium,0
Anakapalli,BW-ANA-00320,407.0,31.2,5.2,11.5,Sandy Clay,Coastal Andhra,602.0,1,60.9,3.38,9.7,2845,6.9,76.8,High,1
Anakapalli,BW-ANA-00321,369.0,30.9,10.8,10.3,Sandy Clay,Coastal Andhra,356.7,3,61.2,5.24,9.1,2543,9.9,73.2,High,0
Anakapalli,BW-ANA-00322,237.9,21.5,8.5,8.0,Sandy Loam,Coastal Andhra,429.3,1,63.4,5.83,6.2,2397,10.3,88.6,High,1
Anakapalli,BW-ANA-00323,273.0,27.0,2.1,3.9,Sandy Clay,Coastal Andhra,559.7,2,53.1,0.8,6.8,2712,0.2,29.1,Low,0
Anakapalli,BW-ANA-00324,360.9,15.7,1.3,7.2,Sandy Clay,Coastal Andhra,663.0,1,48.6,1.89,6.6,3247,0.2,24.5,Low,0
Anakapalli,BW-ANA-00325,387.6,34.6,5.9,7.7,Sandy Loam,Coastal Andhra,630.9,3,55.7,4.05,12.8,2706,7.8,62.4,Medium,0
Anakapalli,BW-ANA-00326,342.4,23.4,6.0,2.2,Sandy Loam,Coastal Andhra,544.4,4,55.4,2.7,10.3,2848,2.6,41.6,Medium,0
Anakapalli,BW-ANA-00327,346.1,17.5,7.6,7.1,Sandy Clay,Coastal Andhra,435.5,1,56.1,5.36,10.6,2387,7.4,74.3,High,1
Anakapalli,BW-ANA-00328,312.3,23.2,10.3,4.3,Sandy Loam,Coastal Andhra,439.2,4,57.6,4.28,4.6,2507,12.0,71.6,High,1
Anakapalli,BW-ANA-00329,429.6,15.8,1.1,7.5,Sandy Clay,Coastal Andhra,525.1,0,52.1,2.1,4.1,2676,0.4,42.2,Medium,0
Anakapalli,BW-ANA-00330,318.3,19.0,2.7,8.6,Sandy Clay,Coastal Andhra,466.7,3,59.6,3.14,13.2,2611,1.5,53.7,Medium,0
Anakapalli,BW-ANA-00331,430.7,15.9,0.9,9.5,Sandy Loam,Coastal Andhra,349.6,2,53.7,2.28,8.1,2423,0.2,37.7,Medium,1
Anakapalli,BW-ANA-00332,247.8,25.6,3.6,8.0,Sandy Clay,Coastal Andhra,393.5,2,58.9,3.47,11.1,2398,3.1,51.1,Medium,0
Anakapalli,BW-ANA-00333,380.8,22.7,1.8,10.5,Sandy Loam,Coastal Andhra,324.2,2,58.2,1.89,13.3,3382,2.6,46.7,Medium,0
Anakapalli,BW-ANA-00334,398.4,23.4,7.6,15.9,Sandy Clay,Coastal Andhra,533.8,1,65.8,3.48,7.3,3382,7.1,84.5,High,1
Anakapalli,BW-ANA-00335,188.0,22.7,0.6,14.3,Sandy Clay,Coastal Andhra,586.2,2,54.5,2.82,7.4,2504,0,41.7,Medium,0
Anakapalli,BW-ANA-00336,351.5,15.3,5.3,4.8,Sandy Loam,Coastal Andhra,603.4,3,55.3,2.38,9.0,3238,6.3,42.1,Medium,0
Anakapalli,BW-ANA-00337,202.9,19.8,2.0,6.6,Sandy Loam,Coastal Andhra,347.4,0,50.8,1.77,3.0,2709,0,31.1,Low,0
Anakapalli,BW-ANA-00338,234.0,26.2,2.2,6.1,Sandy Loam,Coastal Andhra,488.9,3,58.3,2.58,14.2,2842,4.8,45.2,Medium,0
Anakapalli,BW-ANA-00339,272.4,25.8,0.3,4.5,Sandy Clay,Coastal Andhra,586.7,2,55.4,1.65,8.4,2760,0.6,28.8,Low,0
Anakapalli,BW-ANA-00340,268.7,18.9,6.9,8.1,Sandy Clay,Coastal Andhra,374.5,1,61.2,4.69,9.9,2366,10.1,78.2,High,1
Anakapalli,BW-ANA-00341,225.1,31.3,10.2,9.2,Sandy Clay,Coastal Andhra,739.9,2,65.5,3.74,16.1,3033,10.2,87.8,High,1
Anakapalli,BW-ANA-00342,297.5,20.9,5.9,6.2,Sandy Clay,Coastal Andhra,580.6,2,53.9,3.55,9.5,2407,8.3,56.4,Medium,0
Anakapalli,BW-ANA-00343,295.9,22.0,4.2,8.1,Sandy Loam,Coastal Andhra,368.6,3,54.8,2.89,0.0,2082,5.5,33.3,Low,0
Anakapalli,BW-ANA-00344,300.8,13.2,9.5,7.5,Sandy Loam,Coastal Andhra,393.9,0,52.8,3.52,5.9,2620,5.3,64.8,Medium,0
Anakapalli,BW-ANA-00345,325.3,8.8,3.6,9.1,Sandy Loam,Coastal Andhra,689.9,1,59.1,1.31,7.0,2868,3.4,47.3,Medium,0
Anakapalli,BW-ANA-00346,109.0,31.2,1.4,9.2,Sandy Clay,Coastal Andhra,496.5,3,55.6,1.22,2.7,2151,0.7,28.5,Low,0
Anakapalli,BW-ANA-00347,175.4,32.1,0.3,12.5,Sandy Loam,Coastal Andhra,399.8,1,54.6,2.72,2.2,2524,0.4,34.3,Low,0
Anakapalli,BW-ANA-00348,332.3,34.5,3.8,7.1,Sandy Loam,Coastal Andhra,300,2,62.1,2.32,18.2,2851,2.2,71.8,High,1
Anakapalli,BW-ANA-00349,307.2,19.8,10.9,5.5,Sandy Loam,Coastal Andhra,490.9,1,59.4,4.68,1.3,2737,9.9,70.4,High,1
Anakapalli,BW-ANA-00350,388.7,25.6,4.5,8.7,Sandy Loam,Coastal Andhra,339.2,1,55.4,3.29,9.7,2853,2.0,61.7,Medium,0
Anakapalli,BW-ANA-00351,311.8,26.6,1.0,6.6,Sandy Clay,Coastal Andhra,407.4,1,56.5,2.12,14.4,2360,2.3,42.2,Medium,0
Anakapalli,BW-ANA-00352,216.0,25.2,0.8,4.6,Sandy Clay,Coastal Andhra,334.8,2,50.9,0.76,2.2,2282,0,20.8,Low,0
Anakapalli,BW-ANA-00353,203.2,27.3,0.8,2.4,Sandy Loam,Coastal Andhra,627.5,2,55.2,2.84,6.5,3279,3.5,35.8,Medium,0
Anakapalli,BW-ANA-00354,298.9,16.1,9.6,8.7,Sandy Clay,Coastal Andhra,631.6,1,65.0,5.39,0.0,2679,8.7,80.5,High,1
Anakapalli,BW-ANA-00355,290.7,23.7,22.1,11.7,Sandy Loam,Coastal Andhra,617.9,1,75.2,8.53,2.4,2808,22.1,100.0,High,1
Anakapalli,BW-ANA-00356,336.0,15.1,2.7,9.3,Sandy Clay,Coastal Andhra,627.1,4,58.4,1.8,8.8,2476,1.9,39.7,Medium,0
Anakapalli,BW-ANA-00357,302.0,24.2,12.2,10.5,Sandy Clay,Coastal Andhra,387.3,0,66.1,6.65,12.5,3056,11.5,100.0,High,1
Anakapalli,BW-ANA-00358,172.9,8.6,2.7,8.3,Sandy Loam,Coastal Andhra,388.8,2,54.7,2.51,4.2,3203,5.5,46.5,Medium,1
Anakapalli,BW-ANA-00359,492.0,26.7,4.7,7.3,Sandy Loam,Coastal Andhra,421.1,2,59.6,5.63,7.8,2859,3.4,56.2,Medium,1
Anakapalli,BW-ANA-00360,151.4,23.8,2.0,4.2,Sandy Loam,Coastal Andhra,691.8,3,53.7,1.61,10.9,2865,3.5,31.1,Low,0
Anakapalli,BW-ANA-00361,320.0,25.5,3.7,9.2,Sandy Loam,Coastal Andhra,308.7,0,46.8,0.65,7.2,1982,4.0,47.2,Medium,1
Anakapalli,BW-ANA-00362,286.8,35.5,6.5,7.4,Sandy Clay,Coastal Andhra,587.7,2,62.2,5.77,10.2,3379,7.5,71.2,High,1
Anakapalli,BW-ANA-00363,354.8,18.2,5.0,5.6,Sandy Loam,Coastal Andhra,420.3,4,54.7,3.55,0.4,2575,4.7,39.9,Medium,0
Anakapalli,BW-ANA-00364,164.5,15.5,4.3,6.8,Sandy Clay,Coastal Andhra,300,1,54.7,2.92,3.0,2646,6.2,48.6,Medium,0
Anakapalli,BW-ANA-00365,246.0,15.8,17.7,10.7,Sandy Loam,Coastal Andhra,380.8,6,71.1,5.98,8.5,2904,16.2,100.0,High,1
Anakapalli,BW-ANA-00366,266.9,19.3,4.8,5.9,Sandy Clay,Coastal Andhra,440.0,2,50.8,1.49,7.6,2748,1.2,36.3,Medium,0
Anakapalli,BW-ANA-00367,275.2,19.1,16.3,11.6,Sandy Loam,Coastal Andhra,371.2,6,68.0,9.38,8.3,2588,17.7,100.0,High,1
Anakapalli,BW-ANA-00368,94.5,15.3,7.5,10.5,Sandy Clay,Coastal Andhra,469.1,1,63.9,2.62,7.7,2607,4.3,68.4,High,1
Anakapalli,BW-ANA-00369,339.9,29.9,14.8,10.5,Sandy Clay,Coastal Andhra,562.5,0,68.7,7.7,9.7,2895,15.7,100.0,High,1
Anakapalli,BW-ANA-00370,210.3,19.7,9.4,11.2,Sandy Loam,Coastal Andhra,485.1,4,66.0,4.54,7.2,3372,8.6,73.3,High,1
Anakapalli,BW-ANA-00371,117.0,24.9,0.5,16.8,Sandy Loam,Coastal Andhra,532.8,1,55.2,1.22,0.0,2950,0.8,42.2,Medium,0
Anakapalli,BW-ANA-00372,217.4,17.3,5.2,5.0,Sandy Clay,Coastal Andhra,485.0,3,56.8,2.29,8.1,2636,4.4,45.5,Medium,0
Anakapalli,BW-ANA-00373,299.2,33.1,17.1,8.6,Sandy Loam,Coastal Andhra,472.6,2,67.5,5.39,13.8,2769,16.4,100.0,High,1
Anakapalli,BW-ANA-00374,226.6,22.6,15.2,15.3,Sandy Loam,Coastal Andhra,586.9,3,74.2,6.13,8.2,2530,17.2,100.0,High,1
Anakapalli,BW-ANA-00375,231.9,27.5,1.3,1.0,Sandy Clay,Coastal Andhra,451.3,1,52.1,1.63,0.0,2772,1.4,20.1,Low,0
Anakapalli,BW-ANA-00376,335.2,39.7,3.2,5.4,Sandy Loam,Coastal Andhra,521.6,2,55.3,1.36,11.4,2884,4.0,47.1,Medium,0
Anakapalli,BW-ANA-00377,318.7,22.8,3.2,9.3,Sandy Loam,Coastal Andhra,451.9,0,55.8,1.6,11.3,2195,4.8,54.4,Medium,1
Anakapalli,BW-ANA-00378,205.4,21.9,5.1,5.8,Sandy Loam,Coastal Andhra,631.1,4,50.0,3.12,5.8,3186,1.2,47.6,Medium,0
Anakapalli,BW-ANA-00379,245.4,29.3,2.2,4.2,Sandy Loam,Coastal Andhra,423.1,1,57.8,2.15,10.6,3096,0,45.2,Medium,0
Anakapalli,BW-ANA-00380,237.0,34.2,2.1,9.4,Sandy Loam,Coastal Andhra,658.7,1,55.8,2.8,7.3,2993,5.2,52.9,Medium,1
Anakapalli,BW-ANA-00381,193.1,31.3,10.4,11.2,Sandy Loam,Coastal Andhra,319.9,0,67.6,3.84,6.6,3094,9.9,85.2,High,1
Anakapalli,BW-ANA-00382,246.5,19.9,19.5,12.1,Sandy Clay,Coastal Andhra,526.8,2,75.4,8.0,3.2,2781,19.1,100.0,High,1
Anakapalli,BW-ANA-00383,199.6,12.3,4.9,7.2,Sandy Clay,Coastal Andhra,647.1,0,52.6,1.63,7.3,2752,3.8,48.2,Medium,1
Anakapalli,BW-ANA-00384,341.8,22.4,0.7,10.7,Sandy Loam,Coastal Andhra,620.0,1,54.9,1.29,4.4,2741,1.4,34.1,Low,0
Anakapalli,BW-ANA-00385,262.3,9.2,7.8,9.1,Sandy Loam,Coastal Andhra,458.1,3,55.0,3.52,0.2,2492,8.6,51.9,Medium,1
Alluri Sitharama Raju,BW-ALL-00386,144.3,29.1,3.4,10.4,Sandy Clay,Coastal Andhra,707.5,2,59.1,3.06,7.7,3610,4.7,43.1,Medium,0
Alluri Sitharama Raju,BW-ALL-00387,324.9,26.4,1.4,13.1,Sandy Loam,Coastal Andhra,940.1,1,62.8,0.1,8.1,2634,0,35.2,Medium,0
Alluri Sitharama Raju,BW-ALL-00388,156.4,39.3,1.9,10.2,Sandy Loam,Coastal Andhra,846.5,0,51.3,0.14,4.8,3011,2.4,32.0,Low,0
Alluri Sitharama Raju,BW-ALL-00389,274.3,23.8,5.8,6.8,Sandy Clay,Coastal Andhra,909.5,1,59.9,2.44,5.3,2826,7.6,54.0,Medium,0
Alluri Sitharama Raju,BW-ALL-00390,169.9,26.0,1.0,10.3,Sandy Loam,Coastal Andhra,664.2,5,49.3,2.04,6.3,2939,0,28.2,Low,0
Alluri Sitharama Raju,BW-ALL-00391,277.9,33.3,1.3,5.1,Sandy Loam,Coastal Andhra,864.9,1,56.4,1.19,11.1,3552,0,44.5,Medium,1
Alluri Sitharama Raju,BW-ALL-00392,194.5,44.2,7.2,11.3,Sandy Clay,Coastal Andhra,714.7,0,61.0,3.9,7.2,3126,4.4,71.3,High,1
Alluri Sitharama Raju,BW-ALL-00393,235.8,38.2,12.1,8.4,Sandy Loam,Coastal Andhra,888.6,2,53.2,3.87,6.8,3142,11.4,63.8,Medium,0
Alluri Sitharama Raju,BW-ALL-00394,284.6,31.2,4.5,7.6,Sandy Loam,Coastal Andhra,789.7,2,56.9,4.77,12.1,3027,5.6,56.1,Medium,1
Alluri Sitharama Raju,BW-ALL-00395,90.2,40.2,3.4,9.6,Sandy Loam,Coastal Andhra,858.9,1,52.9,3.17,2.5,2611,4.8,35.1,Medium,1
Alluri Sitharama Raju,BW-ALL-00396,203.7,24.3,0.5,10.2,Sandy Loam,Coastal Andhra,899.6,3,50.8,0.1,10.5,2783,0.8,22.6,Low,0
Alluri Sitharama Raju,BW-ALL-00397,353.2,25.6,1.3,8.0,Sandy Loam,Coastal Andhra,994.1,1,58.2,1.89,5.0,3030,3.5,55.6,Medium,1
Alluri Sitharama Raju,BW-ALL-00398,291.0,30.4,1.0,10.9,Sandy Clay,Coastal Andhra,795.2,3,61.1,1.72,1.3,2758,0,38.5,Medium,0
Alluri Sitharama Raju,BW-ALL-00399,225.6,42.2,0.1,3.6,Sandy Loam,Coastal Andhra,864.2,4,51.6,0.77,6.9,3530,0,18.7,Low,0
Alluri Sitharama Raju,BW-ALL-00400,192.9,32.8,0.2,8.0,Sandy Clay,Coastal Andhra,1076.1,1,51.5,0.25,3.7,3212,0,18.5,Low,0
Alluri Sitharama Raju,BW-ALL-00401,328.9,43.7,2.5,12.5,Sandy Clay,Coastal Andhra,981.4,2,58.2,1.54,14.2,2788,1.7,54.8,Medium,1
Alluri Sitharama Raju,BW-ALL-00402,318.6,39.9,0.3,7.2,Sandy Loam,Coastal Andhra,665.8,0,55.8,0.86,10.7,3259,1.1,39.5,Medium,0
Alluri Sitharama Raju,BW-ALL-00403,236.3,20.4,4.4,6.8,Sandy Loam,Coastal Andhra,963.7,2,54.4,0.1,8.4,3019,4.8,38.4,Medium,0
Alluri Sitharama Raju,BW-ALL-00404,295.5,29.9,3.7,9.4,Sandy Clay,Coastal Andhra,881.2,4,57.2,1.99,6.1,3261,1.8,44.1,Medium,1
Alluri Sitharama Raju,BW-ALL-00405,206.5,47.3,8.8,9.6,Sandy Clay,Coastal Andhra,1030.9,3,69.9,2.8,10.3,3365,8.2,82.1,High,1
Alluri Sitharama Raju,BW-ALL-00406,381.1,29.5,1.8,3.1,Sandy Loam,Coastal Andhra,869.0,3,48.9,2.27,8.0,2490,1.6,25.0,Low,0
Alluri Sitharama Raju,BW-ALL-00407,350.6,36.1,1.6,10.2,Sandy Clay,Coastal Andhra,762.1,2,55.0,1.61,19.3,2915,1.9,57.8,Medium,1
Alluri Sitharama Raju,BW-ALL-00408,325.2,29.4,0.9,8.1,Sandy Clay,Coastal Andhra,633.1,2,50.8,2.65,2.5,2618,0,23.8,Low,0
Alluri Sitharama Raju,BW-ALL-00409,189.0,33.2,5.0,8.4,Sandy Clay,Coastal Andhra,914.5,3,56.6,2.78,6.7,2815,5.6,48.4,Medium,0
Alluri Sitharama Raju,BW-ALL-00410,90.1,27.8,5.7,10.6,Sandy Clay,Coastal Andhra,622.6,3,60.6,2.72,9.1,2735,6.4,59.6,Medium,0
Alluri Sitharama Raju,BW-ALL-00411,260.6,34.2,2.3,8.2,Sandy Clay,Coastal Andhra,787.0,0,54.9,1.07,14.9,2753,1.0,45.2,Medium,0
Alluri Sitharama Raju,BW-ALL-00412,170.1,19.6,19.9,8.1,Sandy Clay,Coastal Andhra,864.6,2,75.6,9.88,6.7,2619,19.6,100.0,High,1
Alluri Sitharama Raju,BW-ALL-00413,299.4,16.4,17.8,10.3,Sandy Loam,Coastal Andhra,836.9,0,68.7,6.1,4.1,3398,18.8,100.0,High,1
Alluri Sitharama Raju,BW-ALL-00414,221.2,17.3,13.1,10.6,Sandy Clay,Coastal Andhra,842.6,1,63.3,4.08,10.1,3014,12.1,93.9,High,1
Alluri Sitharama Raju,BW-ALL-00415,523.1,18.1,7.3,5.5,Sandy Loam,Coastal Andhra,893.3,1,57.6,4.39,6.6,2651,8.7,63.6,Medium,1
Alluri Sitharama Raju,BW-ALL-00416,172.7,37.4,4.6,9.8,Sandy Loam,Coastal Andhra,644.0,3,56.2,2.72,0.0,2678,4.3,40.2,Medium,0
Alluri Sitharama Raju,BW-ALL-00417,285.7,20.5,8.6,7.3,Sandy Clay,Coastal Andhra,824.1,4,52.0,4.4,0.0,3045,9.2,55.9,Medium,0
Alluri Sitharama Raju,BW-ALL-00418,206.6,32.3,0.8,5.5,Sandy Loam,Coastal Andhra,689.1,2,51.9,1.56,6.9,2480,0.9,34.1,Low,1
Alluri Sitharama Raju,BW-ALL-00419,210.3,45.5,0.2,12.1,Sandy Loam,Coastal Andhra,706.7,1,57.7,0.68,11.3,2218,0.5,51.9,Medium,1
Alluri Sitharama Raju,BW-ALL-00420,186.4,35.9,21.2,4.4,Sandy Loam,Coastal Andhra,831.9,2,64.5,8.91,13.2,2651,21.9,100.0,High,1
Alluri Sitharama Raju,BW-ALL-00421,107.7,19.5,3.8,7.2,Sandy Clay,Coastal Andhra,674.0,3,55.0,2.39,7.3,2616,2.2,33.8,Low,1
Alluri Sitharama Raju,BW-ALL-00422,294.2,25.5,0.9,11.7,Sandy Clay,Coastal Andhra,741.0,2,46.9,2.62,9.3,3078,0,26.6,Low,0
Alluri Sitharama Raju,BW-ALL-00423,226.0,19.5,1.8,6.9,Sandy Clay,Coastal Andhra,971.1,2,58.1,3.02,6.5,3385,0,36.7,Medium,1
Alluri Sitharama Raju,BW-ALL-00424,379.1,30.9,3.0,7.9,Sandy Clay,Coastal Andhra,820.8,0,53.7,2.08,12.2,2871,7.2,44.4,Medium,0
Alluri Sitharama Raju,BW-ALL-00425,433.8,24.3,19.5,9.2,Sandy Loam,Coastal Andhra,640.8,0,73.9,8.28,3.8,2680,22.0,100.0,High,1
Alluri Sitharama Raju,BW-ALL-00426,305.1,40.6,0.8,4.8,Sandy Clay,Coastal Andhra,919.7,2,56.8,1.71,8.7,2684,1.1,30.7,Low,0
Alluri Sitharama Raju,BW-ALL-00427,231.1,29.3,4.2,9.3,Sandy Clay,Coastal Andhra,1089.6,2,57.3,2.6,10.8,3056,7.5,56.3,Medium,0
Alluri Sitharama Raju,BW-ALL-00428,359.5,34.5,9.3,2.8,Sandy Loam,Coastal Andhra,855.2,1,60.0,3.51,5.4,3018,7.1,66.2,High,1
Alluri Sitharama Raju,BW-ALL-00429,461.9,27.0,6.0,7.3,Sandy Clay,Coastal Andhra,879.6,4,60.9,2.83,5.6,3188,3.3,38.7,Medium,1
Alluri Sitharama Raju,BW-ALL-00430,174.8,32.9,7.5,9.5,Sandy Clay,Coastal Andhra,850.4,2,55.7,5.44,3.9,2991,8.0,74.8,High,1
Alluri Sitharama Raju,BW-ALL-00431,248.6,34.1,7.7,4.3,Sandy Clay,Coastal Andhra,804.9,1,54.6,4.44,10.6,2452,9.6,75.7,High,1
Alluri Sitharama Raju,BW-ALL-00432,223.7,23.0,13.9,6.3,Sandy Loam,Coastal Andhra,832.0,2,66.0,6.67,9.8,3100,11.0,93.4,High,1
Alluri Sitharama Raju,BW-ALL-00433,314.4,36.9,3.5,9.2,Sandy Clay,Coastal Andhra,825.7,2,54.2,2.43,6.8,2897,4.0,43.6,Medium,0
Alluri Sitharama Raju,BW-ALL-00434,229.3,17.5,1.1,13.9,Sandy Loam,Coastal Andhra,753.3,1,60.1,2.14,8.6,3158,1.4,56.6,Medium,0
Alluri Sitharama Raju,BW-ALL-00435,266.1,48.2,0.2,9.7,Sandy Loam,Coastal Andhra,1004.3,2,54.4,2.18,12.1,3121,2.8,51.0,Medium,0
Alluri Sitharama Raju,BW-ALL-00436,545.5,44.7,5.2,10.2,Sandy Loam,Coastal Andhra,930.4,2,55.8,1.74,11.3,2868,5.3,58.6,Medium,0
Alluri Sitharama Raju,BW-ALL-00437,322.8,32.1,3.2,11.9,Sandy Loam,Coastal Andhra,785.7,3,58.2,1.43,7.4,2960,1.1,49.2,Medium,0
Alluri Sitharama Raju,BW-ALL-00438,249.8,29.8,1.6,7.7,Sandy Loam,Coastal Andhra,843.1,3,56.3,1.66,9.2,3156,0.1,32.7,Low,0
Alluri Sitharama Raju,BW-ALL-00439,279.3,21.4,0.0,8.7,Sandy Clay,Coastal Andhra,703.0,2,50.4,2.2,9.4,3559,1.4,28.5,Low,0
Alluri Sitharama Raju,BW-ALL-00440,369.4,23.6,6.5,5.4,Sandy Loam,Coastal Andhra,654.9,0,53.2,4.26,6.2,2952,7.5,57.3,Medium,1
Alluri Sitharama Raju,BW-ALL-00441,222.8,42.8,6.5,10.5,Sandy Loam,Coastal Andhra,842.9,1,59.3,3.82,15.3,2554,3.6,67.9,High,1
Alluri Sitharama Raju,BW-ALL-00442,237.9,39.3,13.7,11.5,Sandy Loam,Coastal Andhra,837.1,0,70.9,5.0,10.7,2931,8.0,100.0,High,1
Alluri Sitharama Raju,BW-ALL-00443,148.7,27.7,6.3,5.4,Sandy Clay,Coastal Andhra,753.0,0,57.8,2.49,6.6,2748,4.8,62.4,Medium,1
Alluri Sitharama Raju,BW-ALL-00444,196.7,29.3,1.6,8.3,Sandy Loam,Coastal Andhra,1028.6,4,58.2,1.25,5.6,3046,0,32.9,Low,0
Alluri Sitharama Raju,BW-ALL-00445,234.2,19.8,12.6,4.4,Sandy Loam,Coastal Andhra,751.8,4,67.3,5.24,7.6,3239,12.3,87.2,High,1
Alluri Sitharama Raju,BW-ALL-00446,192.4,39.2,9.4,2.3,Sandy Clay,Coastal Andhra,803.2,2,55.3,3.18,6.6,3572,9.3,69.5,High,0
Alluri Sitharama Raju,BW-ALL-00447,184.1,43.2,0.3,6.0,Sandy Loam,Coastal Andhra,778.6,2,46.5,0.17,10.2,2527,0.2,20.0,Low,0
Alluri Sitharama Raju,BW-ALL-00448,401.8,28.5,4.0,10.4,Sandy Loam,Coastal Andhra,862.2,1,56.7,1.61,11.9,2827,4.9,63.9,Medium,1
Alluri Sitharama Raju,BW-ALL-00449,366.0,28.8,4.6,4.6,Sandy Clay,Coastal Andhra,813.1,0,58.9,3.7,4.2,2743,6.2,61.5,Medium,0
Alluri Sitharama Raju,BW-ALL-00450,411.2,34.6,2.5,6.9,Sandy Loam,Coastal Andhra,571.6,2,57.0,2.03,6.4,2597,1.4,33.6,Low,1
Alluri Sitharama Raju,BW-ALL-00451,361.5,41.9,16.1,6.1,Sandy Clay,Coastal Andhra,847.8,0,71.8,7.16,11.9,2804,16.4,100.0,High,1
Alluri Sitharama Raju,BW-ALL-00452,230.7,49.7,0.2,7.4,Sandy Loam,Coastal Andhra,843.4,2,57.5,2.15,11.6,2610,2.0,45.7,Medium,1
Alluri Sitharama Raju,BW-ALL-00453,335.2,22.3,3.5,10.0,Sandy Loam,Coastal Andhra,727.5,4,54.2,1.77,3.5,2809,4.8,30.3,Low,0
Alluri Sitharama Raju,BW-ALL-00454,233.5,33.0,7.0,10.9,Sandy Loam,Coastal Andhra,1087.9,2,62.6,1.97,4.9,3086,3.1,65.2,High,0
Alluri Sitharama Raju,BW-ALL-00455,278.7,38.2,4.1,9.4,Sandy Clay,Coastal Andhra,982.6,1,57.5,0.97,6.6,2870,4.9,56.3,Medium,0
Alluri Sitharama Raju,BW-ALL-00456,251.1,27.0,9.5,6.5,Sandy Clay,Coastal Andhra,727.9,4,59.9,4.1,7.5,2871,8.9,67.6,High,0
Alluri Sitharama Raju,BW-ALL-00457,174.2,17.3,1.6,4.9,Sandy Clay,Coastal Andhra,589.8,3,60.8,0.58,7.1,2185,7.2,29.7,Low,0
Alluri Sitharama Raju,BW-ALL-00458,333.4,37.8,1.7,13.4,Sandy Clay,Coastal Andhra,794.9,2,58.3,1.2,6.2,3001,4.5,47.1,Medium,0
Alluri Sitharama Raju,BW-ALL-00459,378.1,29.2,5.3,9.3,Sandy Loam,Coastal Andhra,808.3,1,61.5,3.2,2.7,2539,5.4,61.7,Medium,0
Alluri Sitharama Raju,BW-ALL-00460,355.3,37.3,4.2,13.2,Sandy Clay,Coastal Andhra,853.1,2,61.4,0.85,2.9,3030,2.3,42.9,Medium,0
Alluri Sitharama Raju,BW-ALL-00461,223.0,36.5,5.6,8.9,Sandy Clay,Coastal Andhra,891.8,1,51.2,3.27,7.6,3073,5.4,52.5,Medium,0
Alluri Sitharama Raju,BW-ALL-00462,272.1,34.5,0.1,7.3,Sandy Clay,Coastal Andhra,995.4,1,50.7,1.64,8.6,2808,1.1,41.2,Medium,0
Kakinada,BW-KAK-00463,189.7,31.1,3.9,4.0,Sandy Loam,Coastal Andhra,559.2,0,59.1,1.57,15.3,2695,0.9,62.7,Medium,1
Kakinada,BW-KAK-00464,353.0,21.8,1.6,6.2,Sandy Loam,Coastal Andhra,502.9,4,46.3,0.47,5.5,2342,0.7,20.9,Low,0
Kakinada,BW-KAK-00465,275.6,38.1,2.8,10.4,Sandy Loam,Coastal Andhra,616.4,0,55.1,1.4,6.6,2117,0.4,51.7,Medium,0
Kakinada,BW-KAK-00466,323.7,18.2,2.1,9.2,Sandy Loam,Coastal Andhra,600.6,1,48.6,2.61,11.0,2857,3.3,39.9,Medium,0
Kakinada,BW-KAK-00467,154.4,31.1,9.6,8.6,Sandy Loam,Coastal Andhra,754.4,4,63.6,3.83,12.7,3239,7.9,70.2,High,1
Kakinada,BW-KAK-00468,305.1,39.3,9.6,7.2,Sandy Clay,Coastal Andhra,487.9,3,69.6,5.45,13.7,2404,11.7,89.6,High,1
Kakinada,BW-KAK-00469,516.2,37.6,8.1,9.0,Sandy Clay,Coastal Andhra,590.5,1,66.6,3.58,11.2,2618,2.7,76.0,High,1
Kakinada,BW-KAK-00470,287.9,36.9,7.1,9.4,Sandy Loam,Coastal Andhra,692.7,2,64.6,2.59,10.2,2645,8.3,69.1,High,1
Kakinada,BW-KAK-00471,85.1,35.1,3.9,12.7,Sandy Loam,Coastal Andhra,682.4,4,57.0,0.65,5.0,2768,0.8,43.0,Medium,0
Kakinada,BW-KAK-00472,335.8,42.6,3.4,12.4,Sandy Clay,Coastal Andhra,618.7,5,65.2,1.68,2.7,2775,3.0,53.1,Medium,1
Kakinada,BW-KAK-00473,186.9,23.7,4.5,8.7,Sandy Loam,Coastal Andhra,826.0,1,63.4,2.25,8.4,2686,3.9,61.1,Medium,1
Kakinada,BW-KAK-00474,154.8,16.6,8.2,12.0,Sandy Loam,Coastal Andhra,422.8,1,60.4,3.56,15.0,2922,4.5,80.8,High,1
Kakinada,BW-KAK-00475,285.7,36.5,2.4,8.6,Sandy Clay,Coastal Andhra,716.5,1,52.2,3.88,11.9,3054,0.8,50.7,Medium,0
Kakinada,BW-KAK-00476,434.3,15.0,1.4,8.6,Sandy Loam,Coastal Andhra,679.5,3,54.6,1.79,13.8,2388,0,38.7,Medium,1
Kakinada,BW-KAK-00477,245.6,27.2,25.6,6.8,Sandy Loam,Coastal Andhra,587.0,1,70.8,11.61,7.8,2492,24.1,100.0,High,1
Kakinada,BW-KAK-00478,243.7,22.9,7.0,8.6,Sandy Loam,Coastal Andhra,713.8,0,62.8,2.98,12.3,3058,9.2,80.1,High,1
Kakinada,BW-KAK-00479,411.0,22.7,18.9,7.7,Sandy Loam,Coastal Andhra,738.4,4,63.8,6.74,0.0,2507,19.4,100.0,High,1
Kakinada,BW-KAK-00480,301.1,28.9,6.3,8.4,Sandy Clay,Coastal Andhra,651.9,0,59.4,3.58,7.7,2714,7.0,71.6,High,1
Kakinada,BW-KAK-00481,228.2,27.7,10.0,4.7,Sandy Loam,Coastal Andhra,572.8,4,51.5,3.78,4.3,2877,9.8,52.3,Medium,1
Kakinada,BW-KAK-00482,305.2,39.1,2.0,4.8,Sandy Clay,Coastal Andhra,777.6,3,43.8,0.4,7.4,2790,3.0,12.6,Low,0
Kakinada,BW-KAK-00483,247.1,32.5,9.1,12.3,Sandy Loam,Coastal Andhra,806.8,1,56.4,4.86,9.1,3222,11.2,83.6,High,1
Kakinada,BW-KAK-00484,344.4,41.1,6.5,1.0,Sandy Loam,Coastal Andhra,665.2,2,46.7,1.77,5.2,2628,7.2,38.2,Medium,0
Kakinada,BW-KAK-00485,333.7,37.8,1.1,10.2,Sandy Loam,Coastal Andhra,549.1,5,46.9,0.65,2.0,2884,1.7,16.4,Low,0
Kakinada,BW-KAK-00486,321.9,25.2,2.5,7.5,Sandy Clay,Coastal Andhra,763.2,3,55.1,3.46,7.7,3167,2.3,42.4,Medium,1
Kakinada,BW-KAK-00487,271.8,39.4,8.1,15.4,Sandy Loam,Coastal Andhra,832.8,2,63.6,4.21,5.5,2243,11.5,76.9,High,0
Kakinada,BW-KAK-00488,171.6,38.7,12.6,7.5,Sandy Loam,Coastal Andhra,778.9,1,64.3,5.3,8.0,3072,14.2,95.3,High,1
Kakinada,BW-KAK-00489,399.7,41.8,1.5,6.6,Sandy Loam,Coastal Andhra,819.4,3,54.9,2.74,14.3,2605,1.3,36.6,Medium,0
Kakinada,BW-KAK-00490,107.8,16.3,0.6,10.1,Sandy Clay,Coastal Andhra,687.7,1,49.2,0.1,2.3,2434,0,23.9,Low,0
Kakinada,BW-KAK-00491,371.6,31.5,3.2,6.4,Sandy Loam,Coastal Andhra,724.6,3,48.0,2.11,5.6,2793,3.2,27.2,Low,0
Kakinada,BW-KAK-00492,449.6,35.2,0.9,4.5,Sandy Clay,Coastal Andhra,625.0,2,50.3,0.1,7.5,2380,1.7,27.4,Low,1
Kakinada,BW-KAK-00493,341.7,52.4,19.8,15.4,Sandy Clay,Coastal Andhra,638.5,4,72.6,9.46,1.1,2759,18.2,100.0,High,1
Kakinada,BW-KAK-00494,178.2,40.7,3.3,8.8,Sandy Loam,Coastal Andhra,571.5,3,56.0,3.21,2.7,2290,7.2,42.5,Medium,0
Kakinada,BW-KAK-00495,226.3,26.2,8.2,3.1,Sandy Clay,Coastal Andhra,656.3,3,50.2,5.62,4.7,2616,7.6,52.2,Medium,0
Kakinada,BW-KAK-00496,274.8,23.3,0.7,9.3,Sandy Clay,Coastal Andhra,548.3,1,52.4,0.1,3.5,3013,0,27.1,Low,0
Kakinada,BW-KAK-00497,341.1,37.5,0.8,6.9,Sandy Loam,Coastal Andhra,381.5,1,52.5,2.36,13.4,2873,0,35.7,Medium,0
Kakinada,BW-KAK-00498,78.9,28.9,7.9,6.1,Sandy Clay,Coastal Andhra,686.6,1,49.7,2.49,5.1,2829,8.4,49.1,Medium,1
Kakinada,BW-KAK-00499,282.9,45.6,1.8,8.0,Sandy Loam,Coastal Andhra,604.7,4,58.5,1.37,6.7,3095,2.3,29.7,Low,0
Kakinada,BW-KAK-00500,366.0,18.5,5.2,7.3,Sandy Clay,Coastal Andhra,755.9,1,51.1,1.08,2.7,2661,3.9,33.0,Low,0
Kakinada,BW-KAK-00501,446.2,33.6,17.2,6.2,Sandy Clay,Coastal Andhra,768.7,2,69.8,6.68,8.9,2933,17.2,100.0,High,1
Kakinada,BW-KAK-00502,276.3,29.0,7.0,7.8,Sandy Loam,Coastal Andhra,864.1,1,66.5,3.26,12.7,3060,4.9,80.5,High,1
Kakinada,BW-KAK-00503,431.0,27.1,5.0,11.9,Sandy Loam,Coastal Andhra,601.5,1,53.7,1.93,5.3,2339,2.4,60.0,Medium,1
Kakinada,BW-KAK-00504,238.8,40.8,7.0,11.2,Sandy Loam,Coastal Andhra,727.0,1,60.4,4.04,5.9,3055,8.9,65.4,High,1
Kakinada,BW-KAK-00505,329.0,31.6,14.6,10.3,Sandy Clay,Coastal Andhra,687.2,4,77.0,3.52,9.3,2751,16.0,100.0,High,1
Kakinada,BW-KAK-00506,281.4,28.4,5.7,9.0,Sandy Loam,Coastal Andhra,471.0,2,59.9,1.94,5.9,3133,5.0,59.6,Medium,1
Kakinada,BW-KAK-00507,358.7,30.9,2.3,5.7,Sandy Loam,Coastal Andhra,439.1,6,46.9,2.34,10.2,2954,0,20.4,Low,0
Kakinada,BW-KAK-00508,320.5,41.3,1.8,11.3,Sandy Loam,Coastal Andhra,869.1,0,63.8,2.05,10.7,2718,0,59.8,Medium,1
Kakinada,BW-KAK-00509,330.4,20.4,0.5,1.8,Sandy Loam,Coastal Andhra,722.5,3,54.9,3.55,13.0,3044,3.7,36.5,Medium,0
Kakinada,BW-KAK-00510,318.9,20.8,1.4,1.7,Sandy Loam,Coastal Andhra,847.0,2,58.8,0.45,8.8,2591,0.8,24.4,Low,0
Kakinada,BW-KAK-00511,298.8,54.6,2.0,7.3,Sandy Loam,Coastal Andhra,608.3,0,54.6,1.26,7.5,2873,0.6,41.2,Medium,0
Kakinada,BW-KAK-00512,110.4,34.3,2.9,8.5,Sandy Loam,Coastal Andhra,762.0,3,62.2,1.45,6.3,2615,0.9,43.2,Medium,1
Kakinada,BW-KAK-00513,131.8,30.5,0.2,2.2,Sandy Clay,Coastal Andhra,721.6,4,44.0,0.65,0.9,2969,2.9,8.7,Low,0
Kakinada,BW-KAK-00514,292.7,7.1,1.8,8.0,Sandy Loam,Coastal Andhra,671.9,0,57.7,0.1,9.9,3286,0.8,39.4,Medium,0
Kakinada,BW-KAK-00515,373.0,39.2,1.4,1.8,Sandy Clay,Coastal Andhra,600.2,2,44.1,3.4,3.9,2716,0.6,17.2,Low,0
Kakinada,BW-KAK-00516,295.0,41.6,2.0,2.3,Sandy Clay,Coastal Andhra,543.7,3,48.4,2.58,6.2,2731,4.4,27.7,Low,0
Kakinada,BW-KAK-00517,457.3,16.4,2.4,6.3,Sandy Loam,Coastal Andhra,623.9,7,61.2,3.09,10.0,2853,7.3,59.4,Medium,1
Kakinada,BW-KAK-00518,419.2,35.1,6.5,1.9,Sandy Clay,Coastal Andhra,636.4,2,53.7,4.79,10.3,2429,6.1,48.3,Medium,0
Kakinada,BW-KAK-00519,484.5,49.1,4.1,4.6,Sandy Clay,Coastal Andhra,654.0,1,51.5,4.12,10.6,2809,4.1,57.1,Medium,0
Kakinada,BW-KAK-00520,275.7,36.1,10.3,8.8,Sandy Clay,Coastal Andhra,717.3,1,58.6,3.91,6.2,3035,9.8,74.5,High,1
Kakinada,BW-KAK-00521,275.9,32.8,3.1,5.8,Sandy Clay,Coastal Andhra,721.0,3,57.1,2.8,15.3,2663,3.8,61.6,Medium,0
Kakinada,BW-KAK-00522,209.8,32.9,7.0,12.1,Sandy Clay,Coastal Andhra,595.7,2,63.4,1.52,7.7,3000,7.8,78.6,High,1
Kakinada,BW-KAK-00523,269.8,40.1,2.9,13.1,Sandy Clay,Coastal Andhra,624.8,0,56.8,3.35,11.1,3330,2.6,64.1,Medium,1
Kakinada,BW-KAK-00524,388.1,41.6,7.3,8.0,Sandy Clay,Coastal Andhra,616.0,2,54.1,4.43,7.7,3037,9.0,61.4,Medium,1
Kakinada,BW-KAK-00525,231.2,27.6,8.9,4.8,Sandy Clay,Coastal Andhra,508.7,4,55.7,3.33,4.1,2751,8.6,44.8,Medium,0
Kakinada,BW-KAK-00526,223.1,44.6,2.5,2.6,Sandy Clay,Coastal Andhra,616.6,0,51.1,2.12,4.9,2930,3.2,46.3,Medium,0
Kakinada,BW-KAK-00527,229.2,21.9,4.3,14.8,Sandy Clay,Coastal Andhra,630.3,6,58.2,4.08,1.0,2619,7.9,57.7,Medium,1
Kakinada,BW-KAK-00528,323.2,26.9,2.6,4.1,Sandy Loam,Coastal Andhra,574.3,3,60.1,2.61,12.7,2831,1.0,41.3,Medium,0
Kakinada,BW-KAK-00529,246.8,22.6,17.1,10.0,Sandy Clay,Coastal Andhra,540.4,4,74.2,5.61,14.0,3319,15.6,100.0,High,1
Kakinada,BW-KAK-00530,341.4,36.6,0.4,10.7,Sandy Clay,Coastal Andhra,736.2,1,56.5,1.67,6.6,2903,1.1,40.1,Medium,0
Kakinada,BW-KAK-00531,300.2,43.1,3.3,5.4,Sandy Loam,Coastal Andhra,559.1,4,54.9,1.85,10.3,2446,2.1,46.3,Medium,0
Kakinada,BW-KAK-00532,133.9,38.2,2.8,8.3,Sandy Loam,Coastal Andhra,710.7,2,52.7,3.62,8.3,2545,4.9,33.1,Low,1
Kakinada,BW-KAK-00533,366.4,23.8,4.9,6.4,Sandy Loam,Coastal Andhra,466.1,1,51.8,2.58,8.6,3010,3.2,52.1,Medium,1
Kakinada,BW-KAK-00534,271.5,26.7,5.5,2.9,Sandy Clay,Coastal Andhra,727.8,4,59.1,2.71,6.1,2725,5.9,48.1,Medium,0
Kakinada,BW-KAK-00535,179.6,24.7,2.1,10.3,Sandy Clay,Coastal Andhra,536.1,0,56.1,1.18,10.2,2575,0.3,36.7,Medium,1
Kakinada,BW-KAK-00536,169.8,23.4,3.6,9.1,Sandy Clay,Coastal Andhra,748.5,2,51.5,3.33,6.8,2860,1.6,51.2,Medium,0
Kakinada,BW-KAK-00537,363.5,33.1,2.7,6.9,Sandy Loam,Coastal Andhra,591.5,4,59.1,0.81,10.5,2741,6.5,32.5,Low,1
Kakinada,BW-KAK-00538,229.4,24.4,6.2,1.0,Sandy Clay,Coastal Andhra,841.8,2,57.6,3.19,8.5,2760,5.4,39.8,Medium,1
Kakinada,BW-KAK-00539,341.6,20.6,1.0,15.2,Sandy Clay,Coastal Andhra,745.6,0,60.0,0.34,13.9,2966,4.5,69.5,High,1
East Godavari,BW-EAS-00540,191.6,84.4,16.8,8.7,Sandy Loam,Coastal Andhra,689.6,2,62.0,4.72,6.4,3037,15.7,100.0,High,1
East Godavari,BW-EAS-00541,349.9,66.5,2.5,1.6,Sandy Loam,Coastal Andhra,640.9,1,54.5,3.13,7.8,2991,1.6,44.4,Medium,1
East Godavari,BW-EAS-00542,346.1,91.9,5.3,13.8,Sandy Loam,Coastal Andhra,670.3,1,66.9,2.91,9.1,2360,6.0,77.2,High,1
East Godavari,BW-EAS-00543,278.1,75.4,2.5,10.6,Sandy Clay,Coastal Andhra,480.7,0,50.8,2.22,4.4,2365,4.4,51.9,Medium,0
East Godavari,BW-EAS-00544,283.4,85.9,4.3,6.2,Sandy Clay,Coastal Andhra,562.6,1,47.7,1.85,0.0,2475,5.1,37.4,Medium,0
East Godavari,BW-EAS-00545,396.0,86.0,10.1,7.9,Sandy Clay,Coastal Andhra,615.2,2,58.9,4.85,8.7,2368,7.2,76.8,High,1
East Godavari,BW-EAS-00546,450.1,71.1,2.4,8.8,Sandy Clay,Coastal Andhra,437.5,0,52.5,2.36,6.5,2124,4.4,56.1,Medium,1
East Godavari,BW-EAS-00547,319.1,73.5,4.0,8.0,Sandy Loam,Coastal Andhra,748.3,0,55.5,3.5,3.7,2344,0,53.8,Medium,1
East Godavari,BW-EAS-00548,262.5,72.5,1.5,10.5,Sandy Clay,Coastal Andhra,597.3,2,54.5,1.18,13.2,2834,6.9,46.4,Medium,0
East Godavari,BW-EAS-00549,303.7,91.3,2.9,4.6,Sandy Clay,Coastal Andhra,319.5,2,52.0,1.95,8.4,2625,2.2,35.9,Medium,0
East Godavari,BW-EAS-00550,275.7,62.4,2.1,6.8,Sandy Loam,Coastal Andhra,385.0,4,55.5,3.63,9.2,2652,4.3,48.5,Medium,1
East Godavari,BW-EAS-00551,391.4,83.6,2.5,6.0,Sandy Loam,Coastal Andhra,517.1,1,54.6,0.1,10.5,2073,0,39.1,Medium,0
East Godavari,BW-EAS-00552,258.2,80.7,8.8,7.1,Sandy Loam,Coastal Andhra,500.4,1,58.7,6.09,5.9,2729,12.4,88.7,High,1
East Godavari,BW-EAS-00553,207.9,84.7,0.1,10.7,Sandy Clay,Coastal Andhra,544.2,3,55.5,0.1,10.2,2322,0,35.1,Medium,0
East Godavari,BW-EAS-00554,209.2,79.1,15.6,4.3,Sandy Loam,Coastal Andhra,445.7,3,69.5,6.22,6.0,3140,16.8,92.5,High,0
East Godavari,BW-EAS-00555,210.8,89.6,2.7,5.4,Sandy Clay,Coastal Andhra,569.0,3,50.1,2.28,2.1,2577,5.9,23.7,Low,0
East Godavari,BW-EAS-00556,383.5,78.2,3.2,7.2,Sandy Loam,Coastal Andhra,664.9,6,54.5,2.18,5.1,2371,2.5,48.8,Medium,0
East Godavari,BW-EAS-00557,210.7,86.9,8.3,9.8,Sandy Loam,Coastal Andhra,650.9,3,67.0,3.49,12.7,2533,6.2,79.9,High,0
East Godavari,BW-EAS-00558,355.9,79.2,28.7,4.9,Sandy Clay,Coastal Andhra,700.4,0,81.3,9.5,6.8,3348,30.8,100.0,High,0
East Godavari,BW-EAS-00559,269.9,77.3,11.9,7.9,Sandy Loam,Coastal Andhra,576.5,2,60.2,4.69,12.8,2633,10.3,79.8,High,1
East Godavari,BW-EAS-00560,211.0,80.1,0.6,6.3,Sandy Loam,Coastal Andhra,636.9,3,52.9,0.78,7.3,2665,0.3,25.9,Low,0
East Godavari,BW-EAS-00561,246.1,84.9,0.5,10.6,Sandy Loam,Coastal Andhra,683.2,1,56.7,1.07,12.7,2709,1.7,43.1,Medium,0
East Godavari,BW-EAS-00562,304.4,85.2,0.0,7.2,Sandy Clay,Coastal Andhra,447.7,0,49.3,0.63,16.8,2547,1.3,49.0,Medium,0
East Godavari,BW-EAS-00563,325.6,69.3,3.5,7.0,Sandy Loam,Coastal Andhra,489.6,0,63.0,1.88,6.7,2652,3.1,60.9,Medium,0
East Godavari,BW-EAS-00564,403.5,66.4,1.8,5.3,Sandy Clay,Coastal Andhra,444.2,2,52.8,0.94,14.3,2898,0,32.9,Low,0
East Godavari,BW-EAS-00565,382.5,67.2,5.3,16.1,Sandy Loam,Coastal Andhra,603.3,3,61.5,2.05,6.1,2622,4.1,51.8,Medium,0
East Godavari,BW-EAS-00566,370.4,77.6,2.6,10.7,Sandy Loam,Coastal Andhra,335.4,4,61.4,1.53,5.8,1993,0,39.0,Medium,0
East Godavari,BW-EAS-00567,272.1,68.5,5.6,7.8,Sandy Loam,Coastal Andhra,718.3,0,60.8,3.48,10.7,2821,7.8,76.5,High,1
East Godavari,BW-EAS-00568,324.0,73.8,0.0,7.3,Sandy Loam,Coastal Andhra,603.8,1,55.0,1.74,11.1,2850,0,39.3,Medium,0
East Godavari,BW-EAS-00569,332.0,69.2,15.3,6.5,Sandy Loam,Coastal Andhra,676.9,3,68.5,3.78,7.6,1884,14.5,88.7,High,1
East Godavari,BW-EAS-00570,336.6,60.7,1.8,6.5,Sandy Loam,Coastal Andhra,725.5,1,55.6,3.3,12.5,2911,2.0,57.7,Medium,1
East Godavari,BW-EAS-00571,199.2,74.3,0.4,9.0,Sandy Clay,Coastal Andhra,748.3,3,61.2,0.67,11.1,2522,0.5,34.8,Low,1
East Godavari,BW-EAS-00572,300.5,84.7,10.6,2.7,Sandy Clay,Coastal Andhra,577.3,2,55.9,5.7,9.3,2593,13.3,72.2,High,1
East Godavari,BW-EAS-00573,256.3,72.3,0.2,13.7,Sandy Loam,Coastal Andhra,471.9,0,58.8,0.77,8.9,2412,0.1,50.9,Medium,0
East Godavari,BW-EAS-00574,334.0,86.2,5.5,4.0,Sandy Loam,Coastal Andhra,671.9,1,56.7,3.1,15.7,2879,6.7,67.1,High,1
East Godavari,BW-EAS-00575,388.0,86.7,9.2,8.2,Sandy Clay,Coastal Andhra,554.1,2,59.8,5.79,7.8,2323,11.5,80.0,High,0
East Godavari,BW-EAS-00576,439.2,78.1,5.7,6.3,Sandy Loam,Coastal Andhra,350.2,1,43.0,2.38,4.2,2063,0.9,37.0,Medium,0
East Godavari,BW-EAS-00577,269.4,70.9,0.4,12.5,Sandy Loam,Coastal Andhra,745.8,4,58.7,1.08,2.7,2726,0,32.0,Low,1
East Godavari,BW-EAS-00578,400.1,64.9,0.1,9.1,Sandy Loam,Coastal Andhra,582.9,3,49.1,0.13,1.7,2359,0,12.4,Low,0
East Godavari,BW-EAS-00579,364.2,72.2,0.2,8.2,Sandy Clay,Coastal Andhra,671.5,1,55.7,2.39,8.6,2811,0.7,33.3,Low,1
East Godavari,BW-EAS-00580,419.1,85.8,20.1,9.2,Sandy Loam,Coastal Andhra,319.0,2,71.7,9.53,8.6,2466,23.7,100.0,High,1
East Godavari,BW-EAS-00581,290.0,84.3,1.9,8.7,Sandy Loam,Coastal Andhra,646.9,2,55.0,1.3,7.4,2949,0,37.5,Medium,1
East Godavari,BW-EAS-00582,440.3,85.7,6.6,6.2,Sandy Clay,Coastal Andhra,307.6,1,57.8,3.25,4.4,3046,6.5,59.8,Medium,0
East Godavari,BW-EAS-00583,144.9,68.8,3.2,7.4,Sandy Loam,Coastal Andhra,547.0,1,55.0,1.44,4.3,2613,4.5,39.0,Medium,1
East Godavari,BW-EAS-00584,229.4,85.6,4.0,7.6,Sandy Clay,Coastal Andhra,623.9,3,57.9,2.14,9.0,2632,3.2,46.2,Medium,0
East Godavari,BW-EAS-00585,303.2,64.2,7.3,4.0,Sandy Loam,Coastal Andhra,492.1,2,50.2,3.14,5.1,2886,7.8,50.7,Medium,0
East Godavari,BW-EAS-00586,334.3,69.9,7.1,6.4,Sandy Loam,Coastal Andhra,678.8,1,58.6,2.54,6.5,2824,8.0,60.7,Medium,0
East Godavari,BW-EAS-00587,122.4,72.4,15.7,17.0,Sandy Loam,Coastal Andhra,536.9,2,71.3,5.9,13.1,2835,12.2,100.0,High,1
East Godavari,BW-EAS-00588,423.6,72.7,5.5,11.8,Sandy Loam,Coastal Andhra,574.1,4,60.3,3.24,2.7,2806,2.3,56.6,Medium,1
East Godavari,BW-EAS-00589,300.6,74.0,22.3,11.0,Sandy Loam,Coastal Andhra,572.1,2,77.7,11.03,14.7,2207,22.5,100.0,High,1
East Godavari,BW-EAS-00590,283.1,73.3,21.7,5.9,Sandy Clay,Coastal Andhra,642.4,2,69.2,7.53,10.6,2502,20.8,100.0,High,1
East Godavari,BW-EAS-00591,338.5,65.9,3.6,10.9,Sandy Clay,Coastal Andhra,537.0,4,59.3,1.26,9.0,2860,0.3,43.6,Medium,0
East Godavari,BW-EAS-00592,160.2,76.5,3.7,4.9,Sandy Clay,Coastal Andhra,761.6,4,53.8,2.54,4.1,2688,6.3,46.5,Medium,1
East Godavari,BW-EAS-00593,321.6,75.3,4.5,10.0,Sandy Clay,Coastal Andhra,342.0,3,57.1,4.68,3.9,2744,11.3,62.8,Medium,0
East Godavari,BW-EAS-00594,267.2,79.7,3.4,7.7,Sandy Loam,Coastal Andhra,692.0,2,57.8,2.74,11.0,2335,3.0,49.3,Medium,1
East Godavari,BW-EAS-00595,287.3,72.2,5.7,4.2,Sandy Loam,Coastal Andhra,464.0,2,56.4,4.39,12.5,2757,5.9,48.0,Medium,0
East Godavari,BW-EAS-00596,288.9,71.6,4.9,2.3,Sandy Clay,Coastal Andhra,673.6,3,63.5,2.96,12.1,2628,3.6,59.3,Medium,1
East Godavari,BW-EAS-00597,462.2,80.1,0.4,10.4,Sandy Loam,Coastal Andhra,396.8,1,55.3,1.04,15.6,2166,2.1,63.7,Medium,1
East Godavari,BW-EAS-00598,399.7,88.1,8.7,10.5,Sandy Loam,Coastal Andhra,326.5,3,67.4,5.65,2.7,2377,8.3,86.9,High,1
East Godavari,BW-EAS-00599,395.7,73.0,21.3,7.3,Sandy Loam,Coastal Andhra,662.2,0,75.5,8.31,9.8,3199,21.0,100.0,High,1
East Godavari,BW-EAS-00600,197.0,68.7,14.2,11.6,Sandy Clay,Coastal Andhra,522.5,4,70.8,7.18,9.3,2120,13.5,100.0,High,1
East Godavari,BW-EAS-00601,494.9,80.0,5.6,5.3,Sandy Clay,Coastal Andhra,646.3,1,51.5,2.51,9.0,2900,5.5,55.7,Medium,0
East Godavari,BW-EAS-00602,425.4,77.3,8.4,5.3,Sandy Loam,Coastal Andhra,512.1,4,60.5,2.35,3.7,2836,7.6,58.5,Medium,0
East Godavari,BW-EAS-00603,196.2,77.5,4.9,10.2,Sandy Clay,Coastal Andhra,559.6,1,62.9,3.37,10.2,2724,3.2,60.6,Medium,0
East Godavari,BW-EAS-00604,328.5,81.9,1.4,8.5,Sandy Loam,Coastal Andhra,300,5,52.6,4.12,14.6,2990,2.3,41.8,Medium,1
East Godavari,BW-EAS-00605,348.4,71.9,14.4,6.1,Sandy Clay,Coastal Andhra,621.4,1,60.5,6.35,9.3,2580,13.1,91.9,High,0
East Godavari,BW-EAS-00606,251.6,83.1,3.5,2.5,Sandy Loam,Coastal Andhra,491.3,0,52.9,2.3,11.0,2551,2.7,51.4,Medium,0
East Godavari,BW-EAS-00607,325.2,90.6,2.8,4.1,Sandy Loam,Coastal Andhra,780.1,2,63.3,2.41,13.0,2755,2.3,49.2,Medium,1
East Godavari,BW-EAS-00608,263.2,69.4,0.1,4.6,Sandy Loam,Coastal Andhra,608.2,1,45.6,0.1,10.7,2250,1.7,25.5,Low,0
East Godavari,BW-EAS-00609,300.1,84.4,8.5,11.9,Sandy Loam,Coastal Andhra,488.7,2,63.9,3.08,5.6,2544,5.3,64.1,Medium,1
East Godavari,BW-EAS-00610,353.4,84.5,12.1,7.9,Sandy Loam,Coastal Andhra,617.7,3,64.6,4.45,4.1,2981,11.5,76.9,High,1
East Godavari,BW-EAS-00611,273.6,89.5,1.5,11.6,Sandy Loam,Coastal Andhra,485.1,2,58.0,3.41,17.7,2298,2.6,59.2,Medium,1
East Godavari,BW-EAS-00612,259.4,84.9,9.5,8.0,Sandy Loam,Coastal Andhra,456.4,2,61.1,5.62,13.2,2400,11.2,90.7,High,1
East Godavari,BW-EAS-00613,162.3,68.5,2.6,8.6,Sandy Loam,Coastal Andhra,536.9,2,60.0,1.26,6.0,3098,2.0,49.1,Medium,0
East Godavari,BW-EAS-00614,484.4,81.6,13.2,9.9,Sandy Loam,Coastal Andhra,575.0,2,69.4,6.61,15.7,2445,11.3,100.0,High,1
East Godavari,BW-EAS-00615,174.7,76.9,20.4,8.5,Sandy Loam,Coastal Andhra,519.5,3,76.5,8.54,10.8,1839,22.3,100.0,High,1
East Godavari,BW-EAS-00616,401.5,71.1,4.9,9.2,Sandy Loam,Coastal Andhra,463.6,4,58.8,4.21,8.1,2338,3.5,55.5,Medium,0
Konaseema,BW-KON-00617,311.7,5.0,14.5,2.5,Sandy Clay,Coastal Andhra,589.4,1,63.0,5.26,10.5,2919,13.6,100.0,High,1
Konaseema,BW-KON-00618,242.5,10.4,10.3,3.3,Sandy Clay,Coastal Andhra,562.2,1,59.6,2.88,6.8,3185,12.8,74.9,High,0
Konaseema,BW-KON-00619,412.7,5.0,3.9,7.1,Sandy Clay,Coastal Andhra,475.2,1,66.7,2.49,10.3,3010,6.2,59.5,Medium,0
Konaseema,BW-KON-00620,317.4,5.0,10.8,2.7,Sandy Loam,Coastal Andhra,568.4,3,62.1,4.93,13.9,2419,14.2,87.6,High,1
Konaseema,BW-KON-00621,169.1,21.3,0.4,10.1,Sandy Clay,Coastal Andhra,805.2,0,58.0,1.28,4.9,3016,0,31.1,Low,0
Konaseema,BW-KON-00622,240.8,17.5,1.1,4.6,Sandy Clay,Coastal Andhra,678.7,1,54.8,0.26,7.4,2744,1.6,39.3,Medium,0
Konaseema,BW-KON-00623,410.4,8.7,5.1,13.0,Sandy Clay,Coastal Andhra,748.7,2,66.8,3.29,13.1,3260,6.7,74.5,High,1
Konaseema,BW-KON-00624,302.9,12.8,1.8,15.4,Sandy Clay,Coastal Andhra,571.8,1,59.5,2.36,7.5,2888,4.4,60.9,Medium,1
Konaseema,BW-KON-00625,290.7,27.4,19.4,6.9,Sandy Loam,Coastal Andhra,607.0,6,80.6,6.5,11.6,2732,20.5,100.0,High,1
Konaseema,BW-KON-00626,326.3,17.9,17.4,9.9,Sandy Loam,Coastal Andhra,442.3,6,68.6,5.92,1.2,2987,14.5,91.3,High,0
Konaseema,BW-KON-00627,193.3,15.3,8.4,1.7,Sandy Loam,Coastal Andhra,557.0,2,57.8,2.08,7.5,2289,8.6,52.2,Medium,1
Konaseema,BW-KON-00628,116.4,5.0,5.8,12.6,Sandy Clay,Coastal Andhra,599.3,5,52.7,2.57,6.9,3089,4.3,50.4,Medium,0
Konaseema,BW-KON-00629,306.1,13.8,2.7,8.9,Sandy Clay,Coastal Andhra,761.3,2,65.6,0.1,13.5,3416,1.7,50.8,Medium,0
Konaseema,BW-KON-00630,314.1,5.0,2.8,9.5,Sandy Loam,Coastal Andhra,492.7,3,57.1,4.0,3.2,2591,4.4,38.8,Medium,0
Konaseema,BW-KON-00631,202.6,16.6,0.1,14.1,Sandy Clay,Coastal Andhra,420.1,3,63.6,0.72,13.3,2752,0,43.1,Medium,1
Konaseema,BW-KON-00632,378.1,21.2,1.7,6.5,Sandy Loam,Coastal Andhra,507.1,2,55.5,2.55,7.9,2745,3.6,42.4,Medium,0
Konaseema,BW-KON-00633,382.8,28.2,22.6,8.2,Sandy Clay,Coastal Andhra,463.7,6,80.0,10.48,11.8,2526,22.1,100.0,High,1
Konaseema,BW-KON-00634,203.5,8.1,10.8,1.8,Sandy Loam,Coastal Andhra,781.6,2,57.1,5.47,10.4,2940,10.5,73.2,High,1
Konaseema,BW-KON-00635,382.7,18.9,0.3,10.0,Sandy Clay,Coastal Andhra,524.9,2,60.0,0.55,7.6,2674,0,38.8,Medium,0
Konaseema,BW-KON-00636,275.7,13.5,1.9,7.2,Sandy Clay,Coastal Andhra,472.3,1,67.6,3.05,9.9,2666,4.7,66.5,High,1
Konaseema,BW-KON-00637,234.9,14.8,1.1,7.1,Sandy Loam,Coastal Andhra,728.9,2,59.8,1.7,6.5,3000,0,34.8,Low,1
Konaseema,BW-KON-00638,244.6,17.7,1.9,4.8,Sandy Clay,Coastal Andhra,529.1,4,52.6,0.62,6.2,2410,0.0,16.0,Low,0
Konaseema,BW-KON-00639,327.2,15.6,1.8,2.1,Sandy Clay,Coastal Andhra,813.2,2,47.4,1.36,9.6,2628,0.3,26.4,Low,0
Konaseema,BW-KON-00640,138.4,12.9,0.7,8.5,Sandy Loam,Coastal Andhra,300,0,57.2,2.53,11.2,1934,0,45.5,Medium,0
Konaseema,BW-KON-00641,438.2,22.4,1.6,2.4,Sandy Clay,Coastal Andhra,587.3,0,52.7,2.01,8.7,2834,0.5,31.4,Low,0
Konaseema,BW-KON-00642,240.5,13.4,3.1,6.9,Sandy Loam,Coastal Andhra,578.4,2,53.5,2.87,6.8,3171,0.8,40.4,Medium,1
Konaseema,BW-KON-00643,399.8,15.4,8.8,6.7,Sandy Clay,Coastal Andhra,543.6,1,65.6,3.74,14.4,2991,11.8,87.2,High,1
Konaseema,BW-KON-00644,409.3,9.3,1.6,4.0,Sandy Clay,Coastal Andhra,538.4,3,51.5,1.47,7.9,2905,0.9,18.3,Low,0
Konaseema,BW-KON-00645,327.7,5.6,8.7,11.5,Sandy Loam,Coastal Andhra,733.4,1,67.4,3.55,7.5,2547,6.5,81.7,High,1
Konaseema,BW-KON-00646,268.4,5.0,0.8,7.6,Sandy Loam,Coastal Andhra,407.1,0,51.5,1.87,5.1,2727,0,42.6,Medium,0
Konaseema,BW-KON-00647,281.7,21.3,2.7,6.0,Sandy Loam,Coastal Andhra,444.8,0,54.8,2.05,7.6,3051,3.3,46.7,Medium,0
Konaseema,BW-KON-00648,266.6,17.3,13.2,10.9,Sandy Loam,Coastal Andhra,515.8,1,62.3,5.43,0.0,2655,11.8,89.9,High,1
Konaseema,BW-KON-00649,230.4,10.6,25.6,5.3,Sandy Loam,Coastal Andhra,636.6,3,78.3,8.74,5.2,2528,25.3,100.0,High,1
Konaseema,BW-KON-00650,306.6,5.0,5.6,11.4,Sandy Clay,Coastal Andhra,467.7,3,53.7,1.72,9.1,3147,3.7,43.2,Medium,0
Konaseema,BW-KON-00651,287.2,10.0,3.2,12.4,Sandy Clay,Coastal Andhra,428.8,1,58.8,2.91,5.3,2840,3.7,44.5,Medium,0
Konaseema,BW-KON-00652,144.3,5.0,0.3,8.9,Sandy Loam,Coastal Andhra,663.2,3,54.4,2.15,5.0,2911,2.4,25.4,Low,0
Konaseema,BW-KON-00653,324.5,25.9,21.3,5.1,Sandy Loam,Coastal Andhra,601.2,6,63.9,6.97,13.5,2968,20.7,100.0,High,1
Konaseema,BW-KON-00654,321.6,17.8,6.8,14.0,Sandy Clay,Coastal Andhra,578.1,2,66.8,3.24,12.5,3166,9.2,80.4,High,1
Konaseema,BW-KON-00655,245.2,11.1,0.6,10.8,Sandy Clay,Coastal Andhra,723.9,1,55.7,0.18,5.2,2979,0,35.3,Medium,0
Konaseema,BW-KON-00656,217.1,8.8,13.5,12.1,Sandy Loam,Coastal Andhra,691.7,2,73.1,5.84,12.3,2511,15.3,100.0,High,1
Konaseema,BW-KON-00657,391.3,11.7,0.8,4.5,Sandy Loam,Coastal Andhra,539.0,4,56.7,1.18,12.7,2536,2.1,29.2,Low,0
Konaseema,BW-KON-00658,253.8,9.8,15.0,4.7,Sandy Clay,Coastal Andhra,354.5,1,67.1,6.14,7.2,2691,15.3,100.0,High,1
Konaseema,BW-KON-00659,117.3,5.0,5.7,15.0,Sandy Clay,Coastal Andhra,552.3,4,57.4,1.22,6.9,3103,5.0,41.7,Medium,1
Konaseema,BW-KON-00660,277.1,15.4,40.1,5.2,Sandy Clay,Coastal Andhra,756.0,5,84.2,14.33,9.1,3004,37.2,100.0,High,1
Konaseema,BW-KON-00661,162.6,5.5,5.8,8.5,Sandy Clay,Coastal Andhra,399.0,1,58.3,3.38,8.1,2683,2.8,57.8,Medium,1
Konaseema,BW-KON-00662,336.1,5.0,5.1,4.4,Sandy Loam,Coastal Andhra,609.5,3,52.5,1.85,3.6,2948,3.4,26.4,Low,0
Konaseema,BW-KON-00663,296.1,19.6,0.7,13.0,Sandy Clay,Coastal Andhra,637.5,1,52.5,0.1,6.1,3642,0,31.8,Low,0
Konaseema,BW-KON-00664,221.4,5.0,8.2,10.0,Sandy Clay,Coastal Andhra,715.2,2,69.3,4.59,13.9,2614,6.3,78.3,High,1
Konaseema,BW-KON-00665,293.5,7.7,0.0,5.0,Sandy Clay,Coastal Andhra,776.9,3,59.0,1.11,8.1,3007,0.2,21.3,Low,0
Konaseema,BW-KON-00666,187.2,26.7,1.8,6.7,Sandy Loam,Coastal Andhra,626.8,2,53.8,2.42,3.7,2942,1.2,23.6,Low,0
Konaseema,BW-KON-00667,378.1,18.3,12.3,11.1,Sandy Clay,Coastal Andhra,740.5,3,65.3,3.81,7.7,2812,12.7,80.8,High,1
Konaseema,BW-KON-00668,123.8,5.0,29.9,6.8,Sandy Loam,Coastal Andhra,437.7,1,76.6,12.45,9.4,2763,29.0,100.0,High,1
Konaseema,BW-KON-00669,312.7,15.7,2.1,7.4,Sandy Loam,Coastal Andhra,778.1,1,54.3,1.86,7.2,2655,3.1,42.1,Medium,0
Konaseema,BW-KON-00670,271.8,9.5,1.1,7.5,Sandy Loam,Coastal Andhra,684.3,3,54.5,1.87,6.7,2577,1.2,29.8,Low,0
Konaseema,BW-KON-00671,218.6,20.5,8.5,8.9,Sandy Loam,Coastal Andhra,616.6,0,54.3,2.89,7.3,3128,7.7,71.2,High,0
Konaseema,BW-KON-00672,378.7,8.5,6.0,11.5,Sandy Loam,Coastal Andhra,576.0,1,61.9,1.31,6.2,3288,5.9,56.0,Medium,1
Konaseema,BW-KON-00673,165.0,11.1,2.5,7.5,Sandy Loam,Coastal Andhra,515.7,2,61.9,2.6,15.0,2703,1.7,61.2,Medium,1
Konaseema,BW-KON-00674,295.3,5.0,15.1,6.6,Sandy Clay,Coastal Andhra,607.7,2,68.2,5.35,6.4,2597,16.4,100.0,High,1
Konaseema,BW-KON-00675,216.6,5.0,9.4,7.5,Sandy Clay,Coastal Andhra,568.0,1,58.3,5.12,5.9,2910,7.7,65.0,High,0
Konaseema,BW-KON-00676,239.5,12.0,10.7,10.7,Sandy Clay,Coastal Andhra,637.3,5,66.2,4.71,2.5,2753,11.6,76.6,High,0
Konaseema,BW-KON-00677,201.5,8.9,2.9,9.1,Sandy Clay,Coastal Andhra,494.5,4,62.1,0.1,8.3,2489,0.8,34.0,Low,0
Konaseema,BW-KON-00678,249.2,14.2,2.3,8.7,Sandy Loam,Coastal Andhra,596.3,2,56.1,2.75,11.0,3020,1.0,43.3,Medium,0
Konaseema,BW-KON-00679,153.0,15.4,0.5,9.1,Sandy Clay,Coastal Andhra,783.2,0,48.4,1.03,0.6,3064,0,34.0,Low,0
Konaseema,BW-KON-00680,84.6,11.3,2.5,12.8,Sandy Clay,Coastal Andhra,633.7,2,62.1,0.69,12.6,3134,3.0,50.5,Medium,0
Konaseema,BW-KON-00681,281.5,7.3,3.0,5.7,Sandy Clay,Coastal Andhra,776.5,3,50.3,1.78,8.2,3138,2.0,29.7,Low,0
Konaseema,BW-KON-00682,365.1,25.9,16.0,5.6,Sandy Clay,Coastal Andhra,478.1,3,65.1,6.74,6.9,2603,12.3,96.6,High,1
Konaseema,BW-KON-00683,383.1,25.9,0.3,3.7,Sandy Clay,Coastal Andhra,543.4,3,51.5,2.33,6.4,2577,2.0,21.5,Low,0
Konaseema,BW-KON-00684,378.5,17.6,3.1,10.9,Sandy Clay,Coastal Andhra,608.6,3,53.7,2.87,7.9,2779,1.8,36.9,Medium,0
Konaseema,BW-KON-00685,333.6,16.5,2.6,4.7,Sandy Clay,Coastal Andhra,884.8,3,48.4,1.41,5.1,3385,7.1,24.6,Low,0
Konaseema,BW-KON-00686,274.2,14.9,6.7,4.1,Sandy Loam,Coastal Andhra,557.9,1,49.6,3.29,1.7,3041,6.5,54.7,Medium,1
Konaseema,BW-KON-00687,224.5,5.0,2.8,14.4,Sandy Loam,Coastal Andhra,731.9,1,61.2,3.73,9.3,2521,4.4,58.1,Medium,0
Konaseema,BW-KON-00688,373.4,21.1,0.2,15.4,Sandy Loam,Coastal Andhra,679.5,0,48.3,2.32,6.7,2897,0,40.1,Medium,0
Konaseema,BW-KON-00689,480.5,12.9,3.4,9.5,Sandy Loam,Coastal Andhra,557.1,3,61.7,0.73,9.6,3075,0.5,37.6,Medium,1
Konaseema,BW-KON-00690,345.2,5.0,1.6,15.2,Sandy Clay,Coastal Andhra,531.9,4,57.0,1.38,9.2,3220,2.0,41.3,Medium,0
Konaseema,BW-KON-00691,234.6,6.2,4.8,3.6,Sandy Clay,Coastal Andhra,594.6,1,51.1,3.54,2.1,2768,6.3,42.7,Medium,0
Konaseema,BW-KON-00692,331.0,20.1,9.0,8.5,Sandy Loam,Coastal Andhra,767.7,2,61.4,4.71,8.5,2810,11.8,80.7,High,0
Konaseema,BW-KON-00693,247.7,7.9,2.7,8.8,Sandy Loam,Coastal Andhra,633.6,1,52.4,0.16,9.6,3031,0.9,44.3,Medium,0
West Godavari,BW-WES-00694,73.3,23.3,27.6,3.8,Sandy Loam,Coastal Andhra,300,3,72.8,10.87,1.9,2676,26.8,100.0,High,1
West Godavari,BW-WES-00695,287.1,18.7,2.9,9.8,Sandy Clay,Coastal Andhra,571.5,3,58.9,1.23,8.0,3228,3.1,45.9,Medium,0
West Godavari,BW-WES-00696,181.6,34.4,1.5,7.0,Sandy Clay,Coastal Andhra,493.3,0,49.2,1.76,9.8,2843,0,42.3,Medium,1
West Godavari,BW-WES-00697,278.4,26.2,12.8,9.1,Sandy Loam,Coastal Andhra,501.4,0,61.1,5.85,2.5,2299,12.6,100.0,High,1
West Godavari,BW-WES-00698,457.6,22.0,10.0,6.5,Sandy Clay,Coastal Andhra,567.9,0,57.6,5.2,3.6,2877,10.8,69.6,High,1
West Godavari,BW-WES-00699,338.6,30.0,0.9,7.4,Sandy Loam,Coastal Andhra,372.0,2,52.1,2.66,9.3,2800,3.9,37.1,Medium,1
West Godavari,BW-WES-00700,144.6,12.2,2.0,9.0,Sandy Clay,Coastal Andhra,528.8,0,57.1,2.37,15.3,2755,2.4,72.1,High,1
West Godavari,BW-WES-00701,244.9,14.0,8.5,7.8,Sandy Clay,Coastal Andhra,516.9,3,65.6,2.41,8.6,2769,9.6,61.8,Medium,1
West Godavari,BW-WES-00702,427.8,26.9,3.2,9.1,Sandy Clay,Coastal Andhra,522.7,2,52.7,3.32,4.2,2682,2.7,43.6,Medium,1
West Godavari,BW-WES-00703,257.4,41.2,10.7,5.0,Sandy Loam,Coastal Andhra,520.0,3,54.1,5.0,11.9,2483,15.3,74.9,High,0
West Godavari,BW-WES-00704,300.3,31.4,1.6,8.0,Sandy Clay,Coastal Andhra,432.3,4,54.2,1.04,11.6,1866,1.8,29.2,Low,0
West Godavari,BW-WES-00705,220.8,29.6,27.7,10.9,Sandy Clay,Coastal Andhra,519.8,1,84.2,11.36,3.6,2337,26.3,100.0,High,1
West Godavari,BW-WES-00706,386.6,16.5,1.4,5.7,Sandy Clay,Coastal Andhra,533.3,0,50.0,2.04,9.0,2545,0,36.7,Medium,0
West Godavari,BW-WES-00707,331.4,30.1,1.4,6.8,Sandy Clay,Coastal Andhra,687.8,0,55.5,1.79,9.0,2459,0,50.9,Medium,0
West Godavari,BW-WES-00708,288.5,28.0,1.3,10.5,Sandy Loam,Coastal Andhra,462.7,2,59.2,1.35,13.6,3215,0.5,39.2,Medium,1
West Godavari,BW-WES-00709,368.3,28.8,3.1,7.3,Sandy Loam,Coastal Andhra,439.5,0,52.7,2.25,5.9,2371,3.2,44.6,Medium,0
West Godavari,BW-WES-00710,367.8,35.4,1.8,7.7,Sandy Loam,Coastal Andhra,527.9,1,57.5,3.14,4.6,2663,3.1,52.3,Medium,1
West Godavari,BW-WES-00711,169.9,33.2,5.7,9.0,Sandy Clay,Coastal Andhra,579.6,4,64.5,2.85,9.2,2668,9.6,65.9,High,0
West Godavari,BW-WES-00712,279.2,24.9,0.8,11.1,Sandy Loam,Coastal Andhra,300,0,57.6,1.47,11.3,2371,0,52.4,Medium,1
West Godavari,BW-WES-00713,215.6,30.7,17.7,9.1,Sandy Loam,Coastal Andhra,433.0,2,80.6,9.16,15.2,2557,19.0,100.0,High,1
West Godavari,BW-WES-00714,248.0,34.8,3.6,8.7,Sandy Loam,Coastal Andhra,394.3,3,56.2,3.13,4.2,2689,5.3,39.0,Medium,0
West Godavari,BW-WES-00715,181.1,20.3,1.6,7.3,Sandy Loam,Coastal Andhra,508.7,3,49.2,2.4,5.1,2960,3.0,30.7,Low,0
West Godavari,BW-WES-00716,404.6,20.8,6.8,2.7,Sandy Loam,Coastal Andhra,564.2,1,51.6,2.79,9.0,2638,4.8,42.0,Medium,0
West Godavari,BW-WES-00717,203.0,31.6,0.0,8.6,Sandy Loam,Coastal Andhra,417.6,2,60.6,0.83,16.0,2367,2.9,52.3,Medium,1
West Godavari,BW-WES-00718,280.6,20.6,2.5,11.0,Sandy Clay,Coastal Andhra,428.6,3,59.8,0.24,13.8,2706,0.9,45.7,Medium,1
West Godavari,BW-WES-00719,431.2,19.7,5.4,13.2,Sandy Clay,Coastal Andhra,496.7,3,62.6,2.09,3.5,2488,5.6,56.0,Medium,0
West Godavari,BW-WES-00720,230.7,29.4,3.7,6.6,Sandy Loam,Coastal Andhra,377.2,1,59.2,3.1,8.6,2601,1.8,49.5,Medium,1
West Godavari,BW-WES-00721,297.9,29.0,10.0,11.7,Sandy Loam,Coastal Andhra,632.5,1,59.7,3.82,2.1,2310,10.5,76.1,High,1
West Godavari,BW-WES-00722,298.0,26.5,6.6,15.9,Sandy Loam,Coastal Andhra,527.0,2,61.4,2.11,6.6,2998,5.8,67.9,High,1
West Godavari,BW-WES-00723,307.6,23.0,2.4,4.9,Sandy Clay,Coastal Andhra,573.0,3,49.7,0.53,8.7,2980,3.1,33.1,Low,1
West Godavari,BW-WES-00724,70.7,20.7,3.3,12.8,Sandy Clay,Coastal Andhra,534.5,2,56.1,2.47,1.5,2313,3.1,38.9,Medium,1
West Godavari,BW-WES-00725,270.2,29.9,10.4,7.3,Sandy Clay,Coastal Andhra,467.3,2,63.9,5.48,8.5,2418,14.5,83.8,High,1
West Godavari,BW-WES-00726,327.7,12.7,5.4,7.6,Sandy Clay,Coastal Andhra,516.1,0,57.0,3.34,7.3,2382,4.8,61.6,Medium,0
West Godavari,BW-WES-00727,184.7,28.0,16.2,5.9,Sandy Loam,Coastal Andhra,398.4,0,61.7,6.31,6.9,2237,17.4,100.0,High,1
West Godavari,BW-WES-00728,301.5,30.4,3.1,5.5,Sandy Clay,Coastal Andhra,300,3,53.8,1.11,6.4,2372,1.9,22.6,Low,0
West Godavari,BW-WES-00729,289.7,8.9,1.4,11.6,Sandy Clay,Coastal Andhra,535.1,1,46.4,2.09,7.6,3217,2.4,37.9,Medium,0
West Godavari,BW-WES-00730,166.8,28.0,6.6,9.1,Sandy Loam,Coastal Andhra,491.7,1,66.5,4.56,10.2,2244,7.9,82.0,High,0
West Godavari,BW-WES-00731,400.6,27.3,4.0,4.8,Sandy Loam,Coastal Andhra,494.7,4,54.9,1.16,8.8,3110,1.4,42.9,Medium,0
West Godavari,BW-WES-00732,297.0,27.7,4.8,8.0,Sandy Loam,Coastal Andhra,632.2,1,55.9,0.8,8.1,2750,0,47.2,Medium,0
West Godavari,BW-WES-00733,82.6,32.6,6.0,12.2,Sandy Clay,Coastal Andhra,556.3,3,59.7,2.07,14.9,2462,5.6,67.8,High,1
West Godavari,BW-WES-00734,276.7,13.5,12.9,5.5,Sandy Loam,Coastal Andhra,464.7,3,62.6,4.0,11.0,2920,12.7,89.6,High,1
West Godavari,BW-WES-00735,282.3,31.8,10.1,8.5,Sandy Loam,Coastal Andhra,564.5,0,61.3,3.12,4.9,2922,9.5,77.8,High,0
West Godavari,BW-WES-00736,257.6,25.3,0.1,10.7,Sandy Clay,Coastal Andhra,469.9,0,53.9,1.41,4.5,2559,0.2,42.3,Medium,1
West Godavari,BW-WES-00737,319.7,24.2,0.1,4.1,Sandy Loam,Coastal Andhra,515.3,2,51.9,2.27,9.6,2803,0.6,29.0,Low,0
West Godavari,BW-WES-00738,454.0,29.7,0.0,5.7,Sandy Loam,Coastal Andhra,395.5,1,51.8,0.73,7.3,1881,0,35.2,Medium,0
West Godavari,BW-WES-00739,384.2,23.2,6.1,5.1,Sandy Loam,Coastal Andhra,502.9,1,56.7,4.23,9.5,2722,9.9,64.9,Medium,1
West Godavari,BW-WES-00740,223.2,32.3,2.0,3.0,Sandy Loam,Coastal Andhra,471.4,4,54.7,2.0,9.1,2985,4.4,36.5,Medium,0
West Godavari,BW-WES-00741,221.3,19.2,4.0,10.2,Sandy Loam,Coastal Andhra,525.1,0,54.5,3.82,7.7,2564,2.0,52.1,Medium,1
West Godavari,BW-WES-00742,237.6,24.2,3.7,5.1,Sandy Clay,Coastal Andhra,343.8,2,55.1,1.56,14.3,2295,2.4,45.4,Medium,0
West Godavari,BW-WES-00743,512.5,30.9,2.4,8.2,Sandy Clay,Coastal Andhra,387.7,1,62.5,2.51,8.5,2759,3.5,49.7,Medium,1
West Godavari,BW-WES-00744,423.3,14.4,6.4,3.6,Sandy Loam,Coastal Andhra,540.8,0,55.8,3.66,5.7,3038,4.8,61.7,Medium,1
West Godavari,BW-WES-00745,200.8,15.4,0.4,7.6,Sandy Loam,Coastal Andhra,783.0,1,51.0,1.21,11.8,2840,0.1,33.9,Low,0
West Godavari,BW-WES-00746,158.5,27.5,7.1,11.7,Sandy Loam,Coastal Andhra,607.9,2,56.1,2.31,11.2,2494,2.1,58.1,Medium,1
West Godavari,BW-WES-00747,267.8,24.9,4.2,9.7,Sandy Loam,Coastal Andhra,704.7,5,52.4,2.49,16.0,3724,3.3,52.3,Medium,0
West Godavari,BW-WES-00748,283.1,32.2,5.9,8.6,Sandy Loam,Coastal Andhra,496.3,2,62.3,1.77,6.0,2534,5.5,61.1,Medium,1
West Godavari,BW-WES-00749,357.4,24.3,1.6,6.0,Sandy Clay,Coastal Andhra,650.2,0,57.1,2.82,7.0,2454,4.8,57.3,Medium,1
West Godavari,BW-WES-00750,508.1,21.1,7.8,5.9,Sandy Loam,Coastal Andhra,447.7,1,57.2,3.24,7.0,2831,3.9,55.7,Medium,1
West Godavari,BW-WES-00751,370.6,35.2,5.2,8.6,Sandy Clay,Coastal Andhra,689.2,1,60.9,0.84,11.0,2591,4.8,67.5,High,0
West Godavari,BW-WES-00752,319.8,14.7,4.9,5.8,Sandy Loam,Coastal Andhra,516.3,1,51.1,3.69,4.0,2740,1.7,38.9,Medium,1
West Godavari,BW-WES-00753,297.6,35.4,5.7,14.5,Sandy Loam,Coastal Andhra,560.1,4,56.4,3.13,3.5,2673,7.0,48.7,Medium,0
West Godavari,BW-WES-00754,350.3,40.0,2.5,14.4,Sandy Loam,Coastal Andhra,300,1,59.9,1.54,7.8,2311,0,47.0,Medium,0
West Godavari,BW-WES-00755,368.7,23.5,8.2,10.4,Sandy Clay,Coastal Andhra,491.1,2,64.2,5.62,7.2,3121,7.3,66.9,High,1
West Godavari,BW-WES-00756,75.9,25.9,13.9,6.8,Sandy Loam,Coastal Andhra,376.4,1,57.3,4.72,4.5,2141,15.1,83.1,High,1
West Godavari,BW-WES-00757,253.7,27.6,10.0,7.8,Sandy Clay,Coastal Andhra,407.4,1,69.0,4.88,16.8,2628,12.3,100.0,High,1
West Godavari,BW-WES-00758,418.2,21.6,3.5,3.3,Sandy Loam,Coastal Andhra,364.5,1,52.9,1.12,5.1,2402,5.3,37.7,Medium,1
West Godavari,BW-WES-00759,71.9,21.5,1.9,4.0,Sandy Loam,Coastal Andhra,404.3,3,54.4,1.45,7.7,2848,4.4,33.1,Low,0
West Godavari,BW-WES-00760,225.1,34.9,1.8,7.1,Sandy Clay,Coastal Andhra,488.8,3,56.5,1.88,9.1,2044,0.4,29.2,Low,0
West Godavari,BW-WES-00761,303.3,26.8,1.5,10.7,Sandy Clay,Coastal Andhra,556.0,2,62.9,1.19,13.4,3114,1.0,46.3,Medium,0
West Godavari,BW-WES-00762,506.5,32.7,11.1,3.4,Sandy Loam,Coastal Andhra,405.9,1,56.5,4.79,3.2,2669,10.4,69.1,High,1
West Godavari,BW-WES-00763,347.9,28.7,0.0,8.7,Sandy Loam,Coastal Andhra,635.7,4,51.0,0.26,7.2,3310,0,17.8,Low,0
West Godavari,BW-WES-00764,207.1,36.9,1.5,9.4,Sandy Loam,Coastal Andhra,669.6,0,59.4,0.1,9.0,2988,0,45.0,Medium,0
West Godavari,BW-WES-00765,481.1,12.5,15.8,5.2,Sandy Clay,Coastal Andhra,633.4,1,63.7,7.16,8.7,2580,14.1,100.0,High,1
West Godavari,BW-WES-00766,127.4,12.1,2.2,7.2,Sandy Clay,Coastal Andhra,629.3,3,57.1,0.47,7.6,3241,0,39.3,Medium,0
West Godavari,BW-WES-00767,206.2,23.1,4.6,9.8,Sandy Loam,Coastal Andhra,464.7,2,55.6,2.52,8.8,3016,3.5,42.4,Medium,0
West Godavari,BW-WES-00768,90.9,13.9,1.5,7.8,Sandy Clay,Coastal Andhra,803.3,1,54.3,2.7,15.1,3112,2.7,50.7,Medium,0
West Godavari,BW-WES-00769,216.7,30.5,2.1,5.7,Sandy Loam,Coastal Andhra,312.6,4,52.0,1.05,9.3,2223,0.6,11.2,Low,1
West Godavari,BW-WES-00770,180.3,22.6,6.9,3.6,Sandy Loam,Coastal Andhra,702.5,3,55.7,2.39,7.7,2286,6.1,46.0,Medium,0
Eluru,BW-ELU-00771,519.4,68.7,3.1,8.0,Sandy Loam,Coastal Andhra,725.8,3,58.1,2.4,4.4,2638,1.9,47.8,Medium,0
Eluru,BW-ELU-00772,505.1,77.8,3.9,14.0,Sandy Clay,Coastal Andhra,613.4,4,71.4,3.89,15.6,2596,5.5,81.0,High,1
Eluru,BW-ELU-00773,393.5,70.8,5.6,13.8,Sandy Clay,Coastal Andhra,645.8,2,60.9,3.34,6.0,2920,5.0,64.0,Medium,1
Eluru,BW-ELU-00774,315.3,79.9,11.4,11.7,Sandy Clay,Coastal Andhra,671.2,2,69.5,3.92,13.8,2365,11.5,96.7,High,1
Eluru,BW-ELU-00775,345.7,77.5,8.1,7.8,Sandy Clay,Coastal Andhra,488.0,0,56.3,2.87,9.5,2406,1.2,67.5,High,1
Eluru,BW-ELU-00776,200.4,79.0,9.3,7.2,Sandy Loam,Coastal Andhra,614.7,2,59.2,3.02,10.0,2688,8.2,71.4,High,0
Eluru,BW-ELU-00777,373.4,70.1,14.4,9.0,Sandy Clay,Coastal Andhra,829.2,2,67.5,5.34,13.2,2554,13.7,100.0,High,1
Eluru,BW-ELU-00778,243.8,69.2,1.6,4.1,Sandy Loam,Coastal Andhra,638.9,2,49.3,1.59,7.9,2402,2.2,30.3,Low,0
Eluru,BW-ELU-00779,374.6,71.1,5.0,10.0,Sandy Clay,Coastal Andhra,560.2,5,60.2,1.9,4.4,2655,6.1,49.4,Medium,0
Eluru,BW-ELU-00780,244.0,70.1,5.9,9.0,Sandy Clay,Coastal Andhra,673.3,6,58.4,3.43,10.1,2235,6.9,58.1,Medium,1
Eluru,BW-ELU-00781,304.3,78.5,0.1,6.4,Sandy Clay,Coastal Andhra,937.1,2,51.6,0.95,7.3,3340,0,19.0,Low,0
Eluru,BW-ELU-00782,318.8,70.4,0.2,5.8,Sandy Loam,Coastal Andhra,724.3,1,51.5,2.31,8.4,2550,0,37.3,Medium,0
Eluru,BW-ELU-00783,275.3,70.6,3.3,5.8,Sandy Clay,Coastal Andhra,706.6,2,55.7,1.84,3.7,1966,4.1,43.5,Medium,0
Eluru,BW-ELU-00784,219.6,68.4,13.0,11.6,Sandy Clay,Coastal Andhra,854.9,2,70.7,4.35,7.2,2766,14.8,100.0,High,1
Eluru,BW-ELU-00785,329.7,59.5,6.7,9.9,Sandy Loam,Coastal Andhra,711.6,2,62.4,2.32,7.3,2934,6.7,67.1,High,1
Eluru,BW-ELU-00786,394.6,77.5,7.2,8.7,Sandy Loam,Coastal Andhra,767.1,1,63.3,3.71,5.6,2038,5.3,72.5,High,0
Eluru,BW-ELU-00787,292.1,81.3,0.9,8.6,Sandy Loam,Coastal Andhra,605.5,5,48.2,1.75,6.3,2698,2.8,34.7,Low,0
Eluru,BW-ELU-00788,346.1,77.2,1.2,10.3,Sandy Loam,Coastal Andhra,618.2,2,52.3,0.9,6.9,2955,3.4,24.9,Low,0
Eluru,BW-ELU-00789,258.1,75.4,6.2,5.4,Sandy Loam,Coastal Andhra,768.4,2,59.0,4.51,11.7,2814,3.6,57.1,Medium,0
Eluru,BW-ELU-00790,348.3,78.1,1.3,11.0,Sandy Loam,Coastal Andhra,649.0,0,53.8,2.01,7.3,2455,0,45.5,Medium,1
Eluru,BW-ELU-00791,261.2,78.1,1.3,6.9,Sandy Clay,Coastal Andhra,655.8,3,54.7,0.96,8.4,3092,3.2,33.4,Low,0
Eluru,BW-ELU-00792,187.8,88.3,4.2,9.1,Sandy Loam,Coastal Andhra,608.2,2,54.0,1.81,11.3,2045,3.8,56.8,Medium,0
Eluru,BW-ELU-00793,246.0,75.3,10.1,9.4,Sandy Clay,Coastal Andhra,755.9,2,61.2,3.44,0.0,2561,9.5,69.0,High,1
Eluru,BW-ELU-00794,458.0,67.4,6.7,9.4,Sandy Loam,Coastal Andhra,678.8,5,67.2,2.9,10.1,3014,3.9,63.1,Medium,1
Eluru,BW-ELU-00795,333.1,66.3,2.6,13.2,Sandy Clay,Coastal Andhra,758.3,0,57.5,1.61,0.5,2710,5.0,46.1,Medium,0
Eluru,BW-ELU-00796,336.2,81.5,3.0,7.8,Sandy Clay,Coastal Andhra,568.3,6,61.2,1.44,12.1,2734,3.9,41.2,Medium,1
Eluru,BW-ELU-00797,434.3,79.7,1.2,9.0,Sandy Clay,Coastal Andhra,684.0,1,60.2,0.1,7.3,3081,0,35.5,Medium,0
Eluru,BW-ELU-00798,352.0,71.2,6.4,2.1,Sandy Loam,Coastal Andhra,628.5,2,57.6,4.75,7.3,3047,3.4,51.1,Medium,0
Eluru,BW-ELU-00799,135.9,85.9,6.1,10.9,Sandy Loam,Coastal Andhra,784.2,1,56.0,2.56,9.3,2928,3.6,65.6,High,0
Eluru,BW-ELU-00800,362.2,85.0,0.1,8.5,Sandy Loam,Coastal Andhra,662.2,2,58.4,0.37,8.5,2525,0,38.9,Medium,0
Eluru,BW-ELU-00801,300.3,75.5,0.6,6.9,Sandy Loam,Coastal Andhra,734.9,2,56.4,0.1,7.8,2522,2.1,32.6,Low,0
Eluru,BW-ELU-00802,416.2,83.0,5.0,7.8,Sandy Clay,Coastal Andhra,753.9,5,53.1,2.68,6.5,2691,7.0,40.4,Medium,0
Eluru,BW-ELU-00803,352.0,76.5,4.4,12.5,Sandy Loam,Coastal Andhra,713.2,1,59.5,2.94,5.6,2673,9.8,69.8,High,1
Eluru,BW-ELU-00804,286.3,80.5,13.2,11.4,Sandy Loam,Coastal Andhra,832.5,1,67.7,5.48,7.7,3156,12.8,100.0,High,1
Eluru,BW-ELU-00805,400.2,81.1,1.4,9.9,Sandy Loam,Coastal Andhra,540.6,2,52.3,0.9,5.9,2980,0.8,33.1,Low,0
Eluru,BW-ELU-00806,401.8,79.0,7.0,13.9,Sandy Clay,Coastal Andhra,722.1,1,66.8,2.57,10.0,2914,5.8,83.5,High,1
Eluru,BW-ELU-00807,342.9,91.9,1.0,8.7,Sandy Loam,Coastal Andhra,564.8,1,52.9,0.69,9.6,2307,0,34.9,Low,0
Eluru,BW-ELU-00808,495.9,70.5,9.0,9.2,Sandy Loam,Coastal Andhra,818.1,0,57.7,2.79,15.3,2562,7.7,81.2,High,1
Eluru,BW-ELU-00809,225.3,70.5,19.6,8.1,Sandy Loam,Coastal Andhra,638.2,2,65.1,7.59,6.9,2386,20.0,100.0,High,1
Eluru,BW-ELU-00810,202.2,70.0,0.6,7.9,Sandy Loam,Coastal Andhra,709.7,5,55.1,1.58,7.9,3018,1.2,36.2,Medium,0
Eluru,BW-ELU-00811,412.7,80.5,2.2,10.1,Sandy Loam,Coastal Andhra,723.8,1,51.7,2.97,9.7,2719,0,59.2,Medium,0
Eluru,BW-ELU-00812,279.8,76.1,0.4,12.4,Sandy Loam,Coastal Andhra,690.3,0,54.2,2.51,6.2,3099,0.7,49.6,Medium,0
Eluru,BW-ELU-00813,211.2,81.2,5.9,12.3,Sandy Loam,Coastal Andhra,595.1,3,66.7,2.63,9.2,2334,7.4,70.6,High,0
Eluru,BW-ELU-00814,257.5,87.4,3.5,11.8,Sandy Clay,Coastal Andhra,620.7,2,63.6,1.74,12.1,3525,0.9,57.6,Medium,0
Eluru,BW-ELU-00815,328.2,80.6,2.8,6.5,Sandy Clay,Coastal Andhra,778.9,0,58.2,1.46,11.0,2327,0.4,54.4,Medium,0
Eluru,BW-ELU-00816,415.3,74.3,4.5,5.9,Sandy Loam,Coastal Andhra,643.5,0,52.9,2.25,8.1,2505,2.8,51.9,Medium,0
Eluru,BW-ELU-00817,224.4,71.7,12.2,10.1,Sandy Clay,Coastal Andhra,584.4,0,66.4,6.64,14.1,2420,10.6,100.0,High,1
Eluru,BW-ELU-00818,325.0,72.7,3.8,10.5,Sandy Loam,Coastal Andhra,611.7,4,55.6,0.98,2.5,2811,3.2,36.9,Medium,0
Eluru,BW-ELU-00819,355.9,74.6,4.1,3.0,Sandy Clay,Coastal Andhra,721.4,2,53.7,1.5,8.1,2550,1.9,40.3,Medium,0
Eluru,BW-ELU-00820,297.3,81.0,2.4,3.0,Sandy Loam,Coastal Andhra,459.3,1,60.3,2.64,3.9,3060,4.3,51.2,Medium,1
Eluru,BW-ELU-00821,284.6,79.6,11.4,3.5,Sandy Loam,Coastal Andhra,647.7,3,65.9,4.75,8.5,2291,10.2,79.8,High,0
Eluru,BW-ELU-00822,362.7,78.9,3.2,8.3,Sandy Loam,Coastal Andhra,678.6,1,55.1,1.87,9.3,2488,5.5,53.6,Medium,0
Eluru,BW-ELU-00823,301.2,88.1,2.6,8.5,Sandy Loam,Coastal Andhra,619.8,5,53.6,1.32,5.3,2758,1.0,34.9,Low,0
Eluru,BW-ELU-00824,535.4,78.7,7.4,6.9,Sandy Clay,Coastal Andhra,833.5,4,62.1,3.79,5.8,2420,9.6,59.0,Medium,0
Eluru,BW-ELU-00825,137.3,87.3,2.4,4.2,Sandy Loam,Coastal Andhra,711.6,0,55.9,1.07,9.6,2302,4.2,51.5,Medium,1
Eluru,BW-ELU-00826,272.1,90.0,6.1,8.6,Sandy Clay,Coastal Andhra,709.9,3,61.1,4.74,11.7,2725,9.2,65.8,High,1
Eluru,BW-ELU-00827,496.4,74.9,10.9,11.4,Sandy Clay,Coastal Andhra,542.6,4,60.4,5.18,8.4,3176,13.3,90.8,High,1
Eluru,BW-ELU-00828,335.0,85.3,0.7,9.4,Sandy Loam,Coastal Andhra,745.2,0,57.4,0.92,5.3,2574,0,42.9,Medium,0
Eluru,BW-ELU-00829,303.6,78.4,1.1,5.8,Sandy Clay,Coastal Andhra,743.5,3,52.0,0.68,12.3,2627,3.5,28.4,Low,0
Eluru,BW-ELU-00830,301.1,77.0,5.1,10.6,Sandy Loam,Coastal Andhra,661.7,2,58.4,2.14,5.5,2758,5.1,45.7,Medium,1
Eluru,BW-ELU-00831,225.4,72.4,5.7,5.8,Sandy Clay,Coastal Andhra,769.1,3,58.7,4.91,8.1,2999,5.2,57.3,Medium,0
Eluru,BW-ELU-00832,443.6,74.3,0.7,1.1,Sandy Loam,Coastal Andhra,691.9,1,37.7,2.65,2.4,2719,0,22.3,Low,0
Eluru,BW-ELU-00833,350.8,84.6,0.1,7.5,Sandy Clay,Coastal Andhra,666.9,3,59.6,1.23,12.4,2373,1.5,44.0,Medium,1
Eluru,BW-ELU-00834,330.1,86.0,13.6,14.3,Sandy Clay,Coastal Andhra,667.1,3,75.7,4.04,11.1,2313,10.7,100.0,High,1
Eluru,BW-ELU-00835,266.5,69.7,3.1,9.5,Sandy Loam,Coastal Andhra,483.2,4,51.4,3.88,8.0,1919,0,37.1,Medium,1
Eluru,BW-ELU-00836,335.2,60.1,0.0,5.1,Sandy Clay,Coastal Andhra,911.1,1,56.1,1.51,8.3,3243,0,21.4,Low,0
Eluru,BW-ELU-00837,284.7,90.6,3.4,6.6,Sandy Clay,Coastal Andhra,601.3,1,55.0,1.03,3.1,2750,6.4,48.4,Medium,0
Eluru,BW-ELU-00838,339.0,77.0,3.1,10.2,Sandy Loam,Coastal Andhra,678.4,2,62.2,3.9,12.5,2525,4.1,69.2,High,1
Eluru,BW-ELU-00839,263.6,79.7,7.9,7.2,Sandy Loam,Coastal Andhra,519.6,1,51.8,2.47,6.6,2792,8.1,65.0,High,0
Eluru,BW-ELU-00840,370.7,72.8,5.2,4.9,Sandy Loam,Coastal Andhra,636.0,2,54.0,2.46,15.8,2645,0.3,50.5,Medium,1
Eluru,BW-ELU-00841,250.6,82.1,9.9,1.0,Sandy Loam,Coastal Andhra,664.1,0,64.1,4.85,7.2,2174,10.7,92.8,High,1
Eluru,BW-ELU-00842,433.2,72.0,8.0,8.3,Sandy Clay,Coastal Andhra,668.4,4,60.8,3.1,10.9,2681,11.4,67.1,High,0
Eluru,BW-ELU-00843,303.5,72.3,17.2,9.4,Sandy Loam,Coastal Andhra,635.1,3,67.6,6.53,4.6,2100,18.4,100.0,High,1
Eluru,BW-ELU-00844,285.0,80.0,2.4,10.0,Sandy Loam,Coastal Andhra,730.7,4,55.9,1.32,9.3,2596,5.6,52.4,Medium,1
Eluru,BW-ELU-00845,206.4,90.6,51.3,7.9,Sandy Loam,Coastal Andhra,877.3,1,105.2,15.0,16.8,2527,48.4,100.0,High,1
Eluru,BW-ELU-00846,465.6,74.5,9.5,11.4,Sandy Loam,Coastal Andhra,848.3,3,58.5,4.96,5.8,2855,10.9,74.9,High,1
Eluru,BW-ELU-00847,340.0,90.2,5.0,5.5,Sandy Clay,Coastal Andhra,674.2,2,64.1,2.71,9.4,2808,3.6,54.7,Medium,1
Krishna,BW-KRI-00848,299.3,31.3,12.8,4.1,Sandy Clay,Coastal Andhra,608.2,2,61.5,6.9,10.9,3081,14.9,95.7,High,1
Krishna,BW-KRI-00849,283.0,30.5,1.0,10.7,Sandy Clay,Coastal Andhra,342.1,1,58.7,1.61,4.9,2522,3.7,45.5,Medium,0
Krishna,BW-KRI-00850,279.6,47.0,0.9,10.2,Sandy Loam,Coastal Andhra,541.8,1,50.8,1.55,7.1,2819,0,29.2,Low,1
Krishna,BW-KRI-00851,352.5,34.0,0.3,7.3,Sandy Clay,Coastal Andhra,475.7,2,50.9,0.83,6.9,2539,0,26.2,Low,0
Krishna,BW-KRI-00852,213.5,24.2,6.1,5.1,Sandy Clay,Coastal Andhra,814.6,2,57.7,2.23,10.7,3262,1.6,50.6,Medium,0
Krishna,BW-KRI-00853,218.0,32.6,5.2,6.3,Sandy Loam,Coastal Andhra,654.1,2,58.7,3.21,6.0,2826,6.0,50.9,Medium,0
Krishna,BW-KRI-00854,234.9,33.8,5.6,5.5,Sandy Clay,Coastal Andhra,540.1,3,60.1,2.27,9.0,2498,4.4,57.9,Medium,0
Krishna,BW-KRI-00855,228.1,36.4,11.4,8.1,Sandy Clay,Coastal Andhra,504.1,2,50.1,6.85,0.3,2083,15.4,76.8,High,1
Krishna,BW-KRI-00856,330.4,44.7,1.1,6.6,Sandy Loam,Coastal Andhra,610.1,3,52.3,0.83,0.6,2627,1.7,19.3,Low,0
Krishna,BW-KRI-00857,86.7,36.7,1.4,8.1,Sandy Clay,Coastal Andhra,469.3,0,50.4,0.19,4.8,2686,2.2,27.1,Low,0
Krishna,BW-KRI-00858,341.8,12.3,1.3,7.1,Sandy Loam,Coastal Andhra,722.4,2,54.0,0.63,8.5,3239,0,29.9,Low,1
Krishna,BW-KRI-00859,148.9,29.5,12.1,6.6,Sandy Clay,Coastal Andhra,576.5,2,64.0,4.5,11.4,3085,14.2,82.4,High,1
Krishna,BW-KRI-00860,503.8,21.1,18.6,6.8,Sandy Clay,Coastal Andhra,587.5,3,70.7,6.71,5.9,2958,17.9,100.0,High,1
Krishna,BW-KRI-00861,240.0,37.6,6.2,9.5,Sandy Loam,Coastal Andhra,637.0,3,57.1,3.28,3.3,3148,8.1,50.5,Medium,0
Krishna,BW-KRI-00862,228.5,13.2,6.3,7.7,Sandy Clay,Coastal Andhra,663.8,5,63.1,2.81,9.3,3174,7.0,65.4,High,1
Krishna,BW-KRI-00863,298.7,35.3,1.5,12.8,Sandy Loam,Coastal Andhra,770.4,2,56.1,0.66,3.3,2615,0,35.8,Medium,1
Krishna,BW-KRI-00864,256.1,36.4,0.1,5.6,Sandy Loam,Coastal Andhra,556.2,3,60.4,1.94,9.4,2486,1.6,35.0,Medium,0
Krishna,BW-KRI-00865,362.4,47.0,4.5,2.8,Sandy Loam,Coastal Andhra,488.6,0,59.6,3.05,14.2,2981,4.0,53.8,Medium,1
Krishna,BW-KRI-00866,285.7,51.4,15.0,6.2,Sandy Loam,Coastal Andhra,567.2,3,69.0,5.35,12.4,2617,17.7,100.0,High,1
Krishna,BW-KRI-00867,331.3,41.4,7.6,9.5,Sandy Clay,Coastal Andhra,441.8,2,61.0,1.92,10.8,2426,6.7,70.5,High,0
Krishna,BW-KRI-00868,353.3,32.5,2.7,12.2,Sandy Clay,Coastal Andhra,539.3,2,58.5,2.05,9.7,2420,3.0,56.3,Medium,1
Krishna,BW-KRI-00869,217.2,42.3,4.9,10.1,Sandy Loam,Coastal Andhra,533.5,2,50.0,1.53,0.0,2348,4.2,40.1,Medium,0
Krishna,BW-KRI-00870,348.2,34.5,5.7,3.5,Sandy Clay,Coastal Andhra,576.1,4,65.6,3.53,8.3,2107,7.3,56.6,Medium,0
Krishna,BW-KRI-00871,114.4,28.8,2.7,9.2,Sandy Clay,Coastal Andhra,718.3,2,51.0,1.86,7.7,2708,0,40.9,Medium,0
Krishna,BW-KRI-00872,383.8,37.3,13.7,10.2,Sandy Clay,Coastal Andhra,650.9,1,68.8,5.29,13.3,2829,16.4,100.0,High,1
Krishna,BW-KRI-00873,316.5,23.2,5.7,10.9,Sandy Clay,Coastal Andhra,741.0,2,52.6,3.18,3.7,2235,7.6,59.3,Medium,1
Krishna,BW-KRI-00874,394.5,30.6,0.2,8.4,Sandy Loam,Coastal Andhra,422.2,5,57.1,0.36,7.6,2699,0.3,29.5,Low,0
Krishna,BW-KRI-00875,78.5,28.5,5.6,6.8,Sandy Clay,Coastal Andhra,663.1,1,65.0,6.11,11.7,2880,7.6,77.8,High,0
Krishna,BW-KRI-00876,243.3,31.6,14.0,4.1,Sandy Loam,Coastal Andhra,560.7,2,66.5,6.94,7.6,3061,15.9,100.0,High,1
Krishna,BW-KRI-00877,260.0,18.1,0.6,6.4,Sandy Clay,Coastal Andhra,512.6,6,50.0,0.4,10.5,2110,0.2,22.3,Low,0
Krishna,BW-KRI-00878,280.2,42.1,5.1,8.8,Sandy Clay,Coastal Andhra,832.0,1,59.9,3.51,6.1,2858,4.7,64.3,Medium,1
Krishna,BW-KRI-00879,287.3,25.8,2.0,4.1,Sandy Loam,Coastal Andhra,593.8,0,58.2,2.42,7.1,2523,1.1,47.1,Medium,1
Krishna,BW-KRI-00880,335.4,27.4,2.5,9.3,Sandy Loam,Coastal Andhra,667.1,2,59.9,3.79,12.2,3302,2.7,58.6,Medium,1
Krishna,BW-KRI-00881,259.3,40.7,2.2,9.3,Sandy Loam,Coastal Andhra,552.3,4,62.5,0.54,14.9,2628,5.9,46.9,Medium,0
Krishna,BW-KRI-00882,274.3,30.7,5.0,12.9,Sandy Loam,Coastal Andhra,643.9,2,59.7,2.37,9.9,2565,4.5,64.4,Medium,0
Krishna,BW-KRI-00883,148.3,28.7,24.5,3.9,Sandy Clay,Coastal Andhra,300.9,1,76.0,10.01,7.2,2366,23.2,100.0,High,1
Krishna,BW-KRI-00884,234.3,34.8,6.9,6.5,Sandy Loam,Coastal Andhra,554.9,3,62.2,4.18,10.3,2788,7.9,65.4,High,1
Krishna,BW-KRI-00885,463.4,36.3,0.5,2.5,Sandy Loam,Coastal Andhra,557.6,4,41.0,0.1,4.2,2729,0.8,1.0,Low,0
Krishna,BW-KRI-00886,224.5,44.3,3.1,6.0,Sandy Clay,Coastal Andhra,676.1,2,54.9,2.76,10.8,2086,3.0,47.0,Medium,1
Krishna,BW-KRI-00887,386.6,27.4,3.4,5.8,Sandy Clay,Coastal Andhra,739.3,5,50.6,0.97,7.3,2503,6.6,38.0,Medium,1
Krishna,BW-KRI-00888,126.2,37.2,0.4,7.2,Sandy Loam,Coastal Andhra,492.0,3,53.7,0.89,7.0,2711,0,27.2,Low,1
Krishna,BW-KRI-00889,349.3,24.7,3.0,13.9,Sandy Loam,Coastal Andhra,623.6,1,58.3,3.29,7.6,2950,1.3,54.0,Medium,1
Krishna,BW-KRI-00890,169.6,29.1,12.7,7.9,Sandy Loam,Coastal Andhra,535.0,2,64.5,4.52,6.9,2447,9.1,91.4,High,1
Krishna,BW-KRI-00891,300.1,36.2,0.4,9.2,Sandy Loam,Coastal Andhra,472.4,1,45.9,1.61,3.8,2679,1.0,25.4,Low,0
Krishna,BW-KRI-00892,262.9,25.1,9.7,8.4,Sandy Loam,Coastal Andhra,532.0,5,68.1,5.22,7.5,2548,11.5,85.4,High,1
Krishna,BW-KRI-00893,196.1,37.7,1.0,8.9,Sandy Loam,Coastal Andhra,584.6,2,47.6,1.86,6.2,2480,0.6,28.7,Low,0
Krishna,BW-KRI-00894,168.3,23.3,0.2,14.3,Sandy Loam,Coastal Andhra,346.5,2,59.3,0.45,8.1,2759,1.2,35.1,Medium,0
Krishna,BW-KRI-00895,291.5,39.6,0.2,8.0,Sandy Clay,Coastal Andhra,669.6,2,49.2,0.57,9.3,2519,2.5,25.0,Low,0
Krishna,BW-KRI-00896,242.2,30.8,1.7,8.5,Sandy Loam,Coastal Andhra,735.3,2,56.6,1.78,9.2,2777,1.2,40.2,Medium,0
Krishna,BW-KRI-00897,283.0,33.7,2.4,7.7,Sandy Loam,Coastal Andhra,535.1,2,50.4,1.33,7.7,2847,1.6,31.4,Low,0
Krishna,BW-KRI-00898,146.5,38.6,0.9,3.0,Sandy Clay,Coastal Andhra,545.1,2,46.1,0.92,4.9,2857,1.5,21.2,Low,0
Krishna,BW-KRI-00899,283.4,28.0,4.9,12.1,Sandy Clay,Coastal Andhra,486.5,2,70.5,1.99,19.9,2671,5.6,83.1,High,1
Krishna,BW-KRI-00900,386.7,32.8,10.8,7.0,Sandy Loam,Coastal Andhra,611.4,5,58.7,6.27,14.7,2773,10.1,87.1,High,0
Krishna,BW-KRI-00901,271.8,33.8,7.6,8.7,Sandy Loam,Coastal Andhra,567.3,0,58.0,3.02,1.9,2570,8.4,66.2,High,1
Krishna,BW-KRI-00902,156.4,35.4,26.2,9.5,Sandy Loam,Coastal Andhra,745.7,1,84.7,10.22,7.0,2595,26.2,100.0,High,1
Krishna,BW-KRI-00903,253.9,22.0,12.0,6.5,Sandy Loam,Coastal Andhra,479.4,3,61.1,6.43,7.0,2873,15.0,88.0,High,1
Krishna,BW-KRI-00904,330.1,45.7,8.5,9.4,Sandy Clay,Coastal Andhra,578.5,5,60.6,4.37,7.2,2540,13.1,76.3,High,1
Krishna,BW-KRI-00905,141.6,37.6,20.1,5.7,Sandy Loam,Coastal Andhra,395.0,0,72.9,8.42,9.4,2875,19.0,100.0,High,1
Krishna,BW-KRI-00906,295.9,33.1,5.4,12.8,Sandy Loam,Coastal Andhra,632.8,4,62.5,2.11,11.8,2668,3.6,49.8,Medium,0
Krishna,BW-KRI-00907,225.4,22.5,2.5,5.0,Sandy Clay,Coastal Andhra,510.6,2,64.5,2.41,2.7,2621,0,43.5,Medium,0
Krishna,BW-KRI-00908,262.1,46.5,16.0,3.7,Sandy Clay,Coastal Andhra,422.0,3,60.6,6.53,7.1,2765,15.8,99.2,High,1
Krishna,BW-KRI-00909,456.5,49.5,2.1,14.1,Sandy Loam,Coastal Andhra,492.9,1,66.6,2.47,5.5,2141,0,65.1,High,1
Krishna,BW-KRI-00910,396.5,32.9,26.4,5.6,Sandy Loam,Coastal Andhra,698.6,0,78.3,8.97,9.6,3462,30.3,100.0,High,1
Krishna,BW-KRI-00911,233.8,19.7,0.9,11.4,Sandy Clay,Coastal Andhra,607.2,4,56.9,1.42,10.5,2714,0,36.7,Medium,0
Krishna,BW-KRI-00912,353.2,39.6,8.8,9.0,Sandy Loam,Coastal Andhra,300,3,66.0,2.69,7.7,2601,8.5,66.5,High,0
Krishna,BW-KRI-00913,314.7,36.6,2.7,1.9,Sandy Clay,Coastal Andhra,545.0,0,56.2,0.99,9.2,2398,3.1,44.3,Medium,0
Krishna,BW-KRI-00914,266.3,47.1,4.2,10.5,Sandy Clay,Coastal Andhra,337.1,1,61.3,3.25,3.5,2450,1.0,53.1,Medium,0
Krishna,BW-KRI-00915,253.1,31.9,0.3,13.1,Sandy Loam,Coastal Andhra,796.1,3,53.1,0.1,11.1,2983,0,31.2,Low,0
Krishna,BW-KRI-00916,322.6,29.3,1.4,8.4,Sandy Clay,Coastal Andhra,426.6,3,52.7,1.45,7.4,2772,0,25.3,Low,0
Krishna,BW-KRI-00917,171.8,26.9,1.6,10.7,Sandy Clay,Coastal Andhra,729.2,3,47.3,2.28,2.3,2749,1.6,19.8,Low,0
Krishna,BW-KRI-00918,309.4,39.4,0.2,6.2,Sandy Clay,Coastal Andhra,698.2,3,53.4,1.21,8.9,2590,0,22.1,Low,1
Krishna,BW-KRI-00919,300.2,36.2,1.2,10.2,Sandy Loam,Coastal Andhra,319.5,4,60.0,2.52,11.3,2599,3.8,37.2,Medium,0
Krishna,BW-KRI-00920,256.1,33.9,0.8,7.3,Sandy Loam,Coastal Andhra,587.5,0,47.0,2.31,10.3,2605,1.1,44.5,Medium,1
Krishna,BW-KRI-00921,370.3,30.8,0.1,4.6,Sandy Clay,Coastal Andhra,600.1,1,48.0,2.84,5.5,2501,3.3,30.7,Low,0
Krishna,BW-KRI-00922,174.0,33.1,4.5,15.3,Sandy Loam,Coastal Andhra,596.9,2,57.7,1.62,7.0,2397,5.8,58.7,Medium,1
Krishna,BW-KRI-00923,150.1,10.8,21.9,9.1,Sandy Clay,Coastal Andhra,583.1,4,69.9,9.6,2.3,3189,24.6,100.0,High,1
Krishna,BW-KRI-00924,386.5,17.5,20.5,10.2,Sandy Clay,Coastal Andhra,683.7,2,79.1,8.71,4.1,3051,23.5,100.0,High,1
NTR,BW-NTR-00925,325.3,8.7,7.5,10.4,Sandy Loam,Coastal Andhra,553.9,3,57.9,2.88,14.4,2921,6.3,60.3,Medium,1
NTR,BW-NTR-00926,254.0,30.4,1.0,10.4,Sandy Loam,Coastal Andhra,626.5,2,51.8,2.31,9.4,2760,3.3,37.0,Medium,1
NTR,BW-NTR-00927,335.4,14.3,2.5,9.6,Sandy Loam,Coastal Andhra,637.4,2,60.5,0.1,5.6,3198,0,32.9,Low,1
NTR,BW-NTR-00928,152.7,5.7,6.3,9.6,Sandy Clay,Coastal Andhra,623.6,2,55.3,2.92,3.4,2275,6.3,48.0,Medium,1
NTR,BW-NTR-00929,245.8,26.7,2.2,12.5,Sandy Clay,Coastal Andhra,813.7,1,50.2,1.31,1.0,3544,3.8,32.0,Low,0
NTR,BW-NTR-00930,368.1,22.6,3.9,9.1,Sandy Clay,Coastal Andhra,727.6,0,56.9,3.64,5.7,3495,4.3,63.3,Medium,1
NTR,BW-NTR-00931,294.9,15.9,19.5,12.0,Sandy Loam,Coastal Andhra,875.0,1,66.0,9.49,4.1,3371,20.9,100.0,High,1
NTR,BW-NTR-00932,257.0,34.1,4.7,14.5,Sandy Loam,Coastal Andhra,558.7,1,59.6,1.61,7.9,2659,5.2,64.3,Medium,0
NTR,BW-NTR-00933,295.1,32.2,5.9,13.0,Sandy Clay,Coastal Andhra,547.3,5,61.6,3.53,5.8,2911,6.0,63.7,Medium,1
NTR,BW-NTR-00934,291.2,36.9,4.7,9.6,Sandy Loam,Coastal Andhra,506.1,2,58.0,3.95,2.0,3238,6.7,50.9,Medium,1
NTR,BW-NTR-00935,172.8,25.1,6.2,12.2,Sandy Loam,Coastal Andhra,926.5,3,54.3,3.39,12.4,2556,5.2,60.3,Medium,1
NTR,BW-NTR-00936,330.3,6.7,1.2,7.6,Sandy Loam,Coastal Andhra,629.9,5,60.1,2.99,19.0,2636,0.5,46.8,Medium,0
NTR,BW-NTR-00937,261.9,14.1,3.0,8.2,Sandy Loam,Coastal Andhra,792.8,0,49.7,3.25,6.0,2945,5.6,56.2,Medium,0
NTR,BW-NTR-00938,230.4,13.9,2.4,7.6,Sandy Clay,Coastal Andhra,594.5,3,57.0,2.86,9.7,2620,3.6,40.7,Medium,0
NTR,BW-NTR-00939,321.5,23.8,2.6,10.4,Sandy Loam,Coastal Andhra,648.9,4,59.4,1.49,7.8,2593,0,39.6,Medium,0
NTR,BW-NTR-00940,190.8,14.3,2.1,14.8,Sandy Clay,Coastal Andhra,596.1,2,62.4,3.12,10.0,2734,4.7,70.8,High,0
NTR,BW-NTR-00941,329.7,34.1,0.5,15.3,Sandy Clay,Coastal Andhra,648.8,2,55.2,0.12,9.1,2221,0,34.2,Low,0
NTR,BW-NTR-00942,337.9,32.3,8.0,11.1,Sandy Clay,Coastal Andhra,756.1,0,72.3,4.32,2.7,2911,12.9,99.2,High,1
NTR,BW-NTR-00943,281.0,22.1,14.4,3.5,Sandy Loam,Coastal Andhra,599.7,1,65.9,7.29,10.1,2737,14.7,99.4,High,1
NTR,BW-NTR-00944,435.6,13.2,13.8,18.0,Sandy Loam,Coastal Andhra,834.5,0,72.2,4.55,8.5,3224,15.9,100.0,High,1
NTR,BW-NTR-00945,359.8,32.0,4.8,4.3,Sandy Clay,Coastal Andhra,526.4,2,51.9,2.19,0.0,3473,7.9,37.4,Medium,0
NTR,BW-NTR-00946,304.0,28.9,18.7,8.3,Sandy Loam,Coastal Andhra,640.3,3,77.1,7.81,7.1,2929,17.6,100.0,High,1
NTR,BW-NTR-00947,314.5,21.0,18.0,8.5,Sandy Clay,Coastal Andhra,670.8,4,66.3,7.8,5.1,2403,17.4,100.0,High,1
NTR,BW-NTR-00948,266.8,14.9,5.3,11.6,Sandy Loam,Coastal Andhra,808.5,0,57.7,3.69,9.0,3474,9.7,79.2,High,1
NTR,BW-NTR-00949,302.0,23.8,8.2,11.2,Sandy Clay,Coastal Andhra,685.3,3,60.2,4.99,8.3,2278,11.1,72.9,High,1
NTR,BW-NTR-00950,155.6,5.7,6.0,10.7,Sandy Loam,Coastal Andhra,674.8,2,58.8,3.21,12.7,2440,4.8,62.2,Medium,1
NTR,BW-NTR-00951,284.1,32.5,8.2,15.0,Sandy Loam,Coastal Andhra,733.6,3,61.5,4.08,2.6,3008,10.2,75.7,High,0
NTR,BW-NTR-00952,215.9,20.0,16.4,10.1,Sandy Loam,Coastal Andhra,831.2,1,66.9,6.98,3.7,3102,15.6,100.0,High,1
NTR,BW-NTR-00953,219.0,21.4,3.6,7.7,Sandy Loam,Coastal Andhra,775.5,2,60.6,2.19,11.8,2760,4.2,50.2,Medium,1
NTR,BW-NTR-00954,386.9,25.6,2.3,4.3,Sandy Loam,Coastal Andhra,671.6,1,53.2,0.1,12.3,2764,2.0,36.3,Medium,0
NTR,BW-NTR-00955,263.7,24.4,0.5,8.2,Sandy Clay,Coastal Andhra,692.9,2,54.1,1.99,7.3,3073,0.9,37.7,Medium,0
NTR,BW-NTR-00956,359.3,25.7,4.6,5.5,Sandy Clay,Coastal Andhra,711.2,2,57.7,1.75,8.7,2960,6.2,48.2,Medium,1
NTR,BW-NTR-00957,335.4,30.6,2.6,5.1,Sandy Loam,Coastal Andhra,971.5,2,50.3,0.93,2.0,3161,0.5,12.7,Low,0
NTR,BW-NTR-00958,303.2,15.5,10.1,9.0,Sandy Clay,Coastal Andhra,686.1,4,59.6,4.93,9.3,2675,11.5,76.1,High,0
NTR,BW-NTR-00959,353.6,14.2,2.1,7.9,Sandy Loam,Coastal Andhra,689.2,4,43.8,0.98,0.0,2852,1.3,18.7,Low,0
NTR,BW-NTR-00960,302.5,22.0,4.3,8.4,Sandy Clay,Coastal Andhra,876.6,1,60.2,3.07,15.3,3060,1.3,57.0,Medium,1
NTR,BW-NTR-00961,267.1,14.6,3.8,8.9,Sandy Clay,Coastal Andhra,750.1,0,56.2,3.68,3.6,3088,4.1,55.7,Medium,0
NTR,BW-NTR-00962,355.6,18.3,4.8,11.0,Sandy Loam,Coastal Andhra,624.2,1,58.9,2.57,4.0,3438,1.7,49.1,Medium,1
NTR,BW-NTR-00963,351.6,22.7,9.1,10.4,Sandy Loam,Coastal Andhra,683.2,2,65.8,3.63,8.2,2851,7.8,77.8,High,1
NTR,BW-NTR-00964,262.5,19.7,10.7,11.0,Sandy Loam,Coastal Andhra,766.0,1,66.8,5.24,11.7,3073,11.5,100.0,High,1
NTR,BW-NTR-00965,264.1,28.6,6.3,7.4,Sandy Clay,Coastal Andhra,684.3,2,57.7,2.56,1.9,3629,4.8,45.9,Medium,1
NTR,BW-NTR-00966,109.9,14.4,9.9,10.1,Sandy Clay,Coastal Andhra,780.7,4,68.0,5.39,10.5,2973,8.5,87.2,High,1
NTR,BW-NTR-00967,356.4,25.0,7.9,4.1,Sandy Clay,Coastal Andhra,676.4,1,63.0,4.14,8.0,3119,6.6,67.7,High,0
NTR,BW-NTR-00968,356.3,12.8,4.8,13.3,Sandy Clay,Coastal Andhra,485.7,6,52.7,2.22,6.3,2903,7.2,51.1,Medium,0
NTR,BW-NTR-00969,459.0,16.9,2.2,6.0,Sandy Loam,Coastal Andhra,601.9,2,49.3,2.96,5.9,2441,0.8,30.6,Low,0
NTR,BW-NTR-00970,186.5,22.1,0.6,12.2,Sandy Loam,Coastal Andhra,673.1,2,42.7,2.62,4.3,3048,1.2,29.1,Low,0
NTR,BW-NTR-00971,183.5,24.3,0.5,12.5,Sandy Clay,Coastal Andhra,704.3,0,56.7,1.05,12.0,3092,0,49.2,Medium,0
NTR,BW-NTR-00972,310.6,32.4,4.5,5.5,Sandy Clay,Coastal Andhra,832.6,5,47.1,2.97,6.1,2939,4.8,27.5,Low,0
NTR,BW-NTR-00973,164.4,24.4,3.3,2.3,Sandy Clay,Coastal Andhra,764.7,1,59.5,1.68,11.2,3149,4.8,48.5,Medium,1
NTR,BW-NTR-00974,114.0,25.0,2.3,1.0,Sandy Clay,Coastal Andhra,719.3,3,45.5,2.1,0.0,2692,1.8,5.8,Low,0
NTR,BW-NTR-00975,239.1,31.8,2.4,8.1,Sandy Loam,Coastal Andhra,827.6,2,56.8,1.99,7.1,3543,7.1,52.9,Medium,0
NTR,BW-NTR-00976,383.7,24.6,8.4,1.4,Sandy Loam,Coastal Andhra,741.9,0,59.5,4.73,1.5,3870,11.5,80.9,High,1
NTR,BW-NTR-00977,288.4,41.3,13.7,3.7,Sandy Loam,Coastal Andhra,624.0,0,68.5,5.48,8.3,2227,10.4,100.0,High,1
NTR,BW-NTR-00978,196.6,28.9,5.7,11.3,Sandy Loam,Coastal Andhra,578.2,2,67.1,4.6,15.8,2813,7.5,81.4,High,1
NTR,BW-NTR-00979,302.9,13.8,1.9,5.8,Sandy Clay,Coastal Andhra,489.6,2,49.2,2.1,9.4,2523,0,25.0,Low,1
NTR,BW-NTR-00980,343.3,12.3,10.1,1.3,Sandy Loam,Coastal Andhra,667.1,3,60.5,3.81,1.9,2721,9.5,68.9,High,0
NTR,BW-NTR-00981,205.3,27.7,12.0,9.1,Sandy Clay,Coastal Andhra,789.0,3,68.6,6.38,11.3,2880,12.6,88.4,High,1
NTR,BW-NTR-00982,242.4,8.5,2.6,6.2,Sandy Loam,Coastal Andhra,673.6,0,58.8,0.1,11.3,3077,1.6,47.3,Medium,1
NTR,BW-NTR-00983,264.9,19.9,1.0,7.4,Sandy Loam,Coastal Andhra,662.0,2,58.9,0.1,4.6,3045,1.8,30.0,Low,0
NTR,BW-NTR-00984,304.5,26.6,1.0,7.3,Sandy Loam,Coastal Andhra,574.4,1,46.9,1.37,0.9,2830,0.3,12.3,Low,0
NTR,BW-NTR-00985,252.0,16.4,2.9,6.4,Sandy Clay,Coastal Andhra,943.4,1,52.2,1.88,5.0,2859,2.1,42.6,Medium,0
NTR,BW-NTR-00986,157.2,8.8,0.1,7.1,Sandy Loam,Coastal Andhra,775.2,1,49.7,1.65,8.8,2833,1.7,36.0,Medium,0
NTR,BW-NTR-00987,288.9,31.0,16.1,2.8,Sandy Clay,Coastal Andhra,570.1,3,69.2,7.61,4.3,3306,16.3,100.0,High,1
NTR,BW-NTR-00988,250.6,15.7,4.7,8.5,Sandy Loam,Coastal Andhra,476.9,4,58.7,3.15,14.7,3209,5.6,60.5,Medium,0
NTR,BW-NTR-00989,364.1,21.7,6.2,1.0,Sandy Loam,Coastal Andhra,702.5,3,52.5,4.49,0.0,2852,4.8,37.9,Medium,0
NTR,BW-NTR-00990,403.0,21.3,11.7,11.5,Sandy Clay,Coastal Andhra,844.6,0,63.9,4.9,5.3,2675,7.2,88.0,High,1
NTR,BW-NTR-00991,306.0,22.4,5.8,8.3,Sandy Loam,Coastal Andhra,654.2,8,56.9,4.62,4.1,2571,4.1,49.8,Medium,0
NTR,BW-NTR-00992,183.0,12.3,6.3,10.6,Sandy Clay,Coastal Andhra,719.7,3,55.9,3.38,5.9,2691,2.3,54.5,Medium,0
NTR,BW-NTR-00993,175.5,21.7,0.1,7.5,Sandy Loam,Coastal Andhra,650.7,2,49.4,2.35,6.3,2558,0,33.7,Low,0
NTR,BW-NTR-00994,284.1,26.3,0.7,6.8,Sandy Loam,Coastal Andhra,774.8,5,53.3,2.95,9.3,3545,0.9,29.8,Low,0
NTR,BW-NTR-00995,266.1,18.8,1.1,7.9,Sandy Clay,Coastal Andhra,558.3,2,57.6,0.13,13.2,2626,3.7,43.2,Medium,0
NTR,BW-NTR-00996,207.9,5.0,21.7,4.8,Sandy Loam,Coastal Andhra,788.2,3,72.9,7.62,12.0,3521,21.7,100.0,High,1
NTR,BW-NTR-00997,334.3,10.1,4.2,11.0,Sandy Loam,Coastal Andhra,716.5,0,59.4,2.45,8.3,3202,5.7,67.5,High,1
NTR,BW-NTR-00998,251.0,25.7,2.7,6.1,Sandy Clay,Coastal Andhra,733.5,0,57.4,2.37,12.7,2789,3.0,51.5,Medium,0
NTR,BW-NTR-00999,268.4,24.7,8.0,9.2,Sandy Clay,Coastal Andhra,511.5,2,61.4,2.52,3.3,2606,9.3,66.8,High,1
NTR,BW-NTR-01000,338.3,25.5,16.0,7.4,Sandy Loam,Coastal Andhra,656.2,3,61.7,8.46,2.7,2652,15.6,100.0,High,1
NTR,BW-NTR-01001,115.1,15.4,0.1,9.4,Sandy Clay,Coastal Andhra,628.1,1,48.9,2.24,4.3,2268,1.9,39.8,Medium,1
Guntur,BW-GUN-01002,195.6,27.8,5.7,9.5,Sandy Clay,Coastal Andhra,486.3,2,63.6,4.1,13.6,2505,7.9,79.0,High,1
Guntur,BW-GUN-01003,208.6,28.4,0.5,13.3,Sandy Clay,Coastal Andhra,454.4,0,56.3,0.28,4.2,2395,0,34.7,Low,0
Guntur,BW-GUN-01004,191.0,5.0,7.7,5.0,Sandy Clay,Coastal Andhra,375.6,4,53.7,5.12,7.2,2820,12.0,60.2,Medium,1
Guntur,BW-GUN-01005,248.3,17.2,5.6,4.8,Sandy Loam,Coastal Andhra,481.3,2,54.3,4.77,10.7,2797,5.4,54.1,Medium,1
Guntur,BW-GUN-01006,167.0,14.3,6.4,6.3,Sandy Clay,Coastal Andhra,300,0,61.8,2.77,4.0,2772,5.1,64.0,Medium,1
Guntur,BW-GUN-01007,288.2,17.5,27.9,3.0,Sandy Clay,Coastal Andhra,606.2,1,72.7,10.65,10.7,2795,27.5,100.0,High,1
Guntur,BW-GUN-01008,77.2,27.2,17.1,5.5,Sandy Clay,Coastal Andhra,564.4,1,61.7,6.78,0.4,3020,16.1,96.0,High,1
Guntur,BW-GUN-01009,183.5,11.8,4.1,6.1,Sandy Clay,Coastal Andhra,313.1,3,62.1,2.25,9.4,2375,0.8,50.1,Medium,0
Guntur,BW-GUN-01010,320.1,19.4,1.0,8.9,Sandy Clay,Coastal Andhra,644.2,3,54.0,0.84,7.1,2768,0,29.4,Low,0
Guntur,BW-GUN-01011,474.4,9.0,1.1,7.3,Sandy Clay,Coastal Andhra,482.0,1,49.2,2.21,3.1,2746,1.2,32.8,Low,0
Guntur,BW-GUN-01012,225.4,28.0,1.1,6.4,Sandy Clay,Coastal Andhra,600.9,4,52.1,3.44,10.1,2368,0.8,41.6,Medium,0
Guntur,BW-GUN-01013,376.4,5.0,2.2,2.4,Sandy Loam,Coastal Andhra,571.4,1,53.4,1.46,14.4,2896,5.2,46.5,Medium,0
Guntur,BW-GUN-01014,250.6,17.9,2.7,8.6,Sandy Clay,Coastal Andhra,564.9,3,55.5,2.04,6.2,2339,5.5,40.7,Medium,0
Guntur,BW-GUN-01015,149.2,16.1,9.6,7.6,Sandy Clay,Coastal Andhra,530.6,1,68.8,3.98,14.8,2951,7.3,87.1,High,1
Guntur,BW-GUN-01016,312.5,31.8,5.8,10.8,Sandy Loam,Coastal Andhra,626.5,4,57.0,1.93,9.5,2805,7.4,59.0,Medium,1
Guntur,BW-GUN-01017,337.8,22.5,1.4,11.2,Sandy Clay,Coastal Andhra,338.9,2,58.7,1.84,7.3,3020,1.5,41.3,Medium,0
Guntur,BW-GUN-01018,435.7,18.6,5.9,10.5,Sandy Clay,Coastal Andhra,670.4,5,57.2,2.77,8.5,2978,3.8,56.6,Medium,0
Guntur,BW-GUN-01019,313.4,21.9,7.4,5.5,Sandy Loam,Coastal Andhra,729.4,3,61.4,2.59,10.0,3099,8.2,61.6,Medium,0
Guntur,BW-GUN-01020,368.3,20.8,2.9,6.8,Sandy Clay,Coastal Andhra,300,2,50.8,0.72,4.2,2229,3.2,30.6,Low,0
Guntur,BW-GUN-01021,498.6,31.6,0.2,8.7,Sandy Clay,Coastal Andhra,725.4,0,49.9,0.35,2.2,2498,0,25.4,Low,0
Guntur,BW-GUN-01022,266.7,5.0,0.6,7.6,Sandy Clay,Coastal Andhra,615.3,6,51.7,1.55,4.2,2825,2.2,32.0,Low,0
Guntur,BW-GUN-01023,69.2,19.2,2.7,9.1,Sandy Clay,Coastal Andhra,681.3,3,53.5,1.93,4.3,3275,3.8,30.2,Low,0
Guntur,BW-GUN-01024,386.4,29.8,7.9,10.8,Sandy Clay,Coastal Andhra,753.2,1,63.6,4.84,5.8,3115,7.6,81.8,High,0
Guntur,BW-GUN-01025,430.4,13.2,24.7,9.0,Sandy Loam,Coastal Andhra,520.9,3,82.6,8.22,9.7,2975,22.0,100.0,High,1
Guntur,BW-GUN-01026,232.7,13.2,0.4,9.5,Sandy Clay,Coastal Andhra,600.4,3,57.9,1.44,2.0,3030,0,31.2,Low,0
Guntur,BW-GUN-01027,347.0,20.2,27.8,2.6,Sandy Loam,Coastal Andhra,761.1,3,80.0,9.31,10.8,2628,29.3,100.0,High,1
Guntur,BW-GUN-01028,292.3,20.2,1.1,7.7,Sandy Clay,Coastal Andhra,731.6,3,52.0,1.42,10.3,2589,4.6,39.1,Medium,1
Guntur,BW-GUN-01029,188.4,14.5,5.4,8.0,Sandy Clay,Coastal Andhra,664.9,0,56.4,1.98,2.9,2770,5.3,51.8,Medium,1
Guntur,BW-GUN-01030,224.9,19.7,3.7,5.6,Sandy Loam,Coastal Andhra,489.3,2,54.8,2.9,7.1,2880,2.8,48.1,Medium,0
Guntur,BW-GUN-01031,206.3,20.0,1.0,4.4,Sandy Clay,Coastal Andhra,505.2,3,50.0,1.49,7.5,3051,4.6,25.5,Low,0
Guntur,BW-GUN-01032,280.2,16.7,15.3,5.5,Sandy Clay,Coastal Andhra,636.8,3,65.6,5.51,13.3,2752,11.1,100.0,High,1
Guntur,BW-GUN-01033,285.1,32.3,3.9,3.8,Sandy Loam,Coastal Andhra,445.5,2,57.9,1.13,10.0,2408,2.1,45.0,Medium,1
Guntur,BW-GUN-01034,127.8,24.7,1.1,5.9,Sandy Clay,Coastal Andhra,603.0,3,49.7,2.1,7.6,3020,1.7,15.0,Low,0
Guntur,BW-GUN-01035,266.4,29.0,8.8,8.1,Sandy Clay,Coastal Andhra,579.7,4,57.6,4.67,9.5,2370,11.1,71.9,High,1
Guntur,BW-GUN-01036,236.3,11.8,2.3,4.3,Sandy Loam,Coastal Andhra,758.2,5,52.4,1.74,11.8,2254,0.0,32.9,Low,0
Guntur,BW-GUN-01037,267.0,15.5,8.0,9.5,Sandy Loam,Coastal Andhra,577.9,2,53.7,2.39,4.3,2874,6.5,60.7,Medium,0
Guntur,BW-GUN-01038,274.3,13.2,0.3,3.4,Sandy Loam,Coastal Andhra,611.8,6,52.1,1.85,11.3,2865,2.7,23.7,Low,0
Guntur,BW-GUN-01039,143.3,14.0,5.5,3.7,Sandy Clay,Coastal Andhra,706.9,0,58.7,2.38,1.5,2539,2.6,46.8,Medium,0
Guntur,BW-GUN-01040,188.3,24.5,0.9,2.3,Sandy Loam,Coastal Andhra,572.9,1,46.6,1.41,3.3,2681,0,20.0,Low,0
Guntur,BW-GUN-01041,451.3,14.9,4.2,7.1,Sandy Clay,Coastal Andhra,689.1,1,51.7,2.69,6.1,2466,4.7,43.3,Medium,0
Guntur,BW-GUN-01042,372.4,16.3,3.4,10.6,Sandy Clay,Coastal Andhra,322.8,2,60.8,3.86,13.5,2168,3.7,61.7,Medium,1
Guntur,BW-GUN-01043,402.1,16.0,12.8,4.4,Sandy Loam,Coastal Andhra,423.8,4,62.2,7.03,13.9,3040,12.9,96.3,High,1
Guntur,BW-GUN-01044,268.6,11.1,3.2,14.7,Sandy Loam,Coastal Andhra,464.4,5,57.1,1.27,3.2,2877,0,35.8,Medium,0
Guntur,BW-GUN-01045,292.3,16.5,1.3,8.7,Sandy Clay,Coastal Andhra,519.9,0,57.1,0.89,2.0,2354,5.4,42.9,Medium,0
Guntur,BW-GUN-01046,193.4,26.3,9.1,9.7,Sandy Clay,Coastal Andhra,683.4,3,62.0,5.37,7.2,2150,9.1,74.4,High,0
Guntur,BW-GUN-01047,186.6,19.8,6.9,8.9,Sandy Loam,Coastal Andhra,588.4,1,63.5,4.48,10.0,2413,5.2,74.6,High,1
Guntur,BW-GUN-01048,210.7,21.4,1.0,11.3,Sandy Loam,Coastal Andhra,412.4,1,51.4,1.9,3.3,2781,3.1,40.6,Medium,1
Guntur,BW-GUN-01049,385.4,25.6,8.3,6.9,Sandy Loam,Coastal Andhra,628.3,1,57.4,2.59,11.3,2505,7.5,69.1,High,0
Guntur,BW-GUN-01050,146.8,26.9,10.8,8.2,Sandy Clay,Coastal Andhra,715.2,1,61.6,7.43,6.1,2786,12.4,97.5,High,1
Guntur,BW-GUN-01051,405.5,30.8,3.5,7.9,Sandy Loam,Coastal Andhra,598.2,1,60.7,1.48,8.9,2446,4.7,59.3,Medium,0
Guntur,BW-GUN-01052,472.7,15.3,10.5,8.8,Sandy Loam,Coastal Andhra,350.9,3,58.2,4.75,7.7,2272,11.0,80.4,High,1
Guntur,BW-GUN-01053,385.7,22.4,11.0,12.3,Sandy Clay,Coastal Andhra,422.0,3,74.6,5.77,8.3,2605,12.1,100.0,High,0
Guntur,BW-GUN-01054,264.1,27.4,1.5,8.0,Sandy Clay,Coastal Andhra,642.0,3,58.0,1.08,13.9,2761,2.6,35.1,Medium,0
Guntur,BW-GUN-01055,322.0,32.5,6.9,11.8,Sandy Loam,Coastal Andhra,653.5,2,64.1,2.42,4.5,3149,1.0,52.7,Medium,1
Guntur,BW-GUN-01056,152.3,5.5,10.2,9.5,Sandy Clay,Coastal Andhra,584.5,4,65.4,4.38,15.2,3173,10.1,85.6,High,0
Guntur,BW-GUN-01057,289.7,23.4,4.2,10.9,Sandy Clay,Coastal Andhra,300,2,60.7,1.79,8.2,2552,4.0,50.3,Medium,1
Guntur,BW-GUN-01058,227.2,21.0,1.5,5.3,Sandy Clay,Coastal Andhra,499.3,2,53.4,1.04,1.9,2861,0.0,28.7,Low,0
Guntur,BW-GUN-01059,318.1,24.7,5.4,10.4,Sandy Loam,Coastal Andhra,624.4,2,60.2,3.51,5.3,2370,6.8,60.0,Medium,1
Guntur,BW-GUN-01060,301.1,22.2,6.3,8.7,Sandy Loam,Coastal Andhra,755.4,4,60.3,3.62,10.9,2817,6.2,68.0,High,1
Guntur,BW-GUN-01061,222.6,24.0,25.5,11.5,Sandy Loam,Coastal Andhra,444.5,2,75.7,9.64,7.9,2547,26.4,100.0,High,1
Guntur,BW-GUN-01062,110.2,14.6,13.7,12.6,Sandy Loam,Coastal Andhra,561.9,6,72.0,5.87,12.1,3353,15.7,100.0,High,1
Guntur,BW-GUN-01063,387.3,22.9,24.2,5.3,Sandy Loam,Coastal Andhra,350.2,1,69.7,9.16,5.9,2707,19.9,100.0,High,1
Guntur,BW-GUN-01064,215.2,23.9,0.6,7.8,Sandy Loam,Coastal Andhra,488.2,2,47.2,2.28,7.0,2832,0,30.5,Low,0
Guntur,BW-GUN-01065,272.6,18.7,0.6,2.3,Sandy Clay,Coastal Andhra,690.3,2,48.5,1.34,13.5,2198,0,23.8,Low,0
Guntur,BW-GUN-01066,341.7,17.8,0.1,7.3,Sandy Clay,Coastal Andhra,840.7,2,50.2,3.24,2.7,3310,2.7,26.7,Low,0
Guntur,BW-GUN-01067,282.9,18.0,0.4,8.3,Sandy Clay,Coastal Andhra,543.4,1,56.6,0.77,14.9,2967,0,41.4,Medium,0
Guntur,BW-GUN-01068,324.5,10.4,8.6,8.8,Sandy Loam,Coastal Andhra,777.0,0,59.6,3.26,5.8,2921,9.6,78.6,High,0
Guntur,BW-GUN-01069,250.8,18.9,5.2,8.0,Sandy Loam,Coastal Andhra,585.8,0,60.5,2.66,10.6,3160,6.2,66.4,High,1
Guntur,BW-GUN-01070,360.5,21.2,0.9,9.6,Sandy Clay,Coastal Andhra,376.6,1,52.7,1.23,19.3,2941,0,52.1,Medium,1
Guntur,BW-GUN-01071,346.8,20.6,7.5,8.7,Sandy Loam,Coastal Andhra,727.2,0,61.9,4.05,3.3,2816,7.9,67.9,High,1
Guntur,BW-GUN-01072,264.0,16.9,13.7,8.3,Sandy Loam,Coastal Andhra,458.7,0,69.1,5.57,4.6,2297,16.1,100.0,High,1
Guntur,BW-GUN-01073,252.8,19.0,3.5,11.4,Sandy Loam,Coastal Andhra,646.8,1,57.0,2.21,11.8,2524,5.3,58.4,Medium,1
Guntur,BW-GUN-01074,350.1,19.6,16.4,4.6,Sandy Loam,Coastal Andhra,559.7,1,66.1,7.55,11.0,2461,19.0,100.0,High,1
Guntur,BW-GUN-01075,284.9,24.2,0.2,11.7,Sandy Loam,Coastal Andhra,412.6,1,53.8,0.1,8.1,2109,0,29.9,Low,1
Guntur,BW-GUN-01076,330.0,17.9,31.9,8.6,Sandy Clay,Coastal Andhra,574.9,0,80.7,11.99,10.8,2657,30.9,100.0,High,1
Guntur,BW-GUN-01077,155.1,16.5,2.5,4.6,Sandy Loam,Coastal Andhra,738.7,2,55.5,1.14,8.2,2964,0,35.2,Medium,1
Guntur,BW-GUN-01078,288.0,19.3,8.3,6.6,Sandy Loam,Coastal Andhra,443.1,2,62.4,4.06,9.0,2754,7.6,64.9,Medium,1
Palnadu,BW-PAL-01079,240.9,21.6,2.6,15.1,Sandy Loam,Coastal Andhra,433.4,2,53.1,1.34,0.0,2999,2.6,37.3,Medium,1
Palnadu,BW-PAL-01080,305.6,41.5,3.5,4.1,Sandy Loam,Coastal Andhra,324.9,2,58.9,3.52,11.1,2183,4.9,54.5,Medium,1
Palnadu,BW-PAL-01081,261.2,40.8,1.1,10.4,Sandy Loam,Coastal Andhra,391.1,1,52.5,1.13,3.8,2751,1.2,28.3,Low,0
Palnadu,BW-PAL-01082,290.9,27.7,9.7,7.5,Sandy Clay,Coastal Andhra,340.4,3,62.7,1.98,7.3,2574,8.4,63.2,Medium,0
Palnadu,BW-PAL-01083,351.3,31.6,14.0,9.7,Sandy Loam,Coastal Andhra,641.9,1,68.3,6.35,11.9,3053,15.3,100.0,High,0
Palnadu,BW-PAL-01084,193.5,31.7,4.7,6.8,Sandy Clay,Coastal Andhra,680.9,0,58.2,2.71,6.4,2423,6.4,64.0,Medium,1
Palnadu,BW-PAL-01085,163.9,46.4,1.0,6.5,Sandy Clay,Coastal Andhra,404.3,2,53.0,0.22,13.4,3046,0,34.9,Low,0
Palnadu,BW-PAL-01086,284.1,26.9,14.8,9.5,Sandy Clay,Coastal Andhra,764.4,0,68.7,6.73,10.5,2771,15.2,100.0,High,1
Palnadu,BW-PAL-01087,265.7,26.6,2.7,7.2,Sandy Clay,Coastal Andhra,591.4,2,56.8,3.47,12.9,2590,2.1,43.9,Medium,0
Palnadu,BW-PAL-01088,358.3,36.8,0.3,2.8,Sandy Loam,Coastal Andhra,558.8,5,53.2,1.95,6.6,2694,0,15.6,Low,0
Palnadu,BW-PAL-01089,251.0,43.4,8.6,5.3,Sandy Clay,Coastal Andhra,525.5,2,61.2,5.48,11.5,2452,10.4,74.5,High,1
Palnadu,BW-PAL-01090,300.5,35.9,19.9,7.8,Sandy Loam,Coastal Andhra,405.1,2,69.0,7.64,8.3,2657,19.2,100.0,High,1
Palnadu,BW-PAL-01091,318.4,54.0,5.2,7.8,Sandy Clay,Coastal Andhra,364.6,3,65.5,3.88,10.3,2849,7.6,65.0,High,0
Palnadu,BW-PAL-01092,315.6,39.8,2.3,10.1,Sandy Clay,Coastal Andhra,412.8,2,62.9,0.97,12.2,2663,3.2,61.4,Medium,0
Palnadu,BW-PAL-01093,329.3,22.7,7.9,8.1,Sandy Loam,Coastal Andhra,342.5,5,57.7,3.97,0.0,2651,7.5,49.1,Medium,0
Palnadu,BW-PAL-01094,337.3,46.7,8.8,3.6,Sandy Clay,Coastal Andhra,416.2,4,57.8,1.96,6.2,2799,6.3,41.7,Medium,1
Palnadu,BW-PAL-01095,282.8,17.5,4.6,6.2,Sandy Loam,Coastal Andhra,508.7,2,45.0,1.83,11.2,2708,1.3,34.0,Low,0
Palnadu,BW-PAL-01096,305.8,39.6,0.5,2.3,Sandy Loam,Coastal Andhra,576.3,3,61.2,1.58,9.4,2563,0,27.7,Low,0
Palnadu,BW-PAL-01097,281.0,41.9,4.4,5.6,Sandy Loam,Coastal Andhra,645.5,2,51.6,2.3,0.0,2671,3.2,30.4,Low,0
Palnadu,BW-PAL-01098,428.1,42.1,11.5,7.0,Sandy Clay,Coastal Andhra,453.0,2,59.2,4.93,4.4,2812,12.7,77.8,High,1
Palnadu,BW-PAL-01099,210.9,38.6,34.1,5.2,Sandy Loam,Coastal Andhra,396.4,2,81.1,12.5,1.4,2514,32.6,100.0,High,1
Palnadu,BW-PAL-01100,174.6,34.0,6.0,4.2,Sandy Loam,Coastal Andhra,520.5,0,49.5,3.15,8.5,3022,2.9,57.6,Medium,0
Palnadu,BW-PAL-01101,319.1,41.7,6.9,4.6,Sandy Loam,Coastal Andhra,511.4,3,55.9,3.7,11.1,2897,3.3,51.2,Medium,1
Palnadu,BW-PAL-01102,440.1,12.5,8.3,5.9,Sandy Clay,Coastal Andhra,554.0,2,61.0,3.53,3.0,2932,6.5,66.7,High,1
Palnadu,BW-PAL-01103,376.3,34.7,16.1,7.9,Sandy Clay,Coastal Andhra,403.5,0,66.1,6.7,12.9,2484,20.0,100.0,High,1
Palnadu,BW-PAL-01104,358.1,33.7,7.7,5.7,Sandy Clay,Coastal Andhra,407.7,5,54.0,3.06,8.5,2560,8.0,63.7,Medium,0
Palnadu,BW-PAL-01105,281.9,29.0,8.0,9.3,Sandy Loam,Coastal Andhra,464.9,1,61.5,5.2,0.0,3196,11.1,77.1,High,0
Palnadu,BW-PAL-01106,267.1,42.2,2.9,12.9,Sandy Clay,Coastal Andhra,662.9,0,58.9,1.02,5.1,3039,4.6,52.2,Medium,0
Palnadu,BW-PAL-01107,425.0,37.0,2.0,9.5,Sandy Clay,Coastal Andhra,643.8,1,53.5,3.4,12.5,1989,1.0,52.5,Medium,0
Palnadu,BW-PAL-01108,259.4,33.4,3.1,5.6,Sandy Loam,Coastal Andhra,535.9,5,54.4,1.15,12.7,3273,1.6,35.6,Medium,0
Palnadu,BW-PAL-01109,334.5,51.5,3.6,7.9,Sandy Loam,Coastal Andhra,699.5,0,54.0,2.28,13.2,2848,4.5,58.4,Medium,0
Palnadu,BW-PAL-01110,407.7,45.4,5.5,3.9,Sandy Clay,Coastal Andhra,583.3,2,40.8,3.07,2.3,3040,4.8,29.6,Low,0
Palnadu,BW-PAL-01111,238.4,35.1,7.6,4.5,Sandy Loam,Coastal Andhra,457.8,2,65.3,2.23,15.8,2604,8.7,75.0,High,1
Palnadu,BW-PAL-01112,273.4,29.5,4.8,6.9,Sandy Clay,Coastal Andhra,393.9,1,49.3,2.83,7.1,1730,3.2,44.3,Medium,1
Palnadu,BW-PAL-01113,314.8,30.2,0.3,11.5,Sandy Loam,Coastal Andhra,300,2,67.0,1.21,3.2,2842,1.7,47.8,Medium,0
Palnadu,BW-PAL-01114,160.9,21.6,4.6,7.6,Sandy Clay,Coastal Andhra,512.9,6,55.8,3.08,5.6,2739,6.6,39.5,Medium,0
Palnadu,BW-PAL-01115,206.6,45.1,22.2,9.8,Sandy Loam,Coastal Andhra,398.8,1,71.0,10.0,7.1,2598,21.6,100.0,High,1
Palnadu,BW-PAL-01116,289.0,19.7,5.8,5.7,Sandy Clay,Coastal Andhra,757.1,1,56.2,2.95,13.8,2980,6.3,67.4,High,1
Palnadu,BW-PAL-01117,618.3,28.3,0.4,9.3,Sandy Clay,Coastal Andhra,552.9,2,53.8,0.6,7.4,2278,2.9,35.4,Medium,0
Palnadu,BW-PAL-01118,287.7,35.0,5.6,7.9,Sandy Loam,Coastal Andhra,637.0,4,47.1,2.64,5.9,2770,2.8,40.0,Medium,0
Palnadu,BW-PAL-01119,353.2,26.5,2.4,9.4,Sandy Loam,Coastal Andhra,504.8,2,49.6,1.52,3.0,3123,2.8,32.9,Low,0
Palnadu,BW-PAL-01120,289.4,35.0,1.0,3.3,Sandy Loam,Coastal Andhra,300,1,55.4,2.16,8.9,2246,0,43.1,Medium,0
Palnadu,BW-PAL-01121,432.9,45.5,7.3,6.0,Sandy Loam,Coastal Andhra,471.6,1,57.6,1.21,7.1,2835,6.8,62.1,Medium,1
Palnadu,BW-PAL-01122,505.6,41.4,24.3,12.7,Sandy Clay,Coastal Andhra,396.3,1,82.0,9.81,11.7,2237,25.2,100.0,High,1
Palnadu,BW-PAL-01123,209.6,34.8,2.3,9.2,Sandy Clay,Coastal Andhra,390.8,2,53.5,1.29,13.6,2201,3.7,38.8,Medium,0
Palnadu,BW-PAL-01124,292.8,34.6,5.4,5.5,Sandy Clay,Coastal Andhra,603.7,3,53.1,2.62,10.4,2786,7.2,44.5,Medium,0
Palnadu,BW-PAL-01125,398.0,33.9,4.6,6.5,Sandy Loam,Coastal Andhra,514.6,2,53.2,2.73,10.1,2603,3.0,52.1,Medium,0
Palnadu,BW-PAL-01126,283.8,24.8,7.0,6.9,Sandy Clay,Coastal Andhra,618.8,2,62.1,3.64,5.8,2934,7.4,65.5,High,1
Palnadu,BW-PAL-01127,266.0,33.5,3.5,11.0,Sandy Clay,Coastal Andhra,479.4,2,56.8,2.94,11.7,2673,3.3,58.3,Medium,0
Palnadu,BW-PAL-01128,205.9,35.8,13.9,2.5,Sandy Clay,Coastal Andhra,437.5,1,59.6,7.86,3.7,2708,12.9,89.3,High,1
Palnadu,BW-PAL-01129,275.0,32.4,0.9,4.1,Sandy Clay,Coastal Andhra,355.3,4,54.4,0.1,3.4,1852,0,19.3,Low,0
Palnadu,BW-PAL-01130,262.4,37.6,0.7,12.4,Sandy Clay,Coastal Andhra,539.2,0,59.8,0.92,13.1,2928,0,58.4,Medium,1
Palnadu,BW-PAL-01131,223.4,28.0,4.4,12.5,Sandy Loam,Coastal Andhra,416.4,3,69.0,3.09,15.6,2095,5.2,68.9,High,0
Palnadu,BW-PAL-01132,159.6,49.9,3.3,4.4,Sandy Loam,Coastal Andhra,665.1,3,59.9,1.39,6.4,2256,3.1,37.9,Medium,0
Palnadu,BW-PAL-01133,209.5,36.3,1.4,5.7,Sandy Loam,Coastal Andhra,631.9,4,63.2,0.1,15.5,2424,1.4,35.7,Medium,0
Palnadu,BW-PAL-01134,382.6,39.7,3.7,8.0,Sandy Loam,Coastal Andhra,402.6,2,61.7,1.67,7.7,3198,7.5,60.2,Medium,1
Palnadu,BW-PAL-01135,300.4,32.4,2.0,11.3,Sandy Clay,Coastal Andhra,438.3,0,55.3,0.94,11.6,2400,0,54.6,Medium,0
Palnadu,BW-PAL-01136,168.1,35.7,7.0,13.0,Sandy Loam,Coastal Andhra,337.4,2,62.8,2.31,11.0,2101,9.2,77.4,High,1
Palnadu,BW-PAL-01137,303.2,40.4,6.7,11.7,Sandy Loam,Coastal Andhra,476.6,1,62.1,2.18,13.5,2809,5.5,74.9,High,0
Palnadu,BW-PAL-01138,271.6,23.2,1.3,5.1,Sandy Loam,Coastal Andhra,515.9,0,57.1,2.79,5.8,3058,2.8,43.3,Medium,0
Palnadu,BW-PAL-01139,271.0,37.0,18.4,6.2,Sandy Clay,Coastal Andhra,451.5,1,72.3,8.51,10.8,2232,18.1,100.0,High,1
Palnadu,BW-PAL-01140,251.9,44.0,2.7,12.7,Sandy Clay,Coastal Andhra,561.4,4,54.1,1.47,12.3,2696,2.0,40.3,Medium,0
Palnadu,BW-PAL-01141,385.2,29.1,10.5,10.8,Sandy Clay,Coastal Andhra,439.1,0,69.1,3.86,11.3,2199,9.0,100.0,High,1
Palnadu,BW-PAL-01142,238.1,41.4,2.9,11.3,Sandy Clay,Coastal Andhra,420.8,2,58.3,2.55,8.7,2946,2.1,50.7,Medium,0
Palnadu,BW-PAL-01143,295.9,42.2,0.4,5.2,Sandy Clay,Coastal Andhra,644.9,2,48.3,2.07,6.6,2494,0.9,19.4,Low,0
Palnadu,BW-PAL-01144,354.9,38.0,1.5,6.9,Sandy Clay,Coastal Andhra,558.4,2,55.0,2.97,10.4,2614,2.4,46.6,Medium,1
Palnadu,BW-PAL-01145,452.3,38.7,11.6,4.1,Sandy Loam,Coastal Andhra,681.8,0,57.4,4.68,11.1,3166,13.5,90.9,High,1
Palnadu,BW-PAL-01146,193.2,29.1,17.9,11.0,Sandy Loam,Coastal Andhra,504.2,0,61.5,7.42,8.6,2601,19.3,100.0,High,1
Palnadu,BW-PAL-01147,244.6,38.6,5.4,9.5,Sandy Loam,Coastal Andhra,557.0,4,56.0,2.54,8.2,2747,2.8,53.0,Medium,1
Palnadu,BW-PAL-01148,294.1,21.5,2.6,3.4,Sandy Loam,Coastal Andhra,371.7,4,50.1,2.04,3.2,2335,3.9,23.4,Low,0
Palnadu,BW-PAL-01149,410.9,33.5,3.4,12.4,Sandy Loam,Coastal Andhra,371.5,3,62.3,1.12,3.8,2578,7.6,49.0,Medium,0
Palnadu,BW-PAL-01150,253.4,41.3,0.2,7.5,Sandy Loam,Coastal Andhra,513.6,4,46.5,0.1,9.0,2690,0,21.1,Low,0
Palnadu,BW-PAL-01151,236.2,24.6,7.7,15.4,Sandy Loam,Coastal Andhra,461.3,1,70.6,3.32,10.8,2991,7.8,100.0,High,1
Palnadu,BW-PAL-01152,561.3,45.7,0.3,10.4,Sandy Clay,Coastal Andhra,459.5,4,51.6,0.1,9.3,2259,0,28.7,Low,0
Palnadu,BW-PAL-01153,294.1,42.5,11.8,8.7,Sandy Clay,Coastal Andhra,300,3,69.8,2.48,11.4,2371,12.0,82.0,High,1
Palnadu,BW-PAL-01154,262.5,39.9,4.0,5.0,Sandy Loam,Coastal Andhra,661.1,0,61.4,3.77,6.9,2595,3.4,55.0,Medium,0
Palnadu,BW-PAL-01155,290.5,45.9,2.3,5.7,Sandy Loam,Coastal Andhra,518.2,3,51.2,1.97,5.3,2167,4.7,35.4,Medium,0
Bapatla,BW-BAP-01156,255.9,7.7,4.0,6.2,Sandy Clay,Coastal Andhra,420.7,1,56.3,1.7,4.9,2236,7.4,56.8,Medium,1
Bapatla,BW-BAP-01157,252.4,5.0,8.8,6.5,Sandy Loam,Coastal Andhra,499.2,1,63.1,2.64,10.9,2337,9.5,73.5,High,1
Bapatla,BW-BAP-01158,278.0,9.3,2.4,8.5,Sandy Loam,Coastal Andhra,668.1,1,53.0,4.48,9.8,2890,1.3,47.4,Medium,0
Bapatla,BW-BAP-01159,385.3,9.7,6.9,8.6,Sandy Loam,Coastal Andhra,330.9,3,54.7,4.21,3.8,2606,9.8,55.5,Medium,0
Bapatla,BW-BAP-01160,320.1,24.2,6.7,7.9,Sandy Clay,Coastal Andhra,468.9,2,55.3,4.51,2.0,2957,10.3,58.5,Medium,0
Bapatla,BW-BAP-01161,282.6,22.6,4.0,8.8,Sandy Clay,Coastal Andhra,563.9,1,57.4,2.25,8.0,2474,2.8,59.6,Medium,0
Bapatla,BW-BAP-01162,361.5,17.3,2.7,8.0,Sandy Loam,Coastal Andhra,361.3,2,56.3,2.12,0.0,3076,4.5,41.0,Medium,0
Bapatla,BW-BAP-01163,312.8,20.6,5.5,5.0,Sandy Clay,Coastal Andhra,355.8,3,55.8,2.46,2.7,2533,4.9,37.4,Medium,1
Bapatla,BW-BAP-01164,406.3,21.0,6.2,6.4,Sandy Clay,Coastal Andhra,301.4,2,59.6,2.18,7.7,2094,3.7,53.2,Medium,1
Bapatla,BW-BAP-01165,355.6,12.7,5.9,7.4,Sandy Clay,Coastal Andhra,479.5,2,54.6,2.61,8.7,2559,4.5,50.4,Medium,1
Bapatla,BW-BAP-01166,59.3,9.3,4.7,2.7,Sandy Loam,Coastal Andhra,300,2,49.1,1.88,10.2,2838,5.1,40.2,Medium,0
Bapatla,BW-BAP-01167,253.1,20.3,8.5,1.0,Sandy Clay,Coastal Andhra,583.8,2,54.3,3.86,0.0,2700,11.5,48.7,Medium,0
Bapatla,BW-BAP-01168,263.0,23.4,2.5,10.3,Sandy Clay,Coastal Andhra,300,4,46.1,3.41,5.6,2655,0.9,29.2,Low,0
Bapatla,BW-BAP-01169,204.2,5.9,3.1,7.8,Sandy Loam,Coastal Andhra,349.8,2,59.0,2.43,8.1,2709,5.0,54.5,Medium,1
Bapatla,BW-BAP-01170,185.2,13.1,8.4,6.0,Sandy Loam,Coastal Andhra,392.5,3,56.9,1.57,9.1,2727,5.9,52.3,Medium,0
Bapatla,BW-BAP-01171,367.6,20.1,0.9,8.0,Sandy Loam,Coastal Andhra,564.1,2,60.4,0.66,13.2,3184,3.9,39.9,Medium,0
Bapatla,BW-BAP-01172,277.3,21.5,0.0,2.7,Sandy Clay,Coastal Andhra,662.5,2,58.1,0.1,7.6,2951,0.6,20.7,Low,0
Bapatla,BW-BAP-01173,91.5,11.2,1.4,11.4,Sandy Clay,Coastal Andhra,511.8,3,56.2,0.17,12.1,2371,1.5,29.3,Low,0
Bapatla,BW-BAP-01174,267.8,9.7,12.6,9.9,Sandy Loam,Coastal Andhra,580.2,1,62.3,6.02,2.2,1915,11.5,96.4,High,1
Bapatla,BW-BAP-01175,340.7,5.0,3.6,7.8,Sandy Loam,Coastal Andhra,503.9,1,60.9,4.29,12.4,2794,4.7,61.5,Medium,1
Bapatla,BW-BAP-01176,249.7,17.5,2.2,3.6,Sandy Clay,Coastal Andhra,471.2,3,55.8,2.93,11.7,2441,4.2,36.6,Medium,0
Bapatla,BW-BAP-01177,233.9,11.9,4.2,8.8,Sandy Clay,Coastal Andhra,540.5,6,56.2,2.05,5.5,3220,3.7,45.1,Medium,0
Bapatla,BW-BAP-01178,282.9,5.0,17.1,10.3,Sandy Loam,Coastal Andhra,602.0,3,74.8,7.92,2.3,2742,15.0,100.0,High,1
Bapatla,BW-BAP-01179,208.4,15.3,10.1,9.7,Sandy Clay,Coastal Andhra,416.5,2,63.7,5.89,4.2,2794,11.5,83.8,High,1
Bapatla,BW-BAP-01180,295.1,12.4,2.4,8.2,Sandy Loam,Coastal Andhra,777.7,4,56.9,1.82,6.8,2621,2.2,39.9,Medium,0
Bapatla,BW-BAP-01181,126.6,6.4,0.6,9.7,Sandy Clay,Coastal Andhra,523.7,3,62.6,1.7,8.5,3337,0.0,36.8,Medium,1
Bapatla,BW-BAP-01182,241.4,5.0,10.4,2.3,Sandy Loam,Coastal Andhra,577.4,3,60.7,3.54,8.3,3162,9.5,62.5,Medium,1
Bapatla,BW-BAP-01183,173.8,8.6,5.9,9.1,Sandy Clay,Coastal Andhra,564.8,3,56.7,4.12,6.3,2327,4.4,55.1,Medium,0
Bapatla,BW-BAP-01184,227.7,20.5,1.5,3.8,Sandy Loam,Coastal Andhra,576.8,2,56.0,2.06,14.8,3180,1.6,38.0,Medium,0
Bapatla,BW-BAP-01185,225.9,13.9,1.5,15.4,Sandy Clay,Coastal Andhra,354.1,5,52.4,0.1,0.0,3045,0,31.6,Low,0
Bapatla,BW-BAP-01186,157.3,5.0,5.7,6.3,Sandy Loam,Coastal Andhra,493.3,0,54.9,3.09,7.6,2991,4.9,57.5,Medium,0
Bapatla,BW-BAP-01187,247.9,17.4,2.4,11.3,Sandy Clay,Coastal Andhra,482.8,2,63.8,1.47,2.3,2581,2.2,44.5,Medium,0
Bapatla,BW-BAP-01188,270.1,8.1,0.9,14.3,Sandy Loam,Coastal Andhra,425.8,1,63.2,1.04,8.8,2924,1.5,43.9,Medium,0
Bapatla,BW-BAP-01189,121.5,14.3,9.6,8.8,Sandy Loam,Coastal Andhra,495.8,2,67.1,5.4,6.9,2382,10.2,86.3,High,1
Bapatla,BW-BAP-01190,167.3,15.4,5.6,12.8,Sandy Loam,Coastal Andhra,635.4,4,63.5,1.26,12.6,3356,3.8,61.6,Medium,0
Bapatla,BW-BAP-01191,239.6,14.9,0.9,11.2,Sandy Loam,Coastal Andhra,529.3,1,57.8,1.86,12.2,2730,0,47.4,Medium,0
Bapatla,BW-BAP-01192,406.9,7.9,2.2,7.3,Sandy Loam,Coastal Andhra,378.4,0,52.9,0.57,3.6,2583,2.7,38.4,Medium,0
Bapatla,BW-BAP-01193,182.7,34.4,9.9,7.3,Sandy Clay,Coastal Andhra,507.4,2,62.0,5.58,6.8,2656,10.5,80.7,High,1
Bapatla,BW-BAP-01194,306.1,7.2,0.2,2.7,Sandy Loam,Coastal Andhra,626.1,3,50.5,2.26,4.7,2518,3.4,19.8,Low,0
Bapatla,BW-BAP-01195,433.9,7.0,0.6,9.9,Sandy Clay,Coastal Andhra,637.1,2,54.1,0.1,6.6,2710,2.2,27.3,Low,0
Bapatla,BW-BAP-01196,168.3,14.5,1.7,5.8,Sandy Loam,Coastal Andhra,574.5,3,51.9,2.5,7.3,2615,1.2,30.2,Low,0
Bapatla,BW-BAP-01197,305.1,13.9,4.1,4.6,Sandy Clay,Coastal Andhra,765.4,2,54.0,1.92,12.5,3218,5.1,41.4,Medium,0
Bapatla,BW-BAP-01198,332.3,9.8,14.6,12.4,Sandy Loam,Coastal Andhra,368.4,0,68.9,5.46,3.1,2351,13.3,100.0,High,1
Bapatla,BW-BAP-01199,122.7,5.0,4.2,9.4,Sandy Loam,Coastal Andhra,465.8,1,58.8,3.86,8.9,3177,5.1,69.1,High,0
Bapatla,BW-BAP-01200,213.9,8.7,8.6,6.9,Sandy Clay,Coastal Andhra,559.7,1,60.2,4.76,8.1,2723,6.8,77.4,High,1
Bapatla,BW-BAP-01201,163.9,19.3,4.2,11.3,Sandy Loam,Coastal Andhra,505.9,0,59.7,1.57,5.3,3356,6.8,67.2,High,1
Bapatla,BW-BAP-01202,312.8,22.1,37.5,11.6,Sandy Clay,Coastal Andhra,422.0,1,85.8,15.0,6.2,2055,37.9,100.0,High,1
Bapatla,BW-BAP-01203,98.5,10.6,2.5,8.8,Sandy Clay,Coastal Andhra,512.7,2,49.6,2.75,4.8,2969,5.5,45.0,Medium,0
Bapatla,BW-BAP-01204,206.2,17.8,0.5,14.3,Sandy Loam,Coastal Andhra,319.7,2,58.7,1.83,8.4,2478,3.8,48.8,Medium,0
Bapatla,BW-BAP-01205,424.8,15.6,7.9,5.3,Sandy Loam,Coastal Andhra,464.9,5,63.2,4.67,10.7,2720,8.0,63.9,Medium,0
Bapatla,BW-BAP-01206,134.2,13.0,5.6,6.3,Sandy Clay,Coastal Andhra,300,1,50.3,2.79,13.4,2207,6.5,52.6,Medium,0
Bapatla,BW-BAP-01207,346.8,8.8,1.3,7.9,Sandy Loam,Coastal Andhra,462.1,3,57.0,1.92,11.8,2807,0,31.1,Low,0
Bapatla,BW-BAP-01208,356.8,20.5,6.5,12.4,Sandy Loam,Coastal Andhra,665.2,2,58.6,3.29,4.8,2888,7.3,59.8,Medium,0
Bapatla,BW-BAP-01209,534.9,16.7,2.3,2.9,Sandy Loam,Coastal Andhra,567.7,1,53.1,2.34,9.2,2860,1.5,34.5,Low,0
Bapatla,BW-BAP-01210,368.4,20.7,1.8,9.8,Sandy Clay,Coastal Andhra,437.2,0,58.2,2.27,10.9,2300,1.2,61.1,Medium,1
Bapatla,BW-BAP-01211,294.4,10.6,2.8,15.5,Sandy Loam,Coastal Andhra,476.9,1,56.7,2.03,7.4,3032,1.9,54.0,Medium,1
Bapatla,BW-BAP-01212,374.3,10.0,1.0,8.2,Sandy Clay,Coastal Andhra,605.1,3,62.8,1.74,10.3,2218,0,42.9,Medium,0
Bapatla,BW-BAP-01213,114.8,10.4,2.0,5.7,Sandy Clay,Coastal Andhra,384.1,3,54.4,0.63,7.2,2242,1.3,28.3,Low,0
Bapatla,BW-BAP-01214,282.8,12.0,0.1,8.5,Sandy Clay,Coastal Andhra,398.6,3,54.4,1.66,8.6,2720,0,21.3,Low,0
Bapatla,BW-BAP-01215,260.1,13.7,6.3,9.0,Sandy Clay,Coastal Andhra,626.4,1,65.7,3.25,16.5,2718,3.8,77.1,High,1
Bapatla,BW-BAP-01216,376.0,13.3,10.1,3.1,Sandy Loam,Coastal Andhra,540.5,2,55.5,2.99,9.7,2478,8.3,62.3,Medium,1
Bapatla,BW-BAP-01217,369.1,15.5,6.0,6.7,Sandy Loam,Coastal Andhra,469.9,6,56.1,3.66,7.5,2714,6.9,54.7,Medium,1
Bapatla,BW-BAP-01218,253.6,5.0,24.8,8.2,Sandy Clay,Coastal Andhra,639.9,0,80.4,8.93,13.4,2850,24.9,100.0,High,1
Bapatla,BW-BAP-01219,172.9,10.0,1.1,10.0,Sandy Clay,Coastal Andhra,574.8,2,61.5,0.97,15.8,2770,0,42.6,Medium,0
Bapatla,BW-BAP-01220,236.1,14.8,10.3,4.9,Sandy Clay,Coastal Andhra,514.4,3,57.5,3.04,8.9,3016,9.3,63.4,Medium,1
Bapatla,BW-BAP-01221,217.6,23.6,8.4,9.8,Sandy Clay,Coastal Andhra,421.5,3,62.4,2.04,10.5,2965,7.8,52.1,Medium,0
Bapatla,BW-BAP-01222,209.4,5.7,8.8,1.0,Sandy Loam,Coastal Andhra,559.2,3,49.2,6.31,7.9,3151,9.1,50.5,Medium,1
Bapatla,BW-BAP-01223,116.5,7.3,4.8,2.7,Sandy Clay,Coastal Andhra,689.9,0,52.7,1.4,9.5,3020,3.8,45.7,Medium,0
Bapatla,BW-BAP-01224,290.5,5.0,5.4,12.2,Sandy Clay,Coastal Andhra,467.0,3,61.8,2.81,7.9,2317,4.4,57.0,Medium,1
Bapatla,BW-BAP-01225,248.3,18.9,34.0,12.0,Sandy Clay,Coastal Andhra,456.9,3,83.1,13.36,5.7,2730,38.2,100.0,High,1
Bapatla,BW-BAP-01226,429.6,5.0,3.8,6.7,Sandy Clay,Coastal Andhra,416.2,1,54.2,1.77,3.4,2413,2.1,39.3,Medium,0
Bapatla,BW-BAP-01227,242.8,9.3,2.1,2.0,Sandy Clay,Coastal Andhra,358.6,2,46.3,3.44,3.6,2543,2.6,13.2,Low,0
Bapatla,BW-BAP-01228,377.8,12.5,2.1,9.2,Sandy Loam,Coastal Andhra,427.3,2,56.0,1.49,8.2,2984,3.1,36.5,Medium,0
Bapatla,BW-BAP-01229,205.3,17.0,4.3,5.6,Sandy Loam,Coastal Andhra,490.6,5,55.3,1.34,3.9,2608,4.9,44.2,Medium,1
Bapatla,BW-BAP-01230,251.3,6.9,6.9,4.5,Sandy Loam,Coastal Andhra,732.2,3,58.9,3.85,4.8,3046,7.1,57.0,Medium,0
Bapatla,BW-BAP-01231,276.9,5.0,11.8,6.5,Sandy Loam,Coastal Andhra,633.7,2,55.7,6.03,5.6,2688,15.5,91.7,High,1
Bapatla,BW-BAP-01232,279.6,14.4,3.5,6.8,Sandy Loam,Coastal Andhra,382.7,1,49.8,2.16,12.1,2806,4.2,48.7,Medium,1
Prakasam,BW-PRA-01233,350.6,33.0,1.4,7.9,Sandy Clay,Coastal Andhra,566.6,2,60.5,0.29,10.6,3356,0,42.7,Medium,0
Prakasam,BW-PRA-01234,300.8,33.4,5.6,10.5,Sandy Loam,Coastal Andhra,484.6,2,61.0,1.68,5.0,3085,5.9,54.2,Medium,0
Prakasam,BW-PRA-01235,336.4,15.6,5.6,8.9,Sandy Clay,Coastal Andhra,459.9,1,63.4,4.61,2.8,2816,7.2,66.1,High,0
Prakasam,BW-PRA-01236,84.4,14.7,7.3,12.6,Sandy Loam,Coastal Andhra,729.7,2,65.0,4.06,6.3,3296,5.1,67.9,High,1
Prakasam,BW-PRA-01237,275.9,36.1,6.0,6.8,Sandy Loam,Coastal Andhra,624.6,6,53.3,4.92,0.0,2598,10.4,59.5,Medium,0
Prakasam,BW-PRA-01238,353.3,19.5,0.6,13.6,Sandy Loam,Coastal Andhra,703.3,2,59.0,3.58,11.4,2752,5.9,52.6,Medium,0
Prakasam,BW-PRA-01239,404.8,31.1,7.5,6.5,Sandy Loam,Coastal Andhra,477.7,1,57.0,4.75,1.7,2445,10.8,62.7,Medium,0
Prakasam,BW-PRA-01240,148.7,39.4,3.7,6.3,Sandy Clay,Coastal Andhra,440.5,3,52.7,2.42,4.6,2336,1.1,23.5,Low,0
Prakasam,BW-PRA-01241,354.8,21.0,13.4,15.0,Sandy Loam,Coastal Andhra,391.9,1,72.5,6.69,16.4,1817,14.5,100.0,High,1
Prakasam,BW-PRA-01242,214.1,11.5,11.9,13.0,Sandy Clay,Coastal Andhra,466.7,3,65.4,5.71,8.9,2520,15.1,95.5,High,1
Prakasam,BW-PRA-01243,309.4,16.3,2.8,10.2,Sandy Loam,Coastal Andhra,484.1,8,46.9,1.98,8.3,2150,2.6,26.1,Low,0
Prakasam,BW-PRA-01244,206.5,16.4,1.1,8.7,Sandy Loam,Coastal Andhra,341.6,2,58.4,2.02,4.2,3229,2.4,33.7,Low,0
Prakasam,BW-PRA-01245,427.7,28.8,4.0,12.8,Sandy Loam,Coastal Andhra,871.6,0,55.1,0.82,1.7,3008,2.3,40.7,Medium,0
Prakasam,BW-PRA-01246,256.7,12.1,0.3,11.7,Sandy Clay,Coastal Andhra,480.4,1,55.6,1.99,8.7,3078,1.5,39.3,Medium,0
Prakasam,BW-PRA-01247,107.9,14.5,3.4,9.5,Sandy Clay,Coastal Andhra,408.8,1,58.3,1.06,4.5,2564,3.9,41.3,Medium,0
Prakasam,BW-PRA-01248,257.0,21.7,0.5,8.6,Sandy Loam,Coastal Andhra,590.7,1,50.0,0.92,18.3,2891,0,37.7,Medium,0
Prakasam,BW-PRA-01249,365.9,31.6,17.6,5.4,Sandy Loam,Coastal Andhra,326.9,0,71.4,7.71,13.1,2654,19.3,100.0,High,1
Prakasam,BW-PRA-01250,162.0,9.9,1.2,8.9,Sandy Clay,Coastal Andhra,430.5,2,56.8,2.03,11.3,3047,2.9,45.4,Medium,0
Prakasam,BW-PRA-01251,232.6,25.4,7.1,11.9,Sandy Clay,Coastal Andhra,570.4,0,57.8,3.68,9.8,3350,6.1,78.9,High,0
Prakasam,BW-PRA-01252,250.1,16.3,16.9,10.6,Sandy Loam,Coastal Andhra,661.9,5,70.3,7.15,0.0,3235,21.3,100.0,High,1
Prakasam,BW-PRA-01253,351.7,28.9,11.6,7.2,Sandy Loam,Coastal Andhra,600.3,2,66.4,4.49,12.0,3023,9.8,85.5,High,1
Prakasam,BW-PRA-01254,398.1,18.6,2.6,8.4,Sandy Clay,Coastal Andhra,541.4,2,58.7,0.99,8.0,3317,2.7,37.4,Medium,1
Prakasam,BW-PRA-01255,275.4,27.6,1.3,13.7,Sandy Loam,Coastal Andhra,461.3,3,54.4,2.57,3.1,2386,3.4,26.1,Low,0
Prakasam,BW-PRA-01256,172.8,23.0,2.0,8.8,Sandy Clay,Coastal Andhra,372.3,4,60.6,2.05,7.3,2628,1.2,40.5,Medium,0
Prakasam,BW-PRA-01257,225.3,43.2,0.6,11.0,Sandy Loam,Coastal Andhra,497.4,0,58.7,0.88,11.3,2599,0.8,54.8,Medium,0
Prakasam,BW-PRA-01258,219.1,19.6,6.5,12.3,Sandy Loam,Coastal Andhra,610.5,1,57.0,2.99,7.2,2805,0,54.7,Medium,1
Prakasam,BW-PRA-01259,193.0,16.1,6.3,8.3,Sandy Clay,Coastal Andhra,522.6,2,62.9,5.79,11.8,2515,4.7,74.4,High,1
Prakasam,BW-PRA-01260,226.6,25.5,5.7,8.0,Sandy Clay,Coastal Andhra,483.1,2,59.2,3.11,7.7,2748,1.8,57.9,Medium,0
Prakasam,BW-PRA-01261,204.0,30.3,14.1,6.4,Sandy Loam,Coastal Andhra,624.8,4,66.0,7.23,6.6,2835,12.8,94.6,High,1
Prakasam,BW-PRA-01262,313.3,25.1,10.3,11.1,Sandy Clay,Coastal Andhra,647.7,1,68.1,4.86,2.6,2888,9.2,91.5,High,1
Prakasam,BW-PRA-01263,200.0,16.0,3.4,9.7,Sandy Loam,Coastal Andhra,642.7,3,59.7,2.25,13.3,2468,1.4,53.7,Medium,0
Prakasam,BW-PRA-01264,410.4,20.7,7.4,9.0,Sandy Clay,Coastal Andhra,559.2,1,65.0,2.05,6.7,3082,7.1,72.0,High,1
Prakasam,BW-PRA-01265,104.9,20.6,2.7,7.8,Sandy Clay,Coastal Andhra,470.8,2,56.5,1.61,14.1,3116,4.8,46.9,Medium,1
Prakasam,BW-PRA-01266,368.9,34.6,6.4,9.6,Sandy Clay,Coastal Andhra,560.8,5,59.2,1.63,9.0,2790,5.1,55.0,Medium,0
Prakasam,BW-PRA-01267,335.7,23.8,6.4,4.5,Sandy Clay,Coastal Andhra,383.0,3,65.1,2.74,16.0,2894,3.2,61.8,Medium,0
Prakasam,BW-PRA-01268,316.7,37.1,0.2,6.9,Sandy Loam,Coastal Andhra,361.5,3,49.5,2.95,3.0,3300,0,24.0,Low,0
Prakasam,BW-PRA-01269,259.6,25.4,5.0,11.6,Sandy Loam,Coastal Andhra,499.7,1,60.3,2.69,9.6,2696,2.6,54.3,Medium,1
Prakasam,BW-PRA-01270,414.6,30.3,5.2,12.2,Sandy Clay,Coastal Andhra,722.8,4,53.9,2.93,8.1,2483,6.0,57.0,Medium,1
Prakasam,BW-PRA-01271,299.0,42.4,2.4,8.5,Sandy Loam,Coastal Andhra,429.4,5,53.2,1.41,9.6,3214,1.6,25.8,Low,0
Prakasam,BW-PRA-01272,177.3,29.8,3.4,5.9,Sandy Loam,Coastal Andhra,421.0,3,52.7,1.17,3.9,2610,3.3,30.8,Low,0
Prakasam,BW-PRA-01273,321.9,31.4,1.5,9.0,Sandy Loam,Coastal Andhra,560.2,1,51.2,0.1,1.2,2313,2.5,23.8,Low,0
Prakasam,BW-PRA-01274,306.3,27.9,1.0,10.2,Sandy Loam,Coastal Andhra,488.3,3,54.7,1.53,3.1,2801,0,27.9,Low,1
Prakasam,BW-PRA-01275,334.5,23.2,15.3,6.8,Sandy Loam,Coastal Andhra,359.4,4,62.0,5.67,5.9,2845,15.7,92.6,High,0
Prakasam,BW-PRA-01276,191.5,17.9,0.6,2.7,Sandy Loam,Coastal Andhra,603.0,2,48.6,1.25,10.2,2564,3.4,24.5,Low,0
Prakasam,BW-PRA-01277,164.9,23.4,1.5,8.6,Sandy Clay,Coastal Andhra,545.8,0,57.2,0.67,11.3,2557,0,57.4,Medium,1
Prakasam,BW-PRA-01278,313.5,22.1,3.0,5.9,Sandy Loam,Coastal Andhra,662.3,7,54.8,2.3,11.0,2831,5.3,41.2,Medium,0
Prakasam,BW-PRA-01279,159.7,6.8,15.0,6.9,Sandy Clay,Coastal Andhra,416.3,4,62.9,6.05,6.8,2363,16.9,90.6,High,1
Prakasam,BW-PRA-01280,297.8,25.3,15.7,10.6,Sandy Loam,Coastal Andhra,472.2,1,66.0,7.55,7.9,3256,17.1,100.0,High,1
Prakasam,BW-PRA-01281,559.8,26.4,2.1,6.1,Sandy Clay,Coastal Andhra,492.7,1,60.7,1.46,4.4,2329,4.1,43.5,Medium,0
Prakasam,BW-PRA-01282,430.6,31.1,8.3,9.1,Sandy Loam,Coastal Andhra,687.2,3,60.3,3.68,3.4,2607,10.4,65.9,High,0
Prakasam,BW-PRA-01283,362.2,27.1,10.3,9.5,Sandy Loam,Coastal Andhra,708.8,2,57.5,5.77,9.9,3043,9.7,88.0,High,1
Prakasam,BW-PRA-01284,187.5,27.4,3.6,5.1,Sandy Loam,Coastal Andhra,686.7,1,59.9,2.45,9.1,2773,2.6,45.9,Medium,0
Prakasam,BW-PRA-01285,380.4,34.0,7.8,8.8,Sandy Clay,Coastal Andhra,564.0,5,63.4,3.22,13.3,3000,6.4,73.5,High,1
Prakasam,BW-PRA-01286,352.7,14.0,8.6,4.7,Sandy Loam,Coastal Andhra,398.4,1,61.6,4.39,9.2,2479,10.2,82.2,High,0
Prakasam,BW-PRA-01287,172.3,10.7,9.2,5.5,Sandy Clay,Coastal Andhra,477.4,6,56.5,2.72,6.4,2705,12.6,54.5,Medium,0
Prakasam,BW-PRA-01288,288.3,41.3,0.4,8.8,Sandy Clay,Coastal Andhra,465.1,0,47.4,0.43,8.9,2104,2.2,38.8,Medium,0
Prakasam,BW-PRA-01289,250.3,32.2,6.0,4.6,Sandy Loam,Coastal Andhra,342.1,3,48.8,2.84,4.1,2454,4.7,35.7,Medium,0
Prakasam,BW-PRA-01290,269.7,25.9,5.3,9.4,Sandy Loam,Coastal Andhra,689.1,3,63.6,1.59,10.8,3070,2.9,58.1,Medium,0
Prakasam,BW-PRA-01291,259.7,25.5,1.7,6.1,Sandy Loam,Coastal Andhra,463.7,1,53.7,2.12,4.8,2698,1.4,27.9,Low,0
Prakasam,BW-PRA-01292,112.6,25.5,8.0,6.3,Sandy Clay,Coastal Andhra,439.4,5,63.1,3.04,9.7,2224,7.4,62.5,Medium,0
Prakasam,BW-PRA-01293,303.2,19.7,1.9,4.1,Sandy Clay,Coastal Andhra,453.5,3,48.8,1.1,6.0,2443,0.8,18.3,Low,0
Prakasam,BW-PRA-01294,403.1,27.4,0.6,5.2,Sandy Loam,Coastal Andhra,300,3,52.8,1.53,9.2,2665,1.9,20.0,Low,0
Prakasam,BW-PRA-01295,186.6,21.5,14.2,9.0,Sandy Loam,Coastal Andhra,838.6,0,72.7,4.22,12.3,2754,11.3,100.0,High,1
Prakasam,BW-PRA-01296,200.4,27.8,3.0,6.4,Sandy Loam,Coastal Andhra,569.1,3,62.1,2.84,13.6,2689,5.8,57.3,Medium,0
Prakasam,BW-PRA-01297,210.1,22.6,3.2,11.8,Sandy Clay,Coastal Andhra,611.1,1,65.0,1.56,7.7,2206,3.3,47.3,Medium,0
Prakasam,BW-PRA-01298,206.8,31.3,1.0,4.7,Sandy Clay,Coastal Andhra,553.4,4,51.6,0.88,6.6,3108,4.3,29.8,Low,0
Prakasam,BW-PRA-01299,381.8,19.3,1.2,7.2,Sandy Loam,Coastal Andhra,467.0,4,53.3,1.76,6.7,2793,0,24.7,Low,0
Prakasam,BW-PRA-01300,313.6,22.3,3.0,8.0,Sandy Loam,Coastal Andhra,540.6,2,60.9,2.76,7.7,3197,5.0,39.6,Medium,0
Prakasam,BW-PRA-01301,321.9,30.8,4.2,7.2,Sandy Clay,Coastal Andhra,576.7,2,61.0,2.3,11.6,2854,0,45.1,Medium,0
Prakasam,BW-PRA-01302,202.6,31.9,9.0,10.7,Sandy Loam,Coastal Andhra,317.4,3,64.1,3.67,15.1,2577,8.0,76.2,High,0
Prakasam,BW-PRA-01303,260.9,37.9,1.0,5.7,Sandy Loam,Coastal Andhra,657.4,1,48.2,1.44,4.6,2661,0,37.0,Medium,0
Prakasam,BW-PRA-01304,197.5,32.6,7.9,7.5,Sandy Clay,Coastal Andhra,565.6,2,57.4,1.8,1.9,3156,8.4,47.4,Medium,0
Prakasam,BW-PRA-01305,178.7,9.8,0.6,5.9,Sandy Clay,Coastal Andhra,348.9,2,43.6,1.12,9.4,2430,0,24.7,Low,0
Prakasam,BW-PRA-01306,421.8,20.4,9.5,13.2,Sandy Loam,Coastal Andhra,607.5,4,61.5,4.04,7.9,2682,7.6,76.3,High,1
Prakasam,BW-PRA-01307,198.5,27.5,22.8,5.0,Sandy Loam,Coastal Andhra,462.1,1,71.9,7.59,6.1,2657,22.6,100.0,High,1
Prakasam,BW-PRA-01308,311.9,35.5,0.9,12.5,Sandy Clay,Coastal Andhra,522.2,1,57.8,1.2,7.7,2372,2.0,46.9,Medium,0
Prakasam,BW-PRA-01309,327.4,23.6,11.9,3.3,Sandy Clay,Coastal Andhra,397.3,4,58.3,4.76,4.2,2366,12.8,79.7,High,0
Sri Potti Sriramulu Nellore,BW-SRI-01310,163.9,22.2,6.2,7.4,Sandy Clay,Coastal Andhra,483.8,0,58.8,3.68,7.4,2893,6.4,77.9,High,1
Sri Potti Sriramulu Nellore,BW-SRI-01311,420.6,12.4,0.9,9.2,Sandy Clay,Coastal Andhra,362.2,2,63.9,0.35,15.4,2634,0,54.1,Medium,0
Sri Potti Sriramulu Nellore,BW-SRI-01312,320.3,22.0,10.3,17.0,Sandy Clay,Coastal Andhra,606.8,0,70.6,5.42,8.7,2652,11.9,100.0,High,1
Sri Potti Sriramulu Nellore,BW-SRI-01313,121.0,28.9,2.7,13.6,Sandy Loam,Coastal Andhra,318.2,1,58.3,1.74,9.5,2292,0,54.0,Medium,0
Sri Potti Sriramulu Nellore,BW-SRI-01314,261.8,23.5,5.3,8.3,Sandy Clay,Coastal Andhra,307.3,2,54.8,3.88,7.7,2762,6.9,59.6,Medium,0
Sri Potti Sriramulu Nellore,BW-SRI-01315,128.6,17.5,3.2,7.9,Sandy Clay,Coastal Andhra,508.7,2,60.8,0.7,13.3,2527,0.6,51.2,Medium,0
Sri Potti Sriramulu Nellore,BW-SRI-01316,186.3,19.5,14.4,10.5,Sandy Loam,Coastal Andhra,484.1,5,68.7,6.64,5.1,2396,14.7,100.0,High,1
Sri Potti Sriramulu Nellore,BW-SRI-01317,357.7,22.8,8.5,6.0,Sandy Clay,Coastal Andhra,443.6,1,59.9,4.01,7.2,2687,8.2,71.8,High,1
Sri Potti Sriramulu Nellore,BW-SRI-01318,299.3,5.0,10.2,4.8,Sandy Loam,Coastal Andhra,429.2,3,59.9,4.56,5.7,2955,12.6,68.5,High,1
Sri Potti Sriramulu Nellore,BW-SRI-01319,226.1,39.6,12.6,9.3,Sandy Clay,Coastal Andhra,673.7,2,65.0,4.52,6.9,2992,8.0,85.8,High,1
Sri Potti Sriramulu Nellore,BW-SRI-01320,115.6,19.2,2.6,12.0,Sandy Clay,Coastal Andhra,534.4,5,60.2,3.41,15.2,2992,4.2,62.5,Medium,1
Sri Potti Sriramulu Nellore,BW-SRI-01321,440.4,27.4,2.7,6.7,Sandy Clay,Coastal Andhra,504.0,1,46.7,2.4,2.8,2942,2.4,33.3,Low,0
Sri Potti Sriramulu Nellore,BW-SRI-01322,231.4,43.0,3.3,3.8,Sandy Clay,Coastal Andhra,407.4,0,55.9,2.73,5.0,2218,5.6,57.8,Medium,0
Sri Potti Sriramulu Nellore,BW-SRI-01323,355.9,21.6,5.1,7.5,Sandy Loam,Coastal Andhra,445.7,1,57.0,5.17,5.9,2499,7.5,57.5,Medium,1
Sri Potti Sriramulu Nellore,BW-SRI-01324,260.5,28.9,2.5,8.2,Sandy Clay,Coastal Andhra,561.3,2,52.7,2.29,1.6,2545,2.8,26.5,Low,0
Sri Potti Sriramulu Nellore,BW-SRI-01325,269.2,15.5,30.4,12.7,Sandy Loam,Coastal Andhra,592.6,1,82.0,12.29,8.0,3355,29.6,100.0,High,1
Sri Potti Sriramulu Nellore,BW-SRI-01326,205.8,22.9,5.5,4.6,Sandy Loam,Coastal Andhra,575.5,2,61.7,3.63,8.0,2648,4.3,56.1,Medium,0
Sri Potti Sriramulu Nellore,BW-SRI-01327,291.7,16.1,3.7,1.7,Sandy Clay,Coastal Andhra,660.1,4,59.3,1.18,3.5,2486,0,27.0,Low,0
Sri Potti Sriramulu Nellore,BW-SRI-01328,283.4,27.8,2.7,9.1,Sandy Loam,Coastal Andhra,482.2,1,54.1,1.57,3.5,2521,2.8,41.8,Medium,0
Sri Potti Sriramulu Nellore,BW-SRI-01329,249.1,27.5,1.2,4.7,Sandy Loam,Coastal Andhra,649.5,2,41.6,2.58,5.9,2821,5.8,28.1,Low,0
Sri Potti Sriramulu Nellore,BW-SRI-01330,269.2,10.3,0.1,14.5,Sandy Loam,Coastal Andhra,476.2,4,47.4,2.0,0.7,2490,0,16.0,Low,1
Sri Potti Sriramulu Nellore,BW-SRI-01331,263.8,17.3,7.6,6.5,Sandy Clay,Coastal Andhra,480.1,5,57.6,4.2,8.9,2659,5.2,59.3,Medium,0
Sri Potti Sriramulu Nellore,BW-SRI-01332,138.9,20.5,30.3,6.0,Sandy Clay,Coastal Andhra,428.6,3,74.2,12.69,6.8,2793,36.2,100.0,High,1
Sri Potti Sriramulu Nellore,BW-SRI-01333,373.4,6.9,0.5,2.8,Sandy Loam,Coastal Andhra,583.5,2,49.9,2.45,11.0,2817,0,34.0,Low,0
Sri Potti Sriramulu Nellore,BW-SRI-01334,199.6,14.7,0.9,8.9,Sandy Loam,Coastal Andhra,477.4,2,52.7,1.38,7.7,2463,3.2,30.1,Low,0
Sri Potti Sriramulu Nellore,BW-SRI-01335,196.8,16.7,7.0,11.0,Sandy Clay,Coastal Andhra,623.3,2,64.3,2.28,1.6,3042,6.4,54.7,Medium,1
Sri Potti Sriramulu Nellore,BW-SRI-01336,138.7,40.5,7.0,6.5,Sandy Loam,Coastal Andhra,355.6,3,53.1,3.7,7.3,1948,8.3,47.3,Medium,0
Sri Potti Sriramulu Nellore,BW-SRI-01337,234.4,26.8,2.4,7.1,Sandy Loam,Coastal Andhra,596.4,2,56.9,1.24,1.4,2426,5.4,37.3,Medium,0
Sri Potti Sriramulu Nellore,BW-SRI-01338,148.7,18.6,4.4,8.1,Sandy Loam,Coastal Andhra,627.2,2,53.3,4.07,3.4,2958,7.7,52.3,Medium,0
Sri Potti Sriramulu Nellore,BW-SRI-01339,379.9,28.4,8.6,9.1,Sandy Loam,Coastal Andhra,426.8,0,64.1,2.35,7.8,2949,8.5,72.8,High,0
Sri Potti Sriramulu Nellore,BW-SRI-01340,264.1,29.9,0.5,9.0,Sandy Loam,Coastal Andhra,613.0,1,51.1,2.21,5.6,2446,1.2,36.5,Medium,0
Sri Potti Sriramulu Nellore,BW-SRI-01341,399.7,29.7,1.2,10.9,Sandy Loam,Coastal Andhra,399.1,0,52.6,0.1,7.4,2704,0,40.1,Medium,0
Sri Potti Sriramulu Nellore,BW-SRI-01342,426.5,26.9,2.5,11.4,Sandy Clay,Coastal Andhra,460.6,3,59.6,1.09,11.2,2996,4.4,44.9,Medium,0
Sri Potti Sriramulu Nellore,BW-SRI-01343,360.4,13.0,1.4,3.3,Sandy Clay,Coastal Andhra,479.7,5,51.1,0.67,6.4,3499,4.4,25.8,Low,0
Sri Potti Sriramulu Nellore,BW-SRI-01344,198.3,20.1,1.8,4.1,Sandy Clay,Coastal Andhra,620.7,1,53.5,1.4,11.7,2812,2.2,44.4,Medium,0
Sri Potti Sriramulu Nellore,BW-SRI-01345,193.4,16.1,0.6,7.9,Sandy Loam,Coastal Andhra,580.9,1,44.2,0.53,0.9,3035,0.5,13.5,Low,0
Sri Potti Sriramulu Nellore,BW-SRI-01346,260.5,20.2,0.2,12.7,Sandy Clay,Coastal Andhra,639.5,6,57.5,1.55,23.8,2640,0.8,61.5,Medium,0
Sri Potti Sriramulu Nellore,BW-SRI-01347,132.1,19.8,1.4,11.2,Sandy Loam,Coastal Andhra,370.7,1,57.3,1.75,10.7,2885,1.3,41.7,Medium,0
Sri Potti Sriramulu Nellore,BW-SRI-01348,351.9,18.4,26.7,9.0,Sandy Loam,Coastal Andhra,653.2,0,71.9,11.12,4.7,2433,28.9,100.0,High,1
Sri Potti Sriramulu Nellore,BW-SRI-01349,166.7,12.4,1.4,6.8,Sandy Clay,Coastal Andhra,341.4,3,58.3,2.39,5.6,2393,0,31.2,Low,0
Sri Potti Sriramulu Nellore,BW-SRI-01350,303.3,22.4,5.7,6.4,Sandy Clay,Coastal Andhra,658.0,0,57.1,2.33,7.3,2737,1.9,56.7,Medium,1
Sri Potti Sriramulu Nellore,BW-SRI-01351,341.5,16.9,1.3,3.2,Sandy Loam,Coastal Andhra,470.6,3,50.1,0.91,3.6,2863,0,14.0,Low,0
Sri Potti Sriramulu Nellore,BW-SRI-01352,307.0,5.0,2.9,3.8,Sandy Clay,Coastal Andhra,441.4,1,48.9,2.04,4.5,2482,3.0,32.4,Low,0
Sri Potti Sriramulu Nellore,BW-SRI-01353,266.4,23.2,8.3,10.5,Sandy Clay,Coastal Andhra,419.9,0,64.5,4.0,9.7,2782,10.9,89.1,High,1
Sri Potti Sriramulu Nellore,BW-SRI-01354,263.7,17.0,6.0,5.5,Sandy Loam,Coastal Andhra,488.4,2,57.3,2.86,6.3,3038,7.7,49.2,Medium,1
Sri Potti Sriramulu Nellore,BW-SRI-01355,233.2,9.2,3.6,10.3,Sandy Loam,Coastal Andhra,572.6,2,53.5,2.54,2.5,2312,5.1,49.2,Medium,0
Sri Potti Sriramulu Nellore,BW-SRI-01356,396.3,24.7,0.0,10.2,Sandy Clay,Coastal Andhra,418.3,1,55.8,1.34,5.4,2151,2.6,42.5,Medium,0
Sri Potti Sriramulu Nellore,BW-SRI-01357,435.9,33.4,1.0,13.8,Sandy Loam,Coastal Andhra,532.5,0,58.5,1.16,8.1,2765,0,47.4,Medium,1
Sri Potti Sriramulu Nellore,BW-SRI-01358,128.6,27.0,5.4,12.0,Sandy Clay,Coastal Andhra,459.8,3,52.5,3.49,3.5,2744,6.5,43.3,Medium,0
Sri Potti Sriramulu Nellore,BW-SRI-01359,117.0,29.6,0.6,9.5,Sandy Clay,Coastal Andhra,397.3,3,55.3,1.4,8.4,2613,0.2,32.5,Low,0
Sri Potti Sriramulu Nellore,BW-SRI-01360,291.0,5.0,3.8,8.6,Sandy Loam,Coastal Andhra,404.7,4,59.2,1.74,16.2,2923,5.0,55.6,Medium,0
Sri Potti Sriramulu Nellore,BW-SRI-01361,338.7,36.6,3.4,5.7,Sandy Loam,Coastal Andhra,476.0,1,53.9,2.81,14.8,2401,7.2,59.3,Medium,0
Sri Potti Sriramulu Nellore,BW-SRI-01362,294.5,31.2,7.7,7.1,Sandy Clay,Coastal Andhra,592.8,2,53.7,3.74,6.3,3109,8.6,65.9,High,1
Sri Potti Sriramulu Nellore,BW-SRI-01363,232.2,13.6,1.3,7.7,Sandy Loam,Coastal Andhra,300,4,50.3,0.19,4.5,3237,2.2,31.2,Low,0
Sri Potti Sriramulu Nellore,BW-SRI-01364,204.0,33.7,5.2,9.3,Sandy Clay,Coastal Andhra,300,4,67.4,1.56,10.8,2471,5.0,63.9,Medium,0
Sri Potti Sriramulu Nellore,BW-SRI-01365,291.8,13.7,1.3,8.1,Sandy Loam,Coastal Andhra,688.2,1,48.6,1.28,6.3,2655,1.1,23.9,Low,1
Sri Potti Sriramulu Nellore,BW-SRI-01366,413.7,37.2,0.4,2.8,Sandy Loam,Coastal Andhra,660.3,2,51.2,0.1,6.5,2195,0,18.6,Low,0
Sri Potti Sriramulu Nellore,BW-SRI-01367,506.9,13.3,6.6,8.9,Sandy Clay,Coastal Andhra,322.2,0,60.0,2.59,8.6,2416,8.4,78.8,High,1
Sri Potti Sriramulu Nellore,BW-SRI-01368,213.3,5.0,2.1,4.4,Sandy Loam,Coastal Andhra,532.0,1,42.7,3.0,5.3,2685,0,20.0,Low,0
Sri Potti Sriramulu Nellore,BW-SRI-01369,333.0,25.5,0.4,10.3,Sandy Clay,Coastal Andhra,577.9,1,63.0,2.16,12.8,2649,0,44.6,Medium,0
Sri Potti Sriramulu Nellore,BW-SRI-01370,333.0,32.4,2.0,12.5,Sandy Loam,Coastal Andhra,594.3,3,58.5,2.04,15.2,2447,1.3,53.9,Medium,0
Sri Potti Sriramulu Nellore,BW-SRI-01371,293.2,32.5,7.8,9.6,Sandy Clay,Coastal Andhra,520.9,1,60.7,3.26,6.6,2565,6.9,75.5,High,1
Sri Potti Sriramulu Nellore,BW-SRI-01372,292.0,25.7,7.6,9.3,Sandy Clay,Coastal Andhra,375.6,0,61.4,4.51,11.0,3071,4.7,80.2,High,0
Sri Potti Sriramulu Nellore,BW-SRI-01373,293.0,27.2,24.2,11.8,Sandy Loam,Coastal Andhra,478.0,0,78.2,9.11,3.6,2212,26.2,100.0,High,1
Sri Potti Sriramulu Nellore,BW-SRI-01374,225.3,30.3,4.6,10.6,Sandy Clay,Coastal Andhra,603.4,3,54.1,3.07,10.8,2844,3.3,48.7,Medium,0
Sri Potti Sriramulu Nellore,BW-SRI-01375,161.1,27.0,3.6,4.3,Sandy Loam,Coastal Andhra,789.5,1,52.2,1.74,4.5,3060,3.8,35.5,Medium,0
Sri Potti Sriramulu Nellore,BW-SRI-01376,222.5,30.4,2.7,4.6,Sandy Clay,Coastal Andhra,339.6,1,59.5,3.32,14.5,2658,2.1,45.6,Medium,0
Sri Potti Sriramulu Nellore,BW-SRI-01377,430.1,28.5,0.5,11.2,Sandy Clay,Coastal Andhra,484.4,3,60.1,2.05,11.6,1904,3.3,46.1,Medium,0
Sri Potti Sriramulu Nellore,BW-SRI-01378,191.0,16.8,2.7,6.9,Sandy Clay,Coastal Andhra,569.0,3,59.4,3.04,5.3,2854,3.6,40.3,Medium,0
Sri Potti Sriramulu Nellore,BW-SRI-01379,301.3,25.6,5.3,4.2,Sandy Loam,Coastal Andhra,319.7,1,57.8,3.12,7.7,2379,8.2,64.6,Medium,0
Sri Potti Sriramulu Nellore,BW-SRI-01380,324.0,14.5,0.2,7.6,Sandy Loam,Coastal Andhra,451.8,2,46.0,1.74,1.7,2481,2.5,26.5,Low,0
Sri Potti Sriramulu Nellore,BW-SRI-01381,216.6,25.2,2.1,11.9,Sandy Clay,Coastal Andhra,338.5,2,56.4,1.64,11.8,2459,1.2,39.7,Medium,0
Sri Potti Sriramulu Nellore,BW-SRI-01382,239.1,43.3,12.4,4.8,Sandy Loam,Coastal Andhra,418.7,2,68.1,4.54,1.9,2477,14.6,89.6,High,0
Sri Potti Sriramulu Nellore,BW-SRI-01383,267.7,17.1,3.0,9.2,Sandy Loam,Coastal Andhra,647.2,2,63.7,0.65,8.8,2865,2.5,48.0,Medium,1
Sri Potti Sriramulu Nellore,BW-SRI-01384,430.1,22.9,8.2,8.0,Sandy Clay,Coastal Andhra,486.6,3,65.9,0.74,11.8,2873,6.0,62.2,Medium,0
Sri Potti Sriramulu Nellore,BW-SRI-01385,115.5,24.8,5.9,13.4,Sandy Clay,Coastal Andhra,400.4,1,61.2,3.04,0.6,2194,8.1,64.6,Medium,0
Sri Potti Sriramulu Nellore,BW-SRI-01386,259.9,22.6,15.7,7.3,Sandy Clay,Coastal Andhra,649.4,2,64.5,5.58,7.5,2294,14.1,100.0,High,1
Kurnool,BW-KUR-01387,301.0,24.5,5.9,6.5,Sandy Loam,Rayalaseema,632.6,1,57.2,2.84,16.1,2858,5.3,61.1,Medium,0
Kurnool,BW-KUR-01388,292.5,33.7,3.5,1.0,Sandy Clay,Rayalaseema,562.4,3,42.7,2.95,0.0,2536,3.5,3.7,Low,0
Kurnool,BW-KUR-01389,361.9,34.8,2.5,6.1,Sandy Clay,Rayalaseema,562.2,2,57.3,0.16,9.6,2530,0.9,33.9,Low,0
Kurnool,BW-KUR-01390,202.8,32.2,6.3,8.9,Sandy Loam,Rayalaseema,598.2,6,60.5,4.54,13.6,2790,5.6,62.4,Medium,1
Kurnool,BW-KUR-01391,273.9,27.5,2.9,12.1,Sandy Clay,Rayalaseema,300,0,47.7,1.47,6.9,2774,3.3,47.7,Medium,0
Kurnool,BW-KUR-01392,161.8,29.9,0.3,8.0,Sandy Loam,Rayalaseema,851.6,1,56.4,1.24,15.4,2658,0,40.0,Medium,1
Kurnool,BW-KUR-01393,381.9,35.3,5.6,8.3,Sandy Clay,Rayalaseema,566.6,2,53.2,3.67,4.8,2663,6.3,53.7,Medium,1
Kurnool,BW-KUR-01394,128.6,23.8,7.5,8.7,Sandy Loam,Rayalaseema,500.9,3,64.1,4.5,7.1,3279,7.1,65.5,High,0
Kurnool,BW-KUR-01395,442.3,39.0,6.6,5.5,Sandy Clay,Rayalaseema,440.2,3,59.2,2.32,5.3,3147,5.3,47.2,Medium,0
Kurnool,BW-KUR-01396,321.3,35.7,4.3,12.5,Sandy Clay,Rayalaseema,300,1,65.2,2.29,13.0,2583,4.8,76.5,High,1
Kurnool,BW-KUR-01397,199.0,9.0,2.6,5.2,Sandy Clay,Rayalaseema,425.4,2,53.5,2.17,7.6,2685,2.8,34.3,Low,0
Kurnool,BW-KUR-01398,375.3,34.8,0.9,10.1,Sandy Loam,Rayalaseema,538.4,3,67.7,2.54,11.8,2335,3.3,50.1,Medium,0
Kurnool,BW-KUR-01399,190.8,28.6,6.0,5.1,Sandy Loam,Rayalaseema,569.7,2,52.6,2.97,1.1,2765,6.1,43.0,Medium,1
Kurnool,BW-KUR-01400,279.3,27.8,7.5,7.2,Sandy Clay,Rayalaseema,510.0,2,63.5,4.86,9.7,2770,6.8,67.8,High,1
Kurnool,BW-KUR-01401,113.7,39.8,4.9,10.6,Sandy Clay,Rayalaseema,490.0,0,58.8,1.51,1.3,2694,6.2,54.3,Medium,0
Kurnool,BW-KUR-01402,311.8,36.2,8.1,7.9,Sandy Loam,Rayalaseema,300,1,72.7,4.08,10.0,2593,8.8,80.4,High,0
Kurnool,BW-KUR-01403,143.3,23.1,1.9,10.4,Sandy Clay,Rayalaseema,557.4,2,57.7,1.66,8.1,2546,3.0,39.1,Medium,0
Kurnool,BW-KUR-01404,192.8,41.2,22.1,10.2,Sandy Clay,Rayalaseema,407.0,0,76.6,9.93,16.6,2234,25.1,100.0,High,1
Kurnool,BW-KUR-01405,182.7,17.0,1.8,16.6,Sandy Clay,Rayalaseema,503.7,2,67.2,1.15,16.5,2501,2.0,71.4,High,0
Kurnool,BW-KUR-01406,353.4,29.4,1.5,7.0,Sandy Loam,Rayalaseema,517.7,4,52.8,2.02,5.5,2458,1.2,22.0,Low,1
Kurnool,BW-KUR-01407,361.6,29.2,6.7,8.6,Sandy Loam,Rayalaseema,570.5,3,50.6,3.06,3.6,2301,8.6,37.5,Medium,0
Kurnool,BW-KUR-01408,227.3,26.4,4.6,12.3,Sandy Clay,Rayalaseema,723.0,3,61.4,5.19,6.1,2356,6.5,58.5,Medium,0
Kurnool,BW-KUR-01409,376.7,47.8,3.8,2.1,Sandy Loam,Rayalaseema,485.5,0,48.2,3.28,5.0,2096,4.1,45.6,Medium,0
Kurnool,BW-KUR-01410,274.9,16.0,1.3,11.5,Sandy Clay,Rayalaseema,544.6,2,58.0,2.91,8.4,2920,0.3,46.6,Medium,0
Kurnool,BW-KUR-01411,486.5,34.5,5.0,10.4,Sandy Loam,Rayalaseema,499.0,1,57.5,3.49,2.1,2591,4.4,56.9,Medium,0
Kurnool,BW-KUR-01412,283.5,25.6,6.0,8.5,Sandy Clay,Rayalaseema,448.0,0,67.2,1.79,17.0,1931,7.6,82.1,High,1
Kurnool,BW-KUR-01413,376.0,29.4,12.9,10.3,Sandy Clay,Rayalaseema,580.4,1,73.6,6.18,7.9,2925,12.6,100.0,High,1
Kurnool,BW-KUR-01414,438.2,40.2,11.8,15.2,Sandy Loam,Rayalaseema,525.2,5,75.7,4.71,10.2,2382,15.8,100.0,High,1
Kurnool,BW-KUR-01415,354.0,33.3,1.6,5.5,Sandy Clay,Rayalaseema,706.2,0,50.3,2.78,2.7,3049,0,37.1,Medium,0
Kurnool,BW-KUR-01416,412.6,28.1,2.9,8.9,Sandy Clay,Rayalaseema,570.2,3,53.1,2.35,3.9,3061,6.9,36.4,Medium,0
Kurnool,BW-KUR-01417,196.8,5.0,5.2,3.5,Sandy Loam,Rayalaseema,300,0,59.0,4.26,6.8,2801,5.5,54.8,Medium,1
Kurnool,BW-KUR-01418,210.4,31.2,8.5,1.9,Sandy Loam,Rayalaseema,497.5,4,60.6,4.69,9.8,3099,8.3,64.8,Medium,1
Kurnool,BW-KUR-01419,187.1,27.3,17.3,8.0,Sandy Clay,Rayalaseema,684.7,1,63.9,7.33,4.7,2632,21.9,100.0,High,1
Kurnool,BW-KUR-01420,207.7,23.0,9.0,8.6,Sandy Loam,Rayalaseema,581.6,3,61.2,3.25,17.7,3261,8.9,80.2,High,1
Kurnool,BW-KUR-01421,291.7,19.0,0.9,10.9,Sandy Loam,Rayalaseema,565.1,2,60.7,0.43,7.9,2773,0,29.0,Low,0
Kurnool,BW-KUR-01422,93.3,26.2,2.0,10.2,Sandy Loam,Rayalaseema,561.1,1,55.6,1.1,13.4,2573,4.0,53.9,Medium,1
Kurnool,BW-KUR-01423,457.3,34.6,3.7,8.8,Sandy Clay,Rayalaseema,615.2,1,64.3,1.93,9.2,2670,3.3,59.9,Medium,0
Kurnool,BW-KUR-01424,350.5,30.0,1.2,6.3,Sandy Loam,Rayalaseema,407.2,0,51.8,0.1,8.1,3376,0.5,28.6,Low,0
Kurnool,BW-KUR-01425,217.9,27.9,0.3,10.2,Sandy Clay,Rayalaseema,577.1,4,60.0,0.75,8.6,3063,0,31.1,Low,0
Kurnool,BW-KUR-01426,180.7,36.8,1.4,4.9,Sandy Loam,Rayalaseema,515.0,5,46.5,0.67,4.3,3272,0,11.6,Low,0
Kurnool,BW-KUR-01427,356.1,33.9,8.0,9.2,Sandy Clay,Rayalaseema,541.8,3,57.6,4.57,9.1,2245,9.9,66.2,High,0
Kurnool,BW-KUR-01428,207.4,43.6,4.0,9.3,Sandy Clay,Rayalaseema,562.8,1,51.9,1.04,7.7,2392,5.6,56.8,Medium,0
Kurnool,BW-KUR-01429,366.6,29.1,6.2,7.0,Sandy Loam,Rayalaseema,482.8,2,58.3,3.28,11.3,3034,6.5,60.6,Medium,1
Kurnool,BW-KUR-01430,310.4,18.4,3.2,10.3,Sandy Clay,Rayalaseema,646.1,4,53.4,2.07,1.9,2020,3.4,28.4,Low,0
Kurnool,BW-KUR-01431,207.7,21.6,1.8,3.1,Sandy Clay,Rayalaseema,533.4,2,54.2,1.24,7.7,2461,3.4,40.4,Medium,0
Kurnool,BW-KUR-01432,234.8,32.5,8.1,4.3,Sandy Loam,Rayalaseema,683.6,3,56.7,4.17,9.5,3155,7.5,60.6,Medium,1
Kurnool,BW-KUR-01433,260.1,39.5,0.6,10.4,Sandy Loam,Rayalaseema,470.0,0,55.8,0.57,7.4,1749,0,46.9,Medium,0
Kurnool,BW-KUR-01434,443.1,25.2,0.8,11.0,Sandy Clay,Rayalaseema,758.1,0,59.6,0.6,9.7,3245,0.4,54.1,Medium,0
Kurnool,BW-KUR-01435,328.8,14.9,8.2,12.0,Sandy Loam,Rayalaseema,300,3,65.5,5.22,13.7,2332,7.6,79.3,High,1
Kurnool,BW-KUR-01436,262.1,31.3,0.8,9.7,Sandy Loam,Rayalaseema,709.0,2,60.3,2.62,11.1,3914,0,46.3,Medium,0
Kurnool,BW-KUR-01437,405.2,37.4,5.3,6.5,Sandy Clay,Rayalaseema,442.6,3,57.1,2.55,6.8,2028,4.5,43.3,Medium,0
Kurnool,BW-KUR-01438,337.6,39.4,0.5,4.5,Sandy Clay,Rayalaseema,300,2,52.6,2.62,4.5,2137,0,30.2,Low,0
Kurnool,BW-KUR-01439,267.9,27.3,5.5,8.2,Sandy Clay,Rayalaseema,428.2,3,60.8,2.72,6.9,2835,5.3,57.2,Medium,0
Kurnool,BW-KUR-01440,368.2,27.8,1.0,10.3,Sandy Loam,Rayalaseema,533.6,0,47.9,1.9,4.2,2973,0,38.4,Medium,0
Kurnool,BW-KUR-01441,328.5,40.1,8.4,4.7,Sandy Clay,Rayalaseema,471.0,1,62.5,3.5,0.5,2668,6.7,69.0,High,1
Kurnool,BW-KUR-01442,228.0,19.2,1.0,12.3,Sandy Loam,Rayalaseema,300,2,62.5,0.1,10.1,2421,0.7,34.5,Low,0
Kurnool,BW-KUR-01443,286.5,36.3,16.9,7.3,Sandy Clay,Rayalaseema,541.2,3,65.4,7.01,11.1,2535,17.4,100.0,High,1
Kurnool,BW-KUR-01444,355.4,24.2,22.3,9.6,Sandy Clay,Rayalaseema,440.7,2,73.6,10.62,8.2,2812,20.6,100.0,High,1
Kurnool,BW-KUR-01445,263.4,29.5,22.8,6.9,Sandy Clay,Rayalaseema,404.0,1,64.9,9.52,0.8,2552,19.5,100.0,High,1
Kurnool,BW-KUR-01446,283.0,33.2,4.2,6.1,Sandy Clay,Rayalaseema,300,4,65.9,3.06,10.8,2422,2.5,48.9,Medium,1
Kurnool,BW-KUR-01447,250.2,23.3,1.0,4.8,Sandy Loam,Rayalaseema,622.9,2,46.6,1.48,5.3,2558,0.2,17.3,Low,0
Kurnool,BW-KUR-01448,408.5,28.7,6.0,2.2,Sandy Loam,Rayalaseema,385.5,1,59.7,3.56,9.7,2514,7.2,59.2,Medium,0
Kurnool,BW-KUR-01449,283.6,21.7,9.6,10.8,Sandy Loam,Rayalaseema,369.1,2,67.7,3.9,13.9,2094,9.9,95.6,High,1
Kurnool,BW-KUR-01450,365.8,24.9,0.6,10.3,Sandy Loam,Rayalaseema,478.0,1,58.8,1.48,9.0,3193,0.2,38.4,Medium,0
Kurnool,BW-KUR-01451,346.8,20.3,0.1,9.2,Sandy Loam,Rayalaseema,499.2,2,61.4,0.1,12.5,2321,0,32.0,Low,0
Kurnool,BW-KUR-01452,214.3,21.0,9.9,12.2,Sandy Clay,Rayalaseema,612.2,3,67.7,4.82,8.9,2417,9.9,80.8,High,0
Kurnool,BW-KUR-01453,220.8,41.3,1.0,12.8,Sandy Clay,Rayalaseema,577.6,1,63.1,0.62,16.6,2374,1.6,53.3,Medium,0
Kurnool,BW-KUR-01454,301.7,32.9,0.9,7.5,Sandy Loam,Rayalaseema,514.7,3,61.8,1.31,12.8,2578,0,39.6,Medium,0
Kurnool,BW-KUR-01455,195.7,20.6,4.0,8.7,Sandy Loam,Rayalaseema,591.9,2,56.1,3.88,7.2,2667,7.1,53.0,Medium,1
Kurnool,BW-KUR-01456,236.3,32.8,5.2,8.0,Sandy Clay,Rayalaseema,418.2,2,69.0,3.57,12.8,3044,6.1,76.6,High,1
Kurnool,BW-KUR-01457,210.7,28.3,6.5,4.6,Sandy Loam,Rayalaseema,526.9,0,57.8,1.26,7.9,2627,4.4,60.1,Medium,0
Kurnool,BW-KUR-01458,151.9,19.8,11.3,7.4,Sandy Loam,Rayalaseema,376.9,2,65.4,3.82,9.6,2893,11.7,96.6,High,0
Kurnool,BW-KUR-01459,380.2,11.0,14.4,7.4,Sandy Clay,Rayalaseema,363.4,1,63.4,6.0,0.4,2446,13.8,86.4,High,1
Kurnool,BW-KUR-01460,354.6,40.9,3.9,3.9,Sandy Loam,Rayalaseema,335.0,1,53.0,2.82,0.0,2641,5.2,41.5,Medium,1
Kurnool,BW-KUR-01461,265.8,42.0,5.3,4.9,Sandy Loam,Rayalaseema,524.3,1,54.5,3.4,0.0,2114,4.3,41.1,Medium,1
Kurnool,BW-KUR-01462,399.2,23.2,17.8,7.0,Sandy Loam,Rayalaseema,588.3,1,71.0,8.09,8.1,2155,20.3,100.0,High,1
Kurnool,BW-KUR-01463,364.8,22.1,1.7,11.0,Sandy Loam,Rayalaseema,551.8,2,60.3,2.33,7.4,2722,0.9,38.0,Medium,0
Nandyal,BW-NAN-01464,252.3,41.8,0.1,6.0,Sandy Loam,Rayalaseema,727.8,1,53.1,0.1,10.3,2825,0,35.1,Medium,1
Nandyal,BW-NAN-01465,447.6,40.7,0.2,6.1,Sandy Loam,Rayalaseema,509.1,3,53.4,0.17,12.2,2503,0,27.8,Low,1
Nandyal,BW-NAN-01466,129.4,22.4,2.2,6.3,Sandy Clay,Rayalaseema,307.4,3,52.7,1.71,9.3,3094,1.4,22.7,Low,0
Nandyal,BW-NAN-01467,209.7,24.1,0.4,1.7,Sandy Loam,Rayalaseema,605.8,6,50.9,1.16,9.1,2731,0,13.5,Low,0
Nandyal,BW-NAN-01468,228.1,42.0,0.2,8.5,Sandy Loam,Rayalaseema,433.6,1,53.1,1.33,9.3,2881,1.0,33.7,Low,0
Nandyal,BW-NAN-01469,334.4,30.5,6.8,8.0,Sandy Loam,Rayalaseema,605.7,1,49.6,3.49,6.3,2425,8.2,59.0,Medium,1
Nandyal,BW-NAN-01470,148.7,36.5,7.5,6.3,Sandy Loam,Rayalaseema,327.4,0,62.0,2.6,7.0,2758,10.6,64.4,Medium,1
Nandyal,BW-NAN-01471,335.6,40.6,2.5,6.7,Sandy Clay,Rayalaseema,766.1,1,60.8,2.85,8.1,2819,4.9,51.7,Medium,1
Nandyal,BW-NAN-01472,316.7,34.8,2.0,6.8,Sandy Loam,Rayalaseema,550.8,0,50.6,2.0,0.1,2525,1.5,31.6,Low,1
Nandyal,BW-NAN-01473,222.3,35.5,0.4,8.4,Sandy Clay,Rayalaseema,300,2,54.2,0.98,6.6,2335,0.4,21.1,Low,0
Nandyal,BW-NAN-01474,200.1,35.4,3.1,10.9,Sandy Loam,Rayalaseema,588.6,1,65.7,2.85,13.4,2725,4.5,69.3,High,1
Nandyal,BW-NAN-01475,306.7,18.5,11.0,7.1,Sandy Clay,Rayalaseema,541.1,3,66.9,5.48,12.1,2492,15.4,89.3,High,1
Nandyal,BW-NAN-01476,422.0,28.0,6.0,5.2,Sandy Loam,Rayalaseema,468.2,2,56.6,4.6,13.8,2237,10.4,63.6,Medium,1
Nandyal,BW-NAN-01477,355.7,38.7,3.0,10.8,Sandy Loam,Rayalaseema,537.4,1,56.5,2.47,10.8,2754,5.5,64.8,Medium,0
Nandyal,BW-NAN-01478,343.1,27.0,5.7,5.2,Sandy Clay,Rayalaseema,439.8,2,51.6,3.62,7.6,2666,5.3,49.0,Medium,1
Nandyal,BW-NAN-01479,378.3,14.3,8.8,10.6,Sandy Clay,Rayalaseema,535.2,2,61.2,3.61,1.1,2503,8.1,64.0,Medium,1
Nandyal,BW-NAN-01480,230.1,43.0,18.3,9.7,Sandy Loam,Rayalaseema,566.7,3,73.4,5.46,6.8,2904,16.9,100.0,High,1
Nandyal,BW-NAN-01481,184.4,39.0,7.3,11.8,Sandy Loam,Rayalaseema,456.8,1,69.5,3.78,16.1,2872,11.4,89.9,High,1
Nandyal,BW-NAN-01482,285.9,32.2,2.1,10.4,Sandy Loam,Rayalaseema,300,2,58.4,1.1,6.0,1957,0,33.6,Low,0
Nandyal,BW-NAN-01483,210.3,25.1,4.4,5.8,Sandy Loam,Rayalaseema,661.5,0,54.1,2.78,8.4,3131,1.1,52.1,Medium,0
Nandyal,BW-NAN-01484,202.1,25.3,1.2,14.0,Sandy Loam,Rayalaseema,329.6,3,56.3,0.1,3.2,2371,4.0,39.7,Medium,0
Nandyal,BW-NAN-01485,308.7,33.1,1.6,6.4,Sandy Clay,Rayalaseema,431.3,0,48.5,1.28,0.3,3064,3.5,29.0,Low,0
Nandyal,BW-NAN-01486,217.1,36.2,4.7,6.1,Sandy Loam,Rayalaseema,468.6,1,61.4,3.62,12.7,2436,2.6,57.6,Medium,0
Nandyal,BW-NAN-01487,477.5,36.0,3.8,1.0,Sandy Loam,Rayalaseema,581.8,3,58.8,4.17,14.2,2690,3.6,48.3,Medium,1
Nandyal,BW-NAN-01488,273.5,31.2,3.3,10.5,Sandy Loam,Rayalaseema,642.1,1,49.5,1.17,9.7,2009,2.0,40.9,Medium,1
Nandyal,BW-NAN-01489,368.2,32.8,10.1,9.6,Sandy Clay,Rayalaseema,647.0,2,56.9,5.54,4.0,2377,15.0,79.8,High,0
Nandyal,BW-NAN-01490,236.6,33.1,5.9,6.1,Sandy Loam,Rayalaseema,479.2,1,57.1,3.1,8.0,2394,5.4,55.1,Medium,1
Nandyal,BW-NAN-01491,265.8,38.7,6.2,7.2,Sandy Loam,Rayalaseema,499.2,2,56.9,3.64,11.3,2806,7.8,57.0,Medium,1
Nandyal,BW-NAN-01492,325.7,29.8,3.7,13.7,Sandy Loam,Rayalaseema,621.6,1,56.3,3.87,9.1,2827,4.2,61.9,Medium,0
Nandyal,BW-NAN-01493,227.5,42.5,3.2,8.0,Sandy Clay,Rayalaseema,322.2,0,61.0,1.01,8.6,2513,5.7,56.0,Medium,1
Nandyal,BW-NAN-01494,310.8,23.7,8.0,8.2,Sandy Clay,Rayalaseema,631.6,2,66.2,4.01,14.6,2652,8.4,81.1,High,1
Nandyal,BW-NAN-01495,347.4,36.8,4.1,5.6,Sandy Loam,Rayalaseema,602.5,2,55.9,3.15,11.6,1842,3.6,58.0,Medium,0
Nandyal,BW-NAN-01496,330.7,35.6,0.9,12.2,Sandy Loam,Rayalaseema,520.6,0,59.4,0.93,6.3,2376,0.3,49.7,Medium,0
Nandyal,BW-NAN-01497,316.1,38.1,3.7,9.9,Sandy Clay,Rayalaseema,530.9,3,62.6,1.65,9.5,3175,4.8,50.2,Medium,1
Nandyal,BW-NAN-01498,251.4,26.8,12.0,4.7,Sandy Clay,Rayalaseema,487.0,2,65.7,6.34,8.6,1862,14.1,92.3,High,0
Nandyal,BW-NAN-01499,269.0,35.1,3.7,8.8,Sandy Clay,Rayalaseema,504.5,2,52.8,2.2,5.8,3211,1.5,39.7,Medium,1
Nandyal,BW-NAN-01500,419.3,34.2,10.7,6.6,Sandy Loam,Rayalaseema,344.9,0,62.6,5.55,6.3,2307,11.8,89.0,High,1
Nandyal,BW-NAN-01501,299.5,34.3,18.2,1.3,Sandy Clay,Rayalaseema,589.0,4,62.3,8.21,5.9,2995,18.6,100.0,High,1
Nandyal,BW-NAN-01502,266.9,32.5,6.8,5.4,Sandy Clay,Rayalaseema,700.6,4,56.1,0.94,12.3,2912,7.9,55.7,Medium,0
Nandyal,BW-NAN-01503,270.5,31.0,0.3,11.9,Sandy Clay,Rayalaseema,300,0,61.5,2.35,10.1,2296,0,43.1,Medium,0
Nandyal,BW-NAN-01504,284.3,26.7,11.1,6.9,Sandy Clay,Rayalaseema,359.6,0,63.2,4.26,10.7,2234,7.9,82.5,High,1
Nandyal,BW-NAN-01505,429.1,39.2,16.6,13.4,Sandy Loam,Rayalaseema,300,2,73.2,6.49,6.8,2717,11.0,100.0,High,1
Nandyal,BW-NAN-01506,259.1,45.0,5.5,9.2,Sandy Loam,Rayalaseema,525.5,3,52.9,4.4,8.3,2966,5.6,60.7,Medium,1
Nandyal,BW-NAN-01507,273.8,44.1,4.1,12.4,Sandy Loam,Rayalaseema,665.5,2,51.2,1.66,0.0,2437,3.6,45.7,Medium,0
Nandyal,BW-NAN-01508,354.5,36.3,2.8,14.4,Sandy Clay,Rayalaseema,448.5,3,65.3,2.49,3.7,2974,0,41.6,Medium,0
Nandyal,BW-NAN-01509,312.3,22.8,5.2,8.4,Sandy Clay,Rayalaseema,715.9,2,58.5,2.5,8.8,2755,7.4,54.0,Medium,0
Nandyal,BW-NAN-01510,199.4,26.8,7.3,8.8,Sandy Loam,Rayalaseema,467.6,1,59.3,2.85,1.4,2961,5.9,58.2,Medium,0
Nandyal,BW-NAN-01511,163.3,30.0,0.4,13.5,Sandy Loam,Rayalaseema,426.6,2,60.4,0.44,8.9,2639,2.9,34.8,Low,0
Nandyal,BW-NAN-01512,343.9,40.7,3.0,4.4,Sandy Loam,Rayalaseema,447.8,3,45.6,1.82,7.2,3131,2.5,20.7,Low,0
Nandyal,BW-NAN-01513,235.4,40.3,6.2,4.3,Sandy Loam,Rayalaseema,566.2,2,58.4,2.66,11.6,2571,8.6,67.1,High,1
Nandyal,BW-NAN-01514,319.6,40.4,0.3,11.5,Sandy Clay,Rayalaseema,572.4,3,48.5,2.19,2.6,2944,3.7,39.2,Medium,0
Nandyal,BW-NAN-01515,280.6,37.7,3.3,8.3,Sandy Clay,Rayalaseema,355.0,0,52.3,2.61,5.3,2404,2.6,40.4,Medium,0
Nandyal,BW-NAN-01516,350.5,16.5,3.0,8.6,Sandy Loam,Rayalaseema,511.4,4,58.6,2.64,7.5,2537,3.4,39.5,Medium,0
Nandyal,BW-NAN-01517,274.0,21.8,2.9,5.7,Sandy Loam,Rayalaseema,439.5,2,55.3,1.4,8.3,2882,1.7,39.8,Medium,0
Nandyal,BW-NAN-01518,297.6,29.2,1.7,6.9,Sandy Loam,Rayalaseema,418.0,1,48.5,1.96,8.8,2810,2.3,33.9,Low,0
Nandyal,BW-NAN-01519,442.9,27.2,1.6,9.3,Sandy Loam,Rayalaseema,300,0,52.9,1.84,4.3,2891,1.7,37.8,Medium,1
Nandyal,BW-NAN-01520,361.9,43.9,6.4,11.1,Sandy Clay,Rayalaseema,488.4,3,57.6,3.73,7.8,2744,8.5,68.0,High,1
Nandyal,BW-NAN-01521,324.5,36.4,6.5,12.3,Sandy Clay,Rayalaseema,509.9,3,59.2,3.25,0.2,2367,5.0,55.2,Medium,1
Nandyal,BW-NAN-01522,273.2,50.3,15.7,5.4,Sandy Clay,Rayalaseema,691.5,2,60.7,5.55,5.8,3240,18.7,93.6,High,1
Nandyal,BW-NAN-01523,207.5,7.7,1.5,5.9,Sandy Clay,Rayalaseema,663.1,4,53.1,2.2,5.9,2828,0,22.7,Low,1
Nandyal,BW-NAN-01524,163.8,28.0,3.7,1.0,Sandy Loam,Rayalaseema,646.7,3,56.8,2.04,1.7,3201,1.9,28.4,Low,0
Nandyal,BW-NAN-01525,287.4,47.3,1.5,3.8,Sandy Loam,Rayalaseema,743.7,0,50.0,0.1,2.8,2685,4.6,32.3,Low,0
Nandyal,BW-NAN-01526,315.8,34.3,8.3,4.9,Sandy Clay,Rayalaseema,415.4,2,54.9,3.16,7.8,2682,8.4,64.0,Medium,0
Nandyal,BW-NAN-01527,306.9,48.2,8.4,8.3,Sandy Loam,Rayalaseema,444.8,9,56.2,4.83,4.2,3373,9.8,60.1,Medium,0
Nandyal,BW-NAN-01528,327.9,32.2,9.3,8.9,Sandy Loam,Rayalaseema,525.4,1,61.1,6.51,9.9,2966,11.7,81.1,High,1
Nandyal,BW-NAN-01529,80.4,14.5,4.6,8.4,Sandy Loam,Rayalaseema,527.3,4,60.8,2.24,3.8,3043,5.4,46.6,Medium,0
Nandyal,BW-NAN-01530,182.5,28.1,6.6,5.3,Sandy Clay,Rayalaseema,530.0,5,57.3,4.21,0.0,2688,4.4,45.8,Medium,1
Nandyal,BW-NAN-01531,285.9,25.5,9.1,5.6,Sandy Loam,Rayalaseema,463.6,2,62.9,4.06,10.4,2760,9.2,68.6,High,1
Nandyal,BW-NAN-01532,307.5,27.0,3.4,12.9,Sandy Loam,Rayalaseema,503.5,0,68.3,2.66,15.6,3117,1.9,75.5,High,1
Nandyal,BW-NAN-01533,373.4,34.4,2.4,8.1,Sandy Clay,Rayalaseema,382.7,1,53.6,1.73,9.3,2532,3.5,42.1,Medium,1
Nandyal,BW-NAN-01534,203.8,27.5,3.0,9.9,Sandy Clay,Rayalaseema,533.7,1,60.9,1.63,4.0,2674,2.7,47.4,Medium,1
Nandyal,BW-NAN-01535,235.9,31.4,2.5,7.3,Sandy Clay,Rayalaseema,665.9,3,58.3,0.63,9.9,2685,0.6,34.0,Low,0
Nandyal,BW-NAN-01536,271.6,36.7,0.5,12.1,Sandy Clay,Rayalaseema,615.8,2,56.7,0.32,9.0,2456,0,40.8,Medium,0
Nandyal,BW-NAN-01537,385.2,39.0,11.6,8.4,Sandy Loam,Rayalaseema,528.1,8,68.7,4.5,10.4,2319,12.5,90.1,High,0
Nandyal,BW-NAN-01538,198.1,40.8,2.1,8.0,Sandy Clay,Rayalaseema,601.6,2,56.8,1.3,8.3,2713,4.8,40.4,Medium,0
Nandyal,BW-NAN-01539,293.1,20.1,4.0,10.1,Sandy Loam,Rayalaseema,527.1,2,56.5,0.68,1.3,3028,4.4,43.1,Medium,1
Nandyal,BW-NAN-01540,391.5,37.1,0.1,6.5,Sandy Clay,Rayalaseema,583.8,1,58.1,1.83,8.2,2913,0.4,31.0,Low,1
Anantapur,BW-ANA-01541,286.9,44.9,1.5,5.9,Sandy Loam,Rayalaseema,514.6,4,53.5,1.15,7.7,2337,1.1,38.1,Medium,0
Anantapur,BW-ANA-01542,289.3,56.6,10.9,9.1,Sandy Loam,Rayalaseema,480.3,1,67.4,4.59,9.7,3351,10.6,99.8,High,1
Anantapur,BW-ANA-01543,304.8,55.1,4.9,2.4,Sandy Clay,Rayalaseema,561.2,0,58.3,4.39,17.6,2751,6.5,73.5,High,1
Anantapur,BW-ANA-01544,323.2,32.7,4.5,8.3,Sandy Loam,Rayalaseema,618.1,3,56.7,1.58,2.7,2705,2.8,34.5,Low,0
Anantapur,BW-ANA-01545,413.5,53.5,12.3,13.6,Sandy Loam,Rayalaseema,460.9,5,68.2,6.38,5.2,2710,12.6,95.0,High,1
Anantapur,BW-ANA-01546,299.0,30.2,12.0,7.2,Sandy Clay,Rayalaseema,538.3,3,57.7,6.51,4.9,2807,10.7,71.1,High,1
Anantapur,BW-ANA-01547,440.3,43.0,1.3,9.8,Sandy Clay,Rayalaseema,487.3,0,59.7,2.13,6.8,3297,2.8,59.3,Medium,0
Anantapur,BW-ANA-01548,371.9,67.1,4.4,9.4,Sandy Loam,Rayalaseema,459.0,1,60.6,0.1,12.9,2554,3.8,53.0,Medium,0
Anantapur,BW-ANA-01549,173.6,36.2,2.5,6.8,Sandy Clay,Rayalaseema,300,1,51.1,1.94,1.6,2218,0,32.8,Low,0
Anantapur,BW-ANA-01550,427.1,62.2,3.4,6.1,Sandy Clay,Rayalaseema,477.8,4,53.0,0.1,10.2,2850,1.1,36.4,Medium,0
Anantapur,BW-ANA-01551,296.5,44.4,2.2,2.1,Sandy Clay,Rayalaseema,433.6,3,52.7,3.66,9.2,3118,3.7,33.8,Low,1
Anantapur,BW-ANA-01552,184.2,52.7,11.3,5.9,Sandy Clay,Rayalaseema,435.2,3,60.9,3.18,8.1,2249,8.5,73.3,High,0
Anantapur,BW-ANA-01553,124.1,51.1,0.1,8.9,Sandy Clay,Rayalaseema,611.6,2,55.8,1.28,10.2,2525,0.6,32.0,Low,0
Anantapur,BW-ANA-01554,454.8,50.3,0.5,6.6,Sandy Loam,Rayalaseema,593.6,0,58.3,1.62,3.9,2840,0,31.0,Low,0
Anantapur,BW-ANA-01555,407.2,46.9,8.3,6.0,Sandy Clay,Rayalaseema,654.8,1,60.6,3.31,13.3,2198,6.3,77.8,High,1
Anantapur,BW-ANA-01556,253.3,42.7,0.8,9.3,Sandy Loam,Rayalaseema,578.4,2,52.3,2.23,6.0,3098,0.6,30.2,Low,0
Anantapur,BW-ANA-01557,247.9,45.6,2.9,6.0,Sandy Loam,Rayalaseema,710.6,2,48.9,1.5,6.0,2830,2.8,35.4,Medium,0
Anantapur,BW-ANA-01558,422.8,41.2,0.9,4.2,Sandy Loam,Rayalaseema,396.0,0,52.9,0.44,5.3,2718,2.3,37.2,Medium,0
Anantapur,BW-ANA-01559,189.0,45.9,2.8,6.9,Sandy Clay,Rayalaseema,479.3,1,51.9,0.89,10.7,2960,0.1,34.4,Low,0
Anantapur,BW-ANA-01560,361.5,34.5,2.2,8.2,Sandy Clay,Rayalaseema,485.8,4,60.3,0.8,15.2,2502,1.7,44.5,Medium,0
Anantapur,BW-ANA-01561,323.8,40.5,2.6,8.8,Sandy Clay,Rayalaseema,776.5,1,50.3,0.97,10.2,2673,0.5,34.9,Low,0
Anantapur,BW-ANA-01562,251.8,52.0,6.7,2.1,Sandy Loam,Rayalaseema,517.7,1,57.0,3.5,11.4,2689,7.7,63.3,Medium,0
Anantapur,BW-ANA-01563,296.7,40.6,0.9,7.9,Sandy Loam,Rayalaseema,358.8,3,55.7,2.33,5.4,2104,0.7,25.6,Low,1
Anantapur,BW-ANA-01564,245.5,49.7,4.3,7.3,Sandy Loam,Rayalaseema,535.8,2,59.5,2.05,13.0,3029,6.8,57.7,Medium,0
Anantapur,BW-ANA-01565,369.6,60.4,0.3,9.1,Sandy Loam,Rayalaseema,535.2,3,54.2,1.71,5.5,2921,3.4,34.4,Low,0
Anantapur,BW-ANA-01566,276.7,49.6,1.2,3.8,Sandy Loam,Rayalaseema,436.6,1,50.1,0.92,4.6,2715,0.1,27.2,Low,0
Anantapur,BW-ANA-01567,259.2,61.0,2.0,6.8,Sandy Clay,Rayalaseema,543.6,3,58.0,2.39,12.0,2479,2.3,42.9,Medium,1
Anantapur,BW-ANA-01568,266.9,46.6,3.7,4.6,Sandy Clay,Rayalaseema,661.9,0,54.6,1.73,4.2,3056,6.3,53.5,Medium,0
Anantapur,BW-ANA-01569,290.9,64.5,8.9,11.0,Sandy Loam,Rayalaseema,546.0,1,64.0,5.48,6.4,2477,10.2,88.4,High,1
Anantapur,BW-ANA-01570,94.5,44.5,15.9,5.0,Sandy Clay,Rayalaseema,524.9,5,66.0,5.32,3.1,2365,16.0,87.4,High,1
Anantapur,BW-ANA-01571,270.1,44.2,4.2,10.5,Sandy Loam,Rayalaseema,347.6,0,55.7,1.88,4.2,2790,6.2,49.4,Medium,0
Anantapur,BW-ANA-01572,284.4,61.4,0.9,7.9,Sandy Loam,Rayalaseema,644.4,3,55.3,1.74,0.4,2833,0.8,33.2,Low,0
Anantapur,BW-ANA-01573,328.9,43.6,1.3,9.4,Sandy Loam,Rayalaseema,300,2,52.3,1.98,3.0,2062,3.0,33.2,Low,0
Anantapur,BW-ANA-01574,366.2,44.8,10.0,10.5,Sandy Clay,Rayalaseema,403.9,1,62.3,5.27,14.3,2405,8.4,93.0,High,1
Anantapur,BW-ANA-01575,557.0,64.8,1.4,11.0,Sandy Clay,Rayalaseema,566.1,2,53.0,1.31,3.2,2610,0,29.5,Low,0
Anantapur,BW-ANA-01576,428.4,34.5,6.4,9.9,Sandy Clay,Rayalaseema,308.9,3,59.0,3.73,4.3,2881,6.5,54.2,Medium,1
Anantapur,BW-ANA-01577,183.3,49.7,5.0,11.9,Sandy Loam,Rayalaseema,622.3,3,61.8,2.16,6.7,2800,4.7,52.4,Medium,1
Anantapur,BW-ANA-01578,400.0,58.8,2.5,6.1,Sandy Clay,Rayalaseema,672.1,2,54.2,1.84,3.5,2614,0,35.1,Medium,0
Anantapur,BW-ANA-01579,317.1,50.7,2.5,7.6,Sandy Clay,Rayalaseema,406.6,3,55.9,1.81,3.4,2448,4.3,35.4,Medium,0
Anantapur,BW-ANA-01580,192.4,61.0,5.6,7.9,Sandy Clay,Rayalaseema,417.4,0,64.5,4.29,14.5,2377,7.0,81.9,High,1
Anantapur,BW-ANA-01581,152.9,47.1,1.7,9.8,Sandy Loam,Rayalaseema,380.7,3,58.0,0.89,12.7,2711,5.0,42.5,Medium,1
Anantapur,BW-ANA-01582,214.7,48.7,5.3,10.6,Sandy Clay,Rayalaseema,426.5,5,53.4,3.55,7.0,2210,3.5,52.6,Medium,0
Anantapur,BW-ANA-01583,383.8,52.1,0.4,6.9,Sandy Clay,Rayalaseema,518.4,0,47.2,0.5,3.2,2050,1.3,32.7,Low,1
Anantapur,BW-ANA-01584,343.6,29.9,8.0,5.5,Sandy Loam,Rayalaseema,643.9,2,57.2,4.48,3.4,2333,8.5,58.2,Medium,0
Anantapur,BW-ANA-01585,419.6,57.4,3.3,10.3,Sandy Clay,Rayalaseema,503.4,2,50.7,0.98,3.8,2633,4.3,37.3,Medium,0
Anantapur,BW-ANA-01586,195.4,51.7,1.6,6.9,Sandy Loam,Rayalaseema,450.2,1,55.0,2.34,9.3,2420,1.5,35.0,Medium,0
Anantapur,BW-ANA-01587,456.2,47.4,0.9,6.4,Sandy Loam,Rayalaseema,670.0,1,49.0,0.42,8.0,2679,1.5,30.9,Low,0
Anantapur,BW-ANA-01588,258.2,46.9,0.9,4.6,Sandy Clay,Rayalaseema,496.5,2,50.4,1.11,7.4,3030,2.4,25.5,Low,0
Anantapur,BW-ANA-01589,353.6,68.8,0.6,8.0,Sandy Loam,Rayalaseema,300,0,63.2,2.53,8.7,2729,1.1,56.4,Medium,1
Anantapur,BW-ANA-01590,296.8,45.9,9.4,6.3,Sandy Clay,Rayalaseema,415.8,1,58.5,3.72,6.7,2559,10.9,72.2,High,1
Anantapur,BW-ANA-01591,294.7,39.1,3.4,8.4,Sandy Loam,Rayalaseema,568.3,1,61.1,3.26,2.3,2549,2.1,46.8,Medium,1
Anantapur,BW-ANA-01592,473.8,31.9,2.4,8.3,Sandy Clay,Rayalaseema,426.2,1,51.4,0.67,13.1,2751,2.1,36.8,Medium,0
Anantapur,BW-ANA-01593,269.4,46.0,27.2,7.6,Sandy Loam,Rayalaseema,300,1,72.5,10.14,8.6,2308,25.1,100.0,High,1
Anantapur,BW-ANA-01594,237.1,53.3,2.6,7.3,Sandy Clay,Rayalaseema,379.2,3,52.9,1.91,10.4,2583,0,46.7,Medium,1
Anantapur,BW-ANA-01595,474.2,42.5,1.5,1.4,Sandy Clay,Rayalaseema,513.4,0,54.5,0.1,9.2,2930,1.3,30.1,Low,0
Anantapur,BW-ANA-01596,314.1,35.8,1.8,7.0,Sandy Clay,Rayalaseema,574.9,3,52.4,2.37,6.0,3187,0,37.2,Medium,0
Anantapur,BW-ANA-01597,434.7,44.7,6.8,8.3,Sandy Clay,Rayalaseema,395.1,4,53.2,3.06,6.5,2613,3.5,42.9,Medium,0
Anantapur,BW-ANA-01598,387.8,39.6,3.1,7.2,Sandy Loam,Rayalaseema,552.3,3,55.6,2.57,7.0,2254,3.2,40.8,Medium,0
Anantapur,BW-ANA-01599,224.2,43.1,1.3,11.7,Sandy Clay,Rayalaseema,524.1,2,57.5,1.75,18.1,2114,4.6,55.2,Medium,1
Anantapur,BW-ANA-01600,191.4,42.9,2.6,10.1,Sandy Clay,Rayalaseema,580.8,5,52.5,0.82,3.9,2474,2.8,26.5,Low,1
Anantapur,BW-ANA-01601,356.1,45.4,0.5,5.5,Sandy Clay,Rayalaseema,726.3,2,44.9,0.11,0.7,2274,0.7,7.5,Low,0
Anantapur,BW-ANA-01602,339.6,51.9,0.7,2.8,Sandy Clay,Rayalaseema,577.1,1,46.0,2.26,1.3,2532,0.0,9.7,Low,0
Anantapur,BW-ANA-01603,396.0,41.9,5.3,5.7,Sandy Loam,Rayalaseema,613.6,1,58.0,3.23,7.3,2697,8.3,56.8,Medium,1
Anantapur,BW-ANA-01604,344.0,58.2,11.1,12.2,Sandy Clay,Rayalaseema,372.0,5,59.7,5.49,6.5,2802,13.4,85.5,High,1
Anantapur,BW-ANA-01605,264.9,49.0,2.4,3.4,Sandy Loam,Rayalaseema,455.4,0,50.2,0.61,2.3,2854,0,33.3,Low,0
Anantapur,BW-ANA-01606,272.7,38.0,3.8,12.8,Sandy Clay,Rayalaseema,443.8,0,56.1,4.0,4.8,2560,6.2,58.4,Medium,0
Anantapur,BW-ANA-01607,296.5,54.9,2.0,9.0,Sandy Loam,Rayalaseema,365.7,2,56.1,0.6,9.2,2267,0.5,39.5,Medium,0
Anantapur,BW-ANA-01608,268.2,45.0,1.4,12.3,Sandy Loam,Rayalaseema,389.6,3,48.1,1.48,4.8,3157,1.4,28.5,Low,0
Anantapur,BW-ANA-01609,350.4,40.9,0.7,8.6,Sandy Loam,Rayalaseema,300,0,51.3,2.27,9.3,2482,0,38.8,Medium,0
Anantapur,BW-ANA-01610,472.6,48.1,4.0,5.6,Sandy Loam,Rayalaseema,527.1,2,60.4,2.56,7.2,2783,1.2,49.0,Medium,0
Anantapur,BW-ANA-01611,269.6,45.8,5.1,1.9,Sandy Clay,Rayalaseema,565.6,2,53.6,3.0,3.6,2584,6.9,49.4,Medium,0
Anantapur,BW-ANA-01612,214.3,46.1,7.9,15.0,Sandy Loam,Rayalaseema,549.1,2,64.5,3.59,12.7,2779,7.3,82.0,High,0
Anantapur,BW-ANA-01613,510.1,39.5,6.3,6.5,Sandy Loam,Rayalaseema,494.1,3,62.8,4.05,13.1,2802,10.6,77.0,High,1
Anantapur,BW-ANA-01614,233.2,46.2,11.6,12.5,Sandy Loam,Rayalaseema,664.9,0,68.6,4.84,8.8,2730,12.4,100.0,High,1
Anantapur,BW-ANA-01615,401.6,46.0,9.6,16.2,Sandy Clay,Rayalaseema,668.6,3,67.3,4.31,11.8,2375,6.2,96.4,High,1
Anantapur,BW-ANA-01616,362.9,52.3,2.9,9.0,Sandy Clay,Rayalaseema,513.3,3,57.7,2.28,12.9,2981,4.8,61.8,Medium,0
Anantapur,BW-ANA-01617,324.0,52.4,9.2,6.5,Sandy Clay,Rayalaseema,606.9,0,60.9,5.78,9.1,2443,10.4,81.0,High,0
Sri Sathya Sai,BW-SRI-01618,194.2,64.9,0.5,5.8,Sandy Loam,Rayalaseema,518.2,3,44.3,0.1,2.8,2991,1.9,17.4,Low,0
Sri Sathya Sai,BW-SRI-01619,323.7,73.9,3.5,5.3,Sandy Loam,Rayalaseema,588.6,1,52.0,1.43,0.0,2449,2.5,37.9,Medium,1
Sri Sathya Sai,BW-SRI-01620,185.6,63.8,1.2,9.7,Sandy Loam,Rayalaseema,663.9,3,54.7,0.84,3.3,2184,2.2,26.1,Low,0
Sri Sathya Sai,BW-SRI-01621,98.5,48.5,7.6,4.1,Sandy Loam,Rayalaseema,455.1,2,51.4,2.43,6.1,2873,4.8,49.7,Medium,1
Sri Sathya Sai,BW-SRI-01622,381.9,46.1,4.2,8.8,Sandy Clay,Rayalaseema,338.6,1,52.7,3.17,14.5,2659,5.9,55.8,Medium,1
Sri Sathya Sai,BW-SRI-01623,179.4,34.5,3.6,9.9,Sandy Loam,Rayalaseema,388.4,3,53.0,2.21,3.1,2395,2.4,33.5,Low,0
Sri Sathya Sai,BW-SRI-01624,414.0,65.1,1.5,9.0,Sandy Clay,Rayalaseema,536.9,4,53.5,2.49,2.1,2527,2.0,34.7,Low,0
Sri Sathya Sai,BW-SRI-01625,428.2,72.8,6.2,6.8,Sandy Loam,Rayalaseema,300,1,61.0,2.47,3.7,2501,5.2,60.3,Medium,1
Sri Sathya Sai,BW-SRI-01626,333.6,69.6,30.5,9.0,Sandy Loam,Rayalaseema,438.8,2,81.0,11.53,0.4,2631,31.2,100.0,High,1
Sri Sathya Sai,BW-SRI-01627,489.4,68.1,15.5,7.2,Sandy Loam,Rayalaseema,761.7,2,66.9,7.76,8.2,2416,15.1,100.0,High,1
Sri Sathya Sai,BW-SRI-01628,489.6,59.5,14.8,6.3,Sandy Loam,Rayalaseema,370.0,2,66.7,4.88,1.3,2246,12.0,99.1,High,1
Sri Sathya Sai,BW-SRI-01629,222.8,50.9,0.5,4.5,Sandy Clay,Rayalaseema,668.5,4,55.6,0.47,14.7,2794,0,42.8,Medium,0
Sri Sathya Sai,BW-SRI-01630,121.2,71.2,3.0,9.1,Sandy Loam,Rayalaseema,471.1,2,56.5,2.38,9.8,3000,4.3,49.7,Medium,0
Sri Sathya Sai,BW-SRI-01631,252.1,76.0,4.8,4.0,Sandy Clay,Rayalaseema,300,2,57.3,0.93,12.3,2463,6.5,52.3,Medium,0
Sri Sathya Sai,BW-SRI-01632,473.8,60.7,3.0,7.1,Sandy Loam,Rayalaseema,474.5,3,51.1,4.17,7.6,2851,2.8,52.7,Medium,0
Sri Sathya Sai,BW-SRI-01633,385.7,68.5,4.1,7.4,Sandy Clay,Rayalaseema,468.5,0,56.4,4.26,3.5,1727,5.2,57.6,Medium,0
Sri Sathya Sai,BW-SRI-01634,228.1,70.2,5.3,5.8,Sandy Loam,Rayalaseema,526.2,2,56.5,5.26,11.5,2718,10.6,78.2,High,1
Sri Sathya Sai,BW-SRI-01635,369.1,59.4,0.9,6.6,Sandy Clay,Rayalaseema,525.3,4,53.9,1.28,8.2,2732,1.4,26.7,Low,0
Sri Sathya Sai,BW-SRI-01636,462.1,75.5,14.2,7.8,Sandy Loam,Rayalaseema,575.5,1,68.5,5.91,10.2,2902,12.7,100.0,High,1
Sri Sathya Sai,BW-SRI-01637,329.8,60.0,15.6,6.4,Sandy Loam,Rayalaseema,468.9,3,65.6,5.48,7.7,2210,13.5,98.5,High,1
Sri Sathya Sai,BW-SRI-01638,315.5,50.5,0.9,11.4,Sandy Clay,Rayalaseema,577.1,2,50.9,2.54,6.5,3163,0,33.0,Low,0
Sri Sathya Sai,BW-SRI-01639,290.3,79.0,4.7,14.6,Sandy Clay,Rayalaseema,680.5,1,57.9,4.71,8.7,2486,6.6,69.2,High,1
Sri Sathya Sai,BW-SRI-01640,319.0,58.7,1.2,4.5,Sandy Clay,Rayalaseema,445.6,2,56.0,1.02,8.3,2189,3.2,34.7,Low,0
Sri Sathya Sai,BW-SRI-01641,195.3,58.5,4.0,7.5,Sandy Clay,Rayalaseema,399.0,4,62.4,2.12,6.7,2471,5.1,51.8,Medium,0
Sri Sathya Sai,BW-SRI-01642,390.4,58.6,0.9,7.1,Sandy Loam,Rayalaseema,643.2,1,52.6,2.1,7.5,2290,2.0,39.6,Medium,0
Sri Sathya Sai,BW-SRI-01643,361.6,66.7,12.0,8.6,Sandy Loam,Rayalaseema,474.7,3,58.4,5.89,5.6,2402,14.1,80.8,High,1
Sri Sathya Sai,BW-SRI-01644,383.7,55.2,0.8,9.5,Sandy Loam,Rayalaseema,572.7,0,50.8,0.74,7.4,2784,2.5,44.9,Medium,0
Sri Sathya Sai,BW-SRI-01645,192.9,58.1,6.1,10.5,Sandy Clay,Rayalaseema,505.0,4,64.7,3.53,11.2,2112,6.8,60.9,Medium,0
Sri Sathya Sai,BW-SRI-01646,276.5,62.1,2.1,7.8,Sandy Clay,Rayalaseema,412.0,3,51.7,2.94,7.0,2152,3.4,44.4,Medium,0
Sri Sathya Sai,BW-SRI-01647,345.6,73.1,1.4,7.2,Sandy Loam,Rayalaseema,352.3,0,50.0,1.45,9.7,3035,0,39.0,Medium,0
Sri Sathya Sai,BW-SRI-01648,226.7,65.0,3.1,7.5,Sandy Loam,Rayalaseema,464.5,1,60.2,1.33,9.5,2840,5.9,58.8,Medium,1
Sri Sathya Sai,BW-SRI-01649,274.3,55.1,4.7,4.6,Sandy Clay,Rayalaseema,487.7,0,53.7,2.63,5.3,2337,6.7,56.3,Medium,1
Sri Sathya Sai,BW-SRI-01650,250.1,61.8,1.4,5.5,Sandy Clay,Rayalaseema,751.8,3,50.9,2.0,2.5,2795,1.0,16.7,Low,0
Sri Sathya Sai,BW-SRI-01651,292.2,50.8,4.2,6.0,Sandy Loam,Rayalaseema,531.2,1,55.9,2.45,11.5,2217,5.1,63.5,Medium,0
Sri Sathya Sai,BW-SRI-01652,228.5,67.8,12.2,6.9,Sandy Loam,Rayalaseema,424.0,0,70.8,5.18,11.8,1660,11.7,100.0,High,1
Sri Sathya Sai,BW-SRI-01653,320.6,53.9,8.7,4.5,Sandy Loam,Rayalaseema,577.6,2,62.8,4.63,6.3,3072,10.4,67.4,High,0
Sri Sathya Sai,BW-SRI-01654,258.5,63.4,10.1,13.3,Sandy Loam,Rayalaseema,388.2,0,60.1,3.63,9.1,2445,8.2,77.3,High,1
Sri Sathya Sai,BW-SRI-01655,327.9,49.6,6.1,9.6,Sandy Loam,Rayalaseema,472.2,3,61.8,0.83,8.3,2591,5.3,51.0,Medium,0
Sri Sathya Sai,BW-SRI-01656,335.3,58.5,28.0,11.8,Sandy Clay,Rayalaseema,752.2,2,75.9,8.88,9.1,3087,24.7,100.0,High,1
Sri Sathya Sai,BW-SRI-01657,203.5,58.1,11.5,11.6,Sandy Clay,Rayalaseema,625.0,1,73.6,5.91,14.7,2460,9.8,100.0,High,1
Sri Sathya Sai,BW-SRI-01658,327.4,67.1,1.6,6.5,Sandy Loam,Rayalaseema,489.3,2,53.7,1.17,5.8,2467,1.9,35.3,Medium,0
Sri Sathya Sai,BW-SRI-01659,268.8,61.1,2.1,4.3,Sandy Loam,Rayalaseema,548.0,0,55.4,2.02,11.5,2639,3.4,54.4,Medium,0
Sri Sathya Sai,BW-SRI-01660,236.6,72.0,4.6,4.6,Sandy Clay,Rayalaseema,300,1,52.3,1.67,2.4,2160,2.4,38.9,Medium,0
Sri Sathya Sai,BW-SRI-01661,588.1,73.3,2.0,8.0,Sandy Clay,Rayalaseema,548.3,1,50.6,2.26,14.4,2944,1.9,42.3,Medium,0
Sri Sathya Sai,BW-SRI-01662,173.8,64.0,4.6,7.1,Sandy Loam,Rayalaseema,404.8,0,50.1,3.15,9.3,2176,2.1,43.6,Medium,0
Sri Sathya Sai,BW-SRI-01663,385.3,71.4,2.4,3.4,Sandy Clay,Rayalaseema,612.2,1,50.7,3.62,14.6,2423,6.1,55.9,Medium,0
Sri Sathya Sai,BW-SRI-01664,266.0,54.6,6.0,9.3,Sandy Clay,Rayalaseema,491.0,0,57.6,3.29,0.0,2309,4.2,62.9,Medium,0
Sri Sathya Sai,BW-SRI-01665,243.8,55.9,4.8,8.4,Sandy Loam,Rayalaseema,555.6,0,52.9,4.55,9.5,2781,4.1,68.1,High,0
Sri Sathya Sai,BW-SRI-01666,249.2,53.9,3.3,4.2,Sandy Loam,Rayalaseema,453.6,1,60.9,1.84,9.3,1888,1.4,47.6,Medium,0
Sri Sathya Sai,BW-SRI-01667,370.6,71.8,0.1,9.4,Sandy Loam,Rayalaseema,679.0,2,60.5,1.75,15.3,2432,3.2,55.5,Medium,0
Sri Sathya Sai,BW-SRI-01668,345.3,62.4,16.7,11.1,Sandy Loam,Rayalaseema,390.5,1,75.5,7.68,15.8,2824,17.8,100.0,High,1
Sri Sathya Sai,BW-SRI-01669,149.4,55.3,13.5,5.3,Sandy Clay,Rayalaseema,360.9,1,61.6,6.09,8.6,2190,10.8,95.6,High,0
Sri Sathya Sai,BW-SRI-01670,306.0,72.5,8.8,9.6,Sandy Clay,Rayalaseema,361.1,0,57.6,2.88,11.5,3021,10.5,89.0,High,1
Sri Sathya Sai,BW-SRI-01671,325.4,64.7,5.3,5.8,Sandy Loam,Rayalaseema,372.0,3,56.3,2.76,3.6,2745,5.3,42.4,Medium,0
Sri Sathya Sai,BW-SRI-01672,273.0,55.1,0.9,9.3,Sandy Clay,Rayalaseema,425.8,1,61.4,0.1,7.2,2924,0,44.3,Medium,0
Sri Sathya Sai,BW-SRI-01673,346.8,80.5,7.3,4.4,Sandy Loam,Rayalaseema,300,2,66.2,5.02,12.0,1979,4.7,66.0,High,0
Sri Sathya Sai,BW-SRI-01674,282.2,67.4,13.6,10.0,Sandy Loam,Rayalaseema,442.6,3,60.4,6.43,4.9,2458,16.0,98.4,High,1
Sri Sathya Sai,BW-SRI-01675,206.6,55.5,0.4,2.9,Sandy Loam,Rayalaseema,500.6,3,46.7,2.5,5.5,2346,0.3,19.4,Low,0
Sri Sathya Sai,BW-SRI-01676,354.3,65.5,2.0,2.8,Sandy Loam,Rayalaseema,436.2,5,48.5,1.16,11.0,2880,2.3,27.1,Low,0
Sri Sathya Sai,BW-SRI-01677,261.0,59.2,5.0,13.4,Sandy Clay,Rayalaseema,539.4,0,68.3,3.17,8.8,2685,8.3,87.5,High,1
Sri Sathya Sai,BW-SRI-01678,384.3,54.4,5.2,10.5,Sandy Loam,Rayalaseema,492.2,4,61.3,3.66,13.0,2725,4.2,60.5,Medium,1
Sri Sathya Sai,BW-SRI-01679,417.1,64.7,16.7,4.9,Sandy Clay,Rayalaseema,521.8,1,66.8,7.52,3.8,2630,17.3,100.0,High,1
Sri Sathya Sai,BW-SRI-01680,271.3,55.0,6.7,8.8,Sandy Clay,Rayalaseema,567.7,3,65.2,3.53,11.8,2580,5.2,72.4,High,1
Sri Sathya Sai,BW-SRI-01681,360.7,57.8,15.9,9.4,Sandy Loam,Rayalaseema,491.7,2,74.1,7.96,10.8,2688,18.7,100.0,High,1
Sri Sathya Sai,BW-SRI-01682,395.3,70.1,1.2,1.0,Sandy Loam,Rayalaseema,564.8,4,45.2,1.42,2.8,2909,1.1,4.4,Low,0
Sri Sathya Sai,BW-SRI-01683,465.0,59.9,14.4,5.6,Sandy Clay,Rayalaseema,643.9,4,66.0,7.95,11.4,2957,16.5,100.0,High,1
Sri Sathya Sai,BW-SRI-01684,196.9,59.4,1.5,9.8,Sandy Loam,Rayalaseema,320.1,2,55.1,1.27,2.3,2087,2.3,39.0,Medium,1
Sri Sathya Sai,BW-SRI-01685,317.1,47.8,7.2,5.5,Sandy Loam,Rayalaseema,335.9,2,54.2,2.18,5.5,2598,3.8,50.2,Medium,0
Sri Sathya Sai,BW-SRI-01686,116.5,66.5,1.9,6.3,Sandy Loam,Rayalaseema,472.9,1,47.9,0.1,6.4,2452,1.5,27.0,Low,0
Sri Sathya Sai,BW-SRI-01687,266.2,60.5,0.4,12.6,Sandy Clay,Rayalaseema,413.1,1,55.0,1.0,5.0,2371,0,36.5,Medium,0
Sri Sathya Sai,BW-SRI-01688,214.3,60.8,6.0,8.1,Sandy Clay,Rayalaseema,524.6,3,56.6,2.42,7.8,2568,6.8,46.9,Medium,0
Sri Sathya Sai,BW-SRI-01689,293.3,67.6,4.7,7.5,Sandy Clay,Rayalaseema,412.1,0,61.0,1.38,11.1,2538,7.6,71.9,High,0
Sri Sathya Sai,BW-SRI-01690,381.9,56.2,10.5,7.1,Sandy Loam,Rayalaseema,409.5,1,62.5,3.41,4.2,3070,8.0,80.1,High,1
Sri Sathya Sai,BW-SRI-01691,339.6,58.3,5.1,2.7,Sandy Loam,Rayalaseema,546.9,4,56.8,2.73,7.2,2781,5.5,44.3,Medium,0
Sri Sathya Sai,BW-SRI-01692,301.1,68.4,13.0,4.3,Sandy Loam,Rayalaseema,494.9,5,62.9,5.02,11.0,2882,12.2,84.4,High,1
Sri Sathya Sai,BW-SRI-01693,316.1,61.8,6.0,7.4,Sandy Loam,Rayalaseema,592.3,1,56.6,2.87,6.2,2998,6.1,58.3,Medium,1
Sri Sathya Sai,BW-SRI-01694,279.4,54.6,6.8,4.0,Sandy Clay,Rayalaseema,552.2,1,59.1,2.42,10.6,2414,8.1,66.3,High,1
YSR Kadapa,BW-YSR-01695,137.9,40.0,9.0,6.2,Sandy Clay,Rayalaseema,699.9,3,59.8,5.05,10.9,2460,6.0,74.7,High,1
YSR Kadapa,BW-YSR-01696,414.4,35.3,10.3,10.9,Sandy Loam,Rayalaseema,482.8,3,69.2,3.66,14.3,2354,7.8,83.5,High,1
YSR Kadapa,BW-YSR-01697,289.2,42.9,0.9,7.8,Sandy Clay,Rayalaseema,374.1,2,56.2,2.69,9.7,2462,0,43.6,Medium,0
YSR Kadapa,BW-YSR-01698,301.0,45.1,0.2,9.7,Sandy Clay,Rayalaseema,659.4,0,51.9,1.33,9.4,2641,1.8,43.4,Medium,0
YSR Kadapa,BW-YSR-01699,173.8,48.5,22.5,6.8,Sandy Clay,Rayalaseema,425.8,2,74.4,8.5,2.0,2578,24.6,100.0,High,1
YSR Kadapa,BW-YSR-01700,284.4,33.3,8.2,8.6,Sandy Clay,Rayalaseema,603.7,2,60.3,4.89,3.2,2456,9.9,67.8,High,1
YSR Kadapa,BW-YSR-01701,88.6,38.6,1.1,8.7,Sandy Loam,Rayalaseema,447.3,1,47.1,0.1,3.0,2540,0,23.1,Low,0
YSR Kadapa,BW-YSR-01702,356.5,46.4,2.2,9.4,Sandy Loam,Rayalaseema,563.3,0,57.3,1.42,7.0,3007,1.3,48.5,Medium,0
YSR Kadapa,BW-YSR-01703,126.1,35.3,7.6,5.5,Sandy Loam,Rayalaseema,373.6,0,54.4,2.99,8.3,2432,9.7,70.6,High,0
YSR Kadapa,BW-YSR-01704,423.0,41.9,1.6,3.4,Sandy Clay,Rayalaseema,574.5,0,52.7,0.37,8.2,2785,1.2,36.5,Medium,0
YSR Kadapa,BW-YSR-01705,268.3,24.1,3.2,6.1,Sandy Clay,Rayalaseema,436.8,3,56.6,1.02,9.9,2451,1.0,34.1,Low,0
YSR Kadapa,BW-YSR-01706,416.7,46.4,2.7,4.5,Sandy Loam,Rayalaseema,482.9,6,55.6,2.83,11.4,2890,3.7,44.7,Medium,1
YSR Kadapa,BW-YSR-01707,345.4,50.0,2.0,2.2,Sandy Loam,Rayalaseema,394.5,1,51.9,3.56,4.7,1916,4.8,39.7,Medium,0
YSR Kadapa,BW-YSR-01708,333.5,47.6,0.3,13.3,Sandy Clay,Rayalaseema,354.5,3,57.4,1.52,11.6,2407,0.9,44.1,Medium,1
YSR Kadapa,BW-YSR-01709,492.8,40.4,0.6,13.6,Sandy Loam,Rayalaseema,572.7,3,56.2,0.23,7.8,2451,1.9,43.7,Medium,1
YSR Kadapa,BW-YSR-01710,214.6,34.2,2.5,11.3,Sandy Loam,Rayalaseema,535.0,1,61.2,1.42,7.8,2607,2.5,51.4,Medium,1
YSR Kadapa,BW-YSR-01711,360.0,29.1,3.5,10.1,Sandy Loam,Rayalaseema,448.9,2,54.6,1.76,12.4,2619,2.4,49.3,Medium,0
YSR Kadapa,BW-YSR-01712,82.2,32.2,10.6,6.2,Sandy Loam,Rayalaseema,332.8,2,65.3,5.1,5.4,2583,9.6,76.8,High,1
YSR Kadapa,BW-YSR-01713,294.8,28.4,2.2,7.8,Sandy Loam,Rayalaseema,552.9,3,52.5,1.11,7.0,2293,3.8,26.2,Low,0
YSR Kadapa,BW-YSR-01714,235.8,58.1,2.2,6.6,Sandy Loam,Rayalaseema,517.4,2,55.7,2.63,11.8,2316,2.6,40.1,Medium,0
YSR Kadapa,BW-YSR-01715,335.5,57.5,1.5,10.0,Sandy Clay,Rayalaseema,582.5,3,52.5,0.69,4.3,2621,3.8,29.4,Low,0
YSR Kadapa,BW-YSR-01716,346.9,47.1,11.0,7.3,Sandy Loam,Rayalaseema,459.1,3,60.9,4.35,13.6,2437,13.1,87.6,High,0
YSR Kadapa,BW-YSR-01717,324.5,47.6,4.8,12.5,Sandy Loam,Rayalaseema,562.2,7,51.0,3.48,2.4,2863,6.7,43.6,Medium,0
YSR Kadapa,BW-YSR-01718,349.1,51.0,9.4,9.0,Sandy Clay,Rayalaseema,639.1,1,64.7,4.5,9.7,2914,10.6,93.3,High,1
YSR Kadapa,BW-YSR-01719,267.9,43.6,1.3,8.9,Sandy Loam,Rayalaseema,600.2,1,48.1,0.75,2.2,2490,0.8,25.6,Low,0
YSR Kadapa,BW-YSR-01720,345.3,50.7,2.0,9.0,Sandy Loam,Rayalaseema,587.9,1,57.5,3.28,8.1,2606,1.9,50.4,Medium,0
YSR Kadapa,BW-YSR-01721,374.7,49.3,1.5,5.5,Sandy Clay,Rayalaseema,490.4,3,46.0,1.48,3.6,2936,1.0,21.5,Low,1
YSR Kadapa,BW-YSR-01722,320.1,44.1,3.8,9.5,Sandy Loam,Rayalaseema,456.1,1,65.9,2.93,14.3,2960,7.3,70.6,High,1
YSR Kadapa,BW-YSR-01723,179.7,29.8,20.1,3.5,Sandy Loam,Rayalaseema,300,2,71.4,8.29,9.0,2489,22.0,100.0,High,1
YSR Kadapa,BW-YSR-01724,533.0,40.5,2.6,3.5,Sandy Clay,Rayalaseema,548.6,1,55.0,0.1,13.8,2606,0.7,32.2,Low,0
YSR Kadapa,BW-YSR-01725,328.3,48.8,2.4,11.4,Sandy Clay,Rayalaseema,492.3,2,58.3,1.98,10.7,3125,1.6,49.6,Medium,0
YSR Kadapa,BW-YSR-01726,185.7,39.7,3.3,5.2,Sandy Loam,Rayalaseema,681.6,2,58.4,3.09,10.3,2737,3.0,49.9,Medium,0
YSR Kadapa,BW-YSR-01727,301.1,40.6,0.1,10.6,Sandy Clay,Rayalaseema,593.1,5,58.7,1.75,12.7,2579,1.3,38.3,Medium,0
YSR Kadapa,BW-YSR-01728,339.7,45.7,4.1,8.9,Sandy Loam,Rayalaseema,604.1,1,55.0,3.89,7.9,2761,6.5,57.4,Medium,0
YSR Kadapa,BW-YSR-01729,450.4,35.2,0.8,9.4,Sandy Clay,Rayalaseema,320.9,3,51.7,1.5,12.1,2471,0.3,33.1,Low,0
YSR Kadapa,BW-YSR-01730,337.6,61.8,2.4,11.1,Sandy Clay,Rayalaseema,605.6,2,66.9,3.01,16.5,2454,2.1,63.7,Medium,1
YSR Kadapa,BW-YSR-01731,218.1,43.1,3.0,4.6,Sandy Clay,Rayalaseema,577.3,1,54.1,2.77,4.1,2528,1.0,35.5,Medium,0
YSR Kadapa,BW-YSR-01732,139.2,47.5,0.2,6.1,Sandy Clay,Rayalaseema,648.6,3,44.2,0.29,5.7,2498,0,17.2,Low,0
YSR Kadapa,BW-YSR-01733,181.9,42.6,8.2,7.7,Sandy Clay,Rayalaseema,617.3,1,68.3,5.87,9.6,2820,8.6,89.0,High,1
YSR Kadapa,BW-YSR-01734,329.6,32.1,4.5,10.4,Sandy Clay,Rayalaseema,674.1,4,55.6,3.13,6.4,2597,3.1,47.9,Medium,1
YSR Kadapa,BW-YSR-01735,303.7,29.9,0.5,13.3,Sandy Loam,Rayalaseema,576.7,3,56.4,0.66,2.0,2268,0.5,27.8,Low,0
YSR Kadapa,BW-YSR-01736,98.3,38.2,5.1,8.0,Sandy Loam,Rayalaseema,332.8,3,56.4,1.4,5.6,2664,6.8,40.0,Medium,0
YSR Kadapa,BW-YSR-01737,111.2,38.5,4.7,5.7,Sandy Loam,Rayalaseema,417.4,2,57.2,2.29,10.3,2381,5.6,49.8,Medium,0
YSR Kadapa,BW-YSR-01738,270.7,46.3,1.2,12.0,Sandy Clay,Rayalaseema,562.3,0,59.0,0.66,9.2,3145,1.2,48.7,Medium,0
YSR Kadapa,BW-YSR-01739,293.4,47.9,2.5,12.7,Sandy Loam,Rayalaseema,558.3,2,60.6,3.17,5.0,2452,4.0,50.6,Medium,0
YSR Kadapa,BW-YSR-01740,201.8,46.2,4.1,5.4,Sandy Clay,Rayalaseema,447.0,6,58.1,2.44,11.7,2392,1.0,36.6,Medium,0
YSR Kadapa,BW-YSR-01741,259.8,43.8,0.7,9.3,Sandy Loam,Rayalaseema,423.1,1,51.3,2.73,1.8,2129,0.2,33.9,Low,0
YSR Kadapa,BW-YSR-01742,294.4,31.9,1.6,11.4,Sandy Loam,Rayalaseema,300,1,62.5,2.25,11.5,2023,0,57.7,Medium,0
YSR Kadapa,BW-YSR-01743,272.9,45.1,8.7,8.0,Sandy Clay,Rayalaseema,634.8,2,62.2,5.16,8.5,3222,9.8,73.6,High,0
YSR Kadapa,BW-YSR-01744,86.5,36.5,6.8,9.1,Sandy Clay,Rayalaseema,455.0,0,65.0,3.61,12.5,2625,7.3,83.4,High,1
YSR Kadapa,BW-YSR-01745,313.7,37.9,13.5,5.2,Sandy Clay,Rayalaseema,397.5,3,72.4,6.51,14.0,3031,14.4,100.0,High,1
YSR Kadapa,BW-YSR-01746,274.4,56.5,9.6,1.4,Sandy Loam,Rayalaseema,478.9,1,50.5,3.34,0.0,2403,8.1,56.7,Medium,0
YSR Kadapa,BW-YSR-01747,345.8,45.9,9.1,8.0,Sandy Loam,Rayalaseema,372.3,2,65.6,4.84,5.7,2542,4.1,73.0,High,0
YSR Kadapa,BW-YSR-01748,302.7,39.0,0.7,10.0,Sandy Loam,Rayalaseema,571.3,1,52.4,0.1,5.4,2835,0,25.8,Low,0
YSR Kadapa,BW-YSR-01749,248.5,51.6,1.6,10.8,Sandy Loam,Rayalaseema,430.9,2,53.6,0.8,6.6,2807,3.8,37.5,Medium,1
YSR Kadapa,BW-YSR-01750,359.0,48.1,3.5,8.1,Sandy Clay,Rayalaseema,550.1,1,53.1,3.03,14.0,2994,5.0,51.0,Medium,1
YSR Kadapa,BW-YSR-01751,254.3,30.8,11.6,6.8,Sandy Loam,Rayalaseema,553.9,4,62.4,5.65,10.2,2654,11.3,88.4,High,1
YSR Kadapa,BW-YSR-01752,115.3,28.1,4.7,6.3,Sandy Loam,Rayalaseema,506.8,2,59.0,2.12,8.7,3457,7.0,60.3,Medium,1
YSR Kadapa,BW-YSR-01753,281.4,45.6,2.0,4.5,Sandy Loam,Rayalaseema,552.4,1,60.3,0.36,7.6,3076,4.1,34.1,Low,0
YSR Kadapa,BW-YSR-01754,253.6,32.9,5.1,8.6,Sandy Loam,Rayalaseema,517.2,5,58.4,1.86,3.6,2648,2.4,42.6,Medium,0
YSR Kadapa,BW-YSR-01755,223.9,28.6,9.5,8.5,Sandy Loam,Rayalaseema,415.8,3,66.6,3.64,8.8,2881,8.3,74.3,High,1
YSR Kadapa,BW-YSR-01756,168.8,59.6,10.8,6.9,Sandy Clay,Rayalaseema,409.3,2,63.9,6.28,12.3,2932,11.8,87.9,High,1
YSR Kadapa,BW-YSR-01757,295.0,41.0,2.1,10.5,Sandy Clay,Rayalaseema,597.2,4,63.8,2.19,7.2,2789,1.8,42.3,Medium,0
YSR Kadapa,BW-YSR-01758,228.0,46.4,0.2,7.1,Sandy Loam,Rayalaseema,300,1,50.9,1.03,7.5,2771,0,40.5,Medium,1
YSR Kadapa,BW-YSR-01759,326.9,48.5,1.9,11.0,Sandy Loam,Rayalaseema,517.5,0,49.6,2.77,0.0,2394,2.9,40.4,Medium,1
YSR Kadapa,BW-YSR-01760,79.9,29.9,8.8,9.9,Sandy Clay,Rayalaseema,669.1,1,65.8,3.57,5.8,2826,7.1,78.8,High,1
YSR Kadapa,BW-YSR-01761,335.8,51.5,6.0,9.8,Sandy Loam,Rayalaseema,511.8,3,58.5,3.93,10.4,2237,7.3,62.3,Medium,0
YSR Kadapa,BW-YSR-01762,278.1,30.0,6.7,2.8,Sandy Loam,Rayalaseema,383.0,1,58.5,2.88,6.1,2790,4.0,48.6,Medium,1
YSR Kadapa,BW-YSR-01763,180.9,31.0,16.6,6.0,Sandy Clay,Rayalaseema,478.9,1,67.3,7.02,10.0,2450,20.1,100.0,High,1
YSR Kadapa,BW-YSR-01764,170.1,51.8,0.0,10.8,Sandy Loam,Rayalaseema,445.1,1,55.7,0.3,5.5,2902,2.5,25.0,Low,1
YSR Kadapa,BW-YSR-01765,310.2,40.3,2.7,11.2,Sandy Loam,Rayalaseema,453.0,4,49.4,2.69,7.0,2167,5.2,41.0,Medium,0
YSR Kadapa,BW-YSR-01766,352.5,35.6,5.9,10.6,Sandy Loam,Rayalaseema,526.5,2,56.5,2.45,2.1,2441,8.0,52.5,Medium,0
YSR Kadapa,BW-YSR-01767,345.8,51.9,2.8,5.5,Sandy Loam,Rayalaseema,308.4,2,59.0,2.45,7.3,2406,0,40.7,Medium,0
YSR Kadapa,BW-YSR-01768,278.4,43.3,5.2,7.4,Sandy Loam,Rayalaseema,594.1,1,53.6,2.85,10.5,2502,4.0,61.1,Medium,1
YSR Kadapa,BW-YSR-01769,293.3,48.4,2.1,6.5,Sandy Loam,Rayalaseema,452.6,1,56.5,0.88,4.6,2614,2.6,38.6,Medium,0
YSR Kadapa,BW-YSR-01770,399.2,50.6,12.9,4.8,Sandy Clay,Rayalaseema,620.3,3,61.7,5.29,5.1,2606,10.8,75.9,High,1
YSR Kadapa,BW-YSR-01771,321.5,39.3,0.7,5.6,Sandy Loam,Rayalaseema,581.0,1,52.4,1.73,4.0,2583,0.7,31.7,Low,0
Annamayya,BW-ANN-01772,381.6,62.5,18.1,7.5,Sandy Loam,Rayalaseema,462.6,5,69.0,7.73,8.0,2596,15.9,100.0,High,1
Annamayya,BW-ANN-01773,170.2,45.4,2.8,10.9,Sandy Loam,Rayalaseema,531.9,2,60.4,3.05,15.8,2843,2.8,58.5,Medium,1
Annamayya,BW-ANN-01774,184.7,49.7,0.3,6.4,Sandy Clay,Rayalaseema,475.0,1,45.3,0.81,0.5,3092,0.3,20.7,Low,0
Annamayya,BW-ANN-01775,264.9,41.8,4.2,11.0,Sandy Loam,Rayalaseema,364.0,1,64.2,2.75,3.9,2384,4.0,59.7,Medium,1
Annamayya,BW-ANN-01776,384.0,50.3,10.1,8.2,Sandy Clay,Rayalaseema,497.7,3,63.7,5.12,16.2,2981,11.4,83.9,High,1
Annamayya,BW-ANN-01777,298.0,54.0,5.9,12.7,Sandy Loam,Rayalaseema,394.3,1,60.8,5.54,5.0,2492,7.2,83.1,High,1
Annamayya,BW-ANN-01778,265.7,36.7,1.5,9.2,Sandy Clay,Rayalaseema,432.9,0,51.2,2.44,2.0,2975,1.3,51.2,Medium,0
Annamayya,BW-ANN-01779,494.9,46.5,0.1,8.2,Sandy Loam,Rayalaseema,426.1,3,58.0,1.51,9.6,2619,0,37.7,Medium,0
Annamayya,BW-ANN-01780,206.6,46.2,4.7,8.9,Sandy Loam,Rayalaseema,345.6,1,60.4,0.85,6.4,2734,7.5,55.1,Medium,0
Annamayya,BW-ANN-01781,432.1,40.5,4.5,8.5,Sandy Loam,Rayalaseema,591.0,1,55.1,2.64,3.0,2717,3.6,54.2,Medium,0
Annamayya,BW-ANN-01782,297.7,54.7,3.7,8.4,Sandy Loam,Rayalaseema,624.4,5,61.4,3.14,9.0,2778,6.5,58.2,Medium,0
Annamayya,BW-ANN-01783,163.3,52.6,7.4,7.2,Sandy Clay,Rayalaseema,347.8,4,62.4,2.36,1.1,2038,6.3,50.9,Medium,1
Annamayya,BW-ANN-01784,275.5,38.4,3.6,3.4,Sandy Clay,Rayalaseema,437.4,4,59.0,1.26,4.8,2489,5.0,37.7,Medium,0
Annamayya,BW-ANN-01785,291.1,51.1,2.3,7.3,Sandy Loam,Rayalaseema,459.8,0,56.5,3.27,2.7,2809,3.5,51.8,Medium,1
Annamayya,BW-ANN-01786,329.7,64.1,6.1,7.9,Sandy Loam,Rayalaseema,459.8,0,56.4,2.08,4.7,2693,5.4,56.5,Medium,0
Annamayya,BW-ANN-01787,101.9,51.9,18.4,8.0,Sandy Clay,Rayalaseema,448.3,1,71.5,7.34,8.0,2689,18.7,100.0,High,1
Annamayya,BW-ANN-01788,242.0,56.2,2.8,4.8,Sandy Clay,Rayalaseema,312.3,2,49.2,2.41,4.7,1818,4.3,33.2,Low,0
Annamayya,BW-ANN-01789,289.8,48.8,4.4,5.7,Sandy Clay,Rayalaseema,411.8,1,51.8,0.25,11.3,2369,0,38.2,Medium,1
Annamayya,BW-ANN-01790,256.9,57.0,0.9,11.0,Sandy Clay,Rayalaseema,720.1,2,60.4,1.09,15.2,2856,0,50.1,Medium,0
Annamayya,BW-ANN-01791,283.9,42.6,8.7,6.6,Sandy Clay,Rayalaseema,468.3,2,58.3,2.24,12.5,2826,6.3,60.5,Medium,1
Annamayya,BW-ANN-01792,273.0,56.4,15.0,9.2,Sandy Clay,Rayalaseema,601.6,1,70.0,5.19,10.7,2477,15.4,100.0,High,1
Annamayya,BW-ANN-01793,485.1,47.5,8.0,4.2,Sandy Clay,Rayalaseema,514.5,1,60.6,3.21,9.7,2074,9.8,73.7,High,1
Annamayya,BW-ANN-01794,279.1,52.2,12.4,7.7,Sandy Clay,Rayalaseema,551.6,3,57.8,7.49,0.0,2552,10.5,81.5,High,1
Annamayya,BW-ANN-01795,234.4,58.2,0.6,6.4,Sandy Clay,Rayalaseema,502.9,1,51.1,0.33,10.0,2442,1.7,38.8,Medium,0
Annamayya,BW-ANN-01796,438.1,50.0,9.2,2.0,Sandy Loam,Rayalaseema,604.2,1,55.2,6.42,2.8,2667,9.6,77.4,High,0
Annamayya,BW-ANN-01797,394.0,42.8,3.0,8.9,Sandy Loam,Rayalaseema,457.2,1,53.2,2.42,5.5,2809,4.4,48.4,Medium,0
Annamayya,BW-ANN-01798,233.7,55.5,15.7,5.5,Sandy Loam,Rayalaseema,486.2,3,59.4,5.51,4.3,2239,15.4,100.0,High,1
Annamayya,BW-ANN-01799,303.6,60.5,10.4,8.8,Sandy Clay,Rayalaseema,503.1,0,63.3,5.44,6.1,2525,10.7,90.6,High,1
Annamayya,BW-ANN-01800,283.0,39.7,5.2,7.7,Sandy Clay,Rayalaseema,532.1,3,53.5,3.55,7.3,2878,6.5,50.6,Medium,1
Annamayya,BW-ANN-01801,181.5,31.0,1.9,7.8,Sandy Clay,Rayalaseema,462.7,1,52.4,1.04,3.8,2786,1.1,28.1,Low,1
Annamayya,BW-ANN-01802,335.4,62.0,18.0,8.9,Sandy Clay,Rayalaseema,396.5,0,72.5,7.14,10.8,2598,16.8,100.0,High,1
Annamayya,BW-ANN-01803,373.0,61.1,2.7,10.0,Sandy Loam,Rayalaseema,300,0,63.9,3.74,11.6,2103,0,67.4,High,1
Annamayya,BW-ANN-01804,383.0,45.3,3.5,7.9,Sandy Loam,Rayalaseema,518.4,1,55.5,4.08,8.7,2599,5.8,67.1,High,0
Annamayya,BW-ANN-01805,296.1,58.9,0.6,5.2,Sandy Loam,Rayalaseema,391.1,1,56.0,1.53,7.8,2279,0.8,44.1,Medium,0
Annamayya,BW-ANN-01806,356.6,58.2,6.6,9.0,Sandy Clay,Rayalaseema,697.3,3,58.3,3.48,0.0,2645,2.1,44.1,Medium,1
Annamayya,BW-ANN-01807,126.6,59.4,7.3,6.5,Sandy Loam,Rayalaseema,460.5,3,59.3,3.51,5.4,2189,7.6,67.6,High,0
Annamayya,BW-ANN-01808,210.0,41.6,6.4,7.1,Sandy Loam,Rayalaseema,578.5,0,63.5,2.84,12.3,3187,4.4,69.8,High,0
Annamayya,BW-ANN-01809,411.6,50.2,6.8,4.9,Sandy Loam,Rayalaseema,625.1,1,65.7,3.26,9.0,3111,10.4,75.8,High,1
Annamayya,BW-ANN-01810,200.7,60.5,0.8,3.3,Sandy Clay,Rayalaseema,603.8,2,51.0,0.57,7.1,2390,1.2,31.6,Low,0
Annamayya,BW-ANN-01811,160.4,59.1,8.1,11.7,Sandy Clay,Rayalaseema,495.2,6,61.8,2.6,3.7,2693,7.4,73.7,High,1
Annamayya,BW-ANN-01812,202.3,39.5,0.3,11.8,Sandy Clay,Rayalaseema,490.1,2,44.7,0.81,1.7,2157,3.1,13.1,Low,0
Annamayya,BW-ANN-01813,338.9,47.0,0.7,9.2,Sandy Clay,Rayalaseema,328.5,0,48.4,0.41,6.5,2521,0,27.9,Low,1
Annamayya,BW-ANN-01814,320.0,49.3,7.1,10.5,Sandy Clay,Rayalaseema,580.6,4,62.3,2.42,5.3,2821,5.9,58.7,Medium,1
Annamayya,BW-ANN-01815,164.5,50.5,6.3,3.7,Sandy Loam,Rayalaseema,600.5,3,59.0,3.13,4.8,2640,10.9,53.0,Medium,1
Annamayya,BW-ANN-01816,243.9,51.9,2.9,11.3,Sandy Clay,Rayalaseema,566.3,2,61.4,1.07,12.6,2423,3.0,42.9,Medium,0
Annamayya,BW-ANN-01817,167.6,60.0,2.7,5.3,Sandy Clay,Rayalaseema,608.7,2,52.2,2.69,5.6,2619,2.5,38.4,Medium,1
Annamayya,BW-ANN-01818,262.2,48.0,8.6,10.0,Sandy Loam,Rayalaseema,555.1,2,64.4,2.96,8.8,2823,2.6,61.5,Medium,0
Annamayya,BW-ANN-01819,302.1,37.4,6.7,3.6,Sandy Loam,Rayalaseema,428.5,2,54.7,2.96,5.7,3037,5.3,52.5,Medium,0
Annamayya,BW-ANN-01820,291.3,44.6,19.2,5.1,Sandy Clay,Rayalaseema,510.4,3,73.9,8.56,6.6,2442,20.2,100.0,High,1
Annamayya,BW-ANN-01821,503.2,49.4,0.7,7.8,Sandy Loam,Rayalaseema,546.1,1,53.4,3.69,12.5,3237,0.8,54.9,Medium,0
Annamayya,BW-ANN-01822,234.5,44.4,0.4,14.0,Sandy Clay,Rayalaseema,367.2,0,57.6,1.12,6.1,2443,1.6,57.3,Medium,0
Annamayya,BW-ANN-01823,457.2,51.0,9.8,10.4,Sandy Clay,Rayalaseema,436.2,2,63.2,4.78,5.5,2759,7.8,87.5,High,1
Annamayya,BW-ANN-01824,316.5,49.5,7.5,6.8,Sandy Loam,Rayalaseema,411.1,2,57.2,0.74,6.4,2801,9.4,50.9,Medium,1
Annamayya,BW-ANN-01825,325.4,47.7,2.7,12.8,Sandy Clay,Rayalaseema,537.5,0,63.5,2.32,12.4,2738,5.5,73.3,High,1
Annamayya,BW-ANN-01826,380.5,42.2,2.5,13.9,Sandy Loam,Rayalaseema,550.8,0,58.2,0.1,5.5,2904,2.0,53.7,Medium,1
Annamayya,BW-ANN-01827,224.1,51.5,8.1,5.0,Sandy Loam,Rayalaseema,398.4,3,57.1,2.15,4.9,2227,7.4,52.5,Medium,0
Annamayya,BW-ANN-01828,462.4,60.8,26.2,8.6,Sandy Loam,Rayalaseema,701.2,1,85.0,9.29,20.9,3308,27.5,100.0,High,1
Annamayya,BW-ANN-01829,468.2,46.1,10.4,9.8,Sandy Loam,Rayalaseema,438.6,0,71.1,4.62,10.3,2471,11.6,100.0,High,1
Annamayya,BW-ANN-01830,319.1,50.3,7.0,8.9,Sandy Clay,Rayalaseema,664.2,5,50.8,4.62,9.5,2359,9.9,66.7,High,1
Annamayya,BW-ANN-01831,327.2,51.8,6.3,10.4,Sandy Loam,Rayalaseema,384.6,3,59.9,3.18,4.0,2856,5.3,53.7,Medium,0
Annamayya,BW-ANN-01832,214.1,43.6,1.5,6.4,Sandy Loam,Rayalaseema,562.7,3,53.5,0.8,9.7,3083,3.7,31.8,Low,0
Annamayya,BW-ANN-01833,246.7,46.4,2.0,6.0,Sandy Clay,Rayalaseema,397.5,3,51.4,3.48,1.1,2698,1.2,43.6,Medium,1
Annamayya,BW-ANN-01834,241.7,56.0,13.3,9.3,Sandy Clay,Rayalaseema,361.8,0,67.9,4.8,11.8,2389,9.0,100.0,High,1
Annamayya,BW-ANN-01835,312.2,46.9,12.1,7.2,Sandy Loam,Rayalaseema,462.9,2,58.6,6.56,7.8,2847,11.0,94.3,High,1
Annamayya,BW-ANN-01836,413.7,54.3,3.3,7.2,Sandy Clay,Rayalaseema,427.2,3,59.4,1.8,18.1,2325,1.4,52.4,Medium,0
Annamayya,BW-ANN-01837,530.0,63.5,0.3,8.9,Sandy Loam,Rayalaseema,324.9,1,55.7,2.94,8.4,2570,0,41.8,Medium,0
Annamayya,BW-ANN-01838,277.9,42.9,7.2,5.4,Sandy Loam,Rayalaseema,548.6,0,58.2,3.29,10.2,1738,5.3,66.5,High,0
Annamayya,BW-ANN-01839,413.1,45.2,1.0,11.2,Sandy Clay,Rayalaseema,391.2,4,56.6,1.1,8.0,2526,0,28.4,Low,0
Annamayya,BW-ANN-01840,310.2,41.5,1.1,11.4,Sandy Clay,Rayalaseema,384.5,4,58.0,1.03,10.1,2679,1.3,43.3,Medium,1
Annamayya,BW-ANN-01841,286.1,52.2,2.0,10.6,Sandy Loam,Rayalaseema,426.2,2,56.3,0.12,10.0,2004,0.9,43.3,Medium,0
Annamayya,BW-ANN-01842,547.4,55.2,7.0,8.9,Sandy Loam,Rayalaseema,675.0,1,69.4,3.82,12.4,2471,8.5,84.0,High,1
Annamayya,BW-ANN-01843,153.6,47.7,4.1,6.3,Sandy Clay,Rayalaseema,342.8,0,56.1,2.35,6.7,2167,9.0,56.3,Medium,1
Annamayya,BW-ANN-01844,396.6,63.5,6.2,9.4,Sandy Clay,Rayalaseema,767.2,1,59.4,1.78,13.1,2695,5.5,68.8,High,1
Annamayya,BW-ANN-01845,368.4,50.0,7.7,9.6,Sandy Loam,Rayalaseema,479.4,2,64.9,3.24,6.3,2817,6.7,69.3,High,0
Annamayya,BW-ANN-01846,406.4,55.2,3.0,5.9,Sandy Loam,Rayalaseema,455.3,1,55.2,3.52,15.7,2519,3.2,52.5,Medium,0
Annamayya,BW-ANN-01847,348.6,45.3,3.0,5.3,Sandy Loam,Rayalaseema,405.4,2,55.1,4.36,9.0,2320,1.3,46.7,Medium,0
Annamayya,BW-ANN-01848,150.0,34.4,5.4,8.1,Sandy Clay,Rayalaseema,590.4,0,62.2,3.31,3.5,2925,5.1,66.4,High,1
Chittoor,BW-CHI-01849,267.1,59.9,1.6,7.5,Sandy Loam,Rayalaseema,371.6,2,54.8,1.93,11.2,2111,0,46.5,Medium,0
Chittoor,BW-CHI-01850,323.4,53.1,11.3,9.0,Sandy Clay,Rayalaseema,532.4,2,58.4,4.86,5.7,2682,13.2,84.2,High,1
Chittoor,BW-CHI-01851,322.6,45.7,13.8,9.6,Sandy Clay,Rayalaseema,342.2,4,74.3,6.75,13.9,2579,14.5,100.0,High,1
Chittoor,BW-CHI-01852,330.1,57.5,0.0,9.8,Sandy Clay,Rayalaseema,422.4,4,47.2,0.1,0.0,2853,0.4,8.9,Low,0
Chittoor,BW-CHI-01853,280.5,47.5,4.9,8.9,Sandy Loam,Rayalaseema,466.7,2,57.9,1.79,8.4,2770,6.9,52.4,Medium,0
Chittoor,BW-CHI-01854,500.8,45.7,1.8,10.0,Sandy Loam,Rayalaseema,300,3,54.0,2.25,10.5,2502,5.0,42.5,Medium,0
Chittoor,BW-CHI-01855,389.2,52.1,4.5,11.6,Sandy Clay,Rayalaseema,410.8,0,59.7,2.21,4.9,2631,2.5,52.0,Medium,0
Chittoor,BW-CHI-01856,105.8,55.8,0.9,4.1,Sandy Clay,Rayalaseema,508.5,2,48.9,1.81,10.6,2844,0,30.4,Low,1
Chittoor,BW-CHI-01857,232.7,48.7,1.1,5.9,Sandy Loam,Rayalaseema,400.6,2,45.6,2.78,9.3,2145,1.8,25.8,Low,0
Chittoor,BW-CHI-01858,332.7,46.9,3.9,2.9,Sandy Loam,Rayalaseema,348.3,1,50.7,4.15,12.9,2808,6.2,61.6,Medium,0
Chittoor,BW-CHI-01859,464.3,48.9,0.7,5.9,Sandy Clay,Rayalaseema,393.7,0,52.6,3.08,13.6,2340,0,45.7,Medium,0
Chittoor,BW-CHI-01860,314.1,50.8,5.0,9.1,Sandy Loam,Rayalaseema,654.4,4,58.2,3.41,8.2,3204,5.2,62.2,Medium,0
Chittoor,BW-CHI-01861,372.1,58.6,7.2,7.3,Sandy Loam,Rayalaseema,574.2,2,59.5,3.82,11.0,2917,9.8,76.1,High,0
Chittoor,BW-CHI-01862,433.5,48.6,30.5,12.4,Sandy Loam,Rayalaseema,509.9,5,74.3,12.22,1.3,2654,31.3,100.0,High,1
Chittoor,BW-CHI-01863,287.7,46.4,12.8,3.9,Sandy Loam,Rayalaseema,523.8,3,57.9,7.1,0.8,2382,15.0,89.2,High,1
Chittoor,BW-CHI-01864,350.4,43.2,4.3,7.4,Sandy Clay,Rayalaseema,490.3,1,51.3,3.68,8.8,2706,5.2,50.2,Medium,0
Chittoor,BW-CHI-01865,246.4,68.9,5.6,4.0,Sandy Loam,Rayalaseema,630.9,1,60.4,1.9,7.3,2451,9.2,57.1,Medium,0
Chittoor,BW-CHI-01866,441.9,49.9,2.4,11.3,Sandy Loam,Rayalaseema,454.8,4,61.3,2.95,7.7,2630,4.3,57.4,Medium,0
Chittoor,BW-CHI-01867,233.6,60.2,2.5,2.0,Sandy Clay,Rayalaseema,447.2,2,62.0,0.67,4.8,3097,2.5,31.6,Low,0
Chittoor,BW-CHI-01868,453.8,62.7,2.0,4.5,Sandy Clay,Rayalaseema,360.0,1,43.3,0.1,6.4,2862,0,26.1,Low,0
Chittoor,BW-CHI-01869,243.4,52.1,5.8,6.7,Sandy Clay,Rayalaseema,490.0,2,59.1,1.46,7.3,2261,8.4,51.9,Medium,1
Chittoor,BW-CHI-01870,170.0,59.7,21.4,15.4,Sandy Loam,Rayalaseema,510.3,0,77.4,7.52,11.6,2416,24.2,100.0,High,1
Chittoor,BW-CHI-01871,280.9,53.0,15.1,8.4,Sandy Loam,Rayalaseema,331.1,5,65.4,6.76,5.8,2848,13.3,100.0,High,1
Chittoor,BW-CHI-01872,385.3,44.5,7.0,11.3,Sandy Clay,Rayalaseema,523.2,0,59.1,2.15,7.6,2550,11.4,75.1,High,1
Chittoor,BW-CHI-01873,317.6,58.3,2.4,2.4,Sandy Loam,Rayalaseema,876.8,2,51.7,3.42,4.4,2740,3.8,34.2,Low,0
Chittoor,BW-CHI-01874,414.5,54.5,4.4,5.5,Sandy Loam,Rayalaseema,406.0,0,53.7,1.44,4.4,3002,5.7,58.6,Medium,1
Chittoor,BW-CHI-01875,272.4,43.9,8.6,5.6,Sandy Clay,Rayalaseema,516.4,2,60.3,3.39,9.7,2763,10.9,70.1,High,0
Chittoor,BW-CHI-01876,224.0,52.5,6.9,10.0,Sandy Loam,Rayalaseema,669.7,2,61.0,3.05,3.5,3272,8.8,64.9,Medium,1
Chittoor,BW-CHI-01877,441.4,48.6,1.1,6.5,Sandy Loam,Rayalaseema,394.1,3,58.7,3.21,6.6,2357,1.6,41.0,Medium,0
Chittoor,BW-CHI-01878,248.3,49.4,3.4,8.9,Sandy Clay,Rayalaseema,396.3,2,48.0,3.15,4.5,2916,3.6,34.7,Low,0
Chittoor,BW-CHI-01879,233.8,56.9,2.6,1.6,Sandy Clay,Rayalaseema,484.4,1,51.1,1.42,5.6,2750,1.2,33.0,Low,0
Chittoor,BW-CHI-01880,330.4,53.2,16.5,3.8,Sandy Clay,Rayalaseema,546.7,3,67.9,6.57,10.9,2815,16.5,100.0,High,1
Chittoor,BW-CHI-01881,366.4,51.3,1.4,6.6,Sandy Loam,Rayalaseema,572.2,0,61.7,1.92,6.7,2671,0,52.1,Medium,0
Chittoor,BW-CHI-01882,269.2,53.4,6.5,4.3,Sandy Clay,Rayalaseema,700.1,1,61.5,3.19,16.8,2655,5.6,76.5,High,1
Chittoor,BW-CHI-01883,364.8,66.8,7.0,7.9,Sandy Loam,Rayalaseema,550.7,1,56.3,2.79,2.2,2904,8.7,58.2,Medium,1
Chittoor,BW-CHI-01884,446.1,44.9,5.3,4.2,Sandy Loam,Rayalaseema,530.6,1,56.5,2.31,8.9,2601,6.3,55.4,Medium,1
Chittoor,BW-CHI-01885,345.0,52.2,16.2,6.9,Sandy Loam,Rayalaseema,644.9,1,64.4,7.52,9.8,2619,16.6,100.0,High,1
Chittoor,BW-CHI-01886,256.9,48.4,1.2,9.5,Sandy Loam,Rayalaseema,660.6,2,60.3,2.26,11.5,2589,0,42.3,Medium,0
Chittoor,BW-CHI-01887,347.4,49.4,0.1,11.0,Sandy Clay,Rayalaseema,300,1,49.7,1.15,3.0,2106,0,32.2,Low,1
Chittoor,BW-CHI-01888,239.2,49.4,4.2,8.4,Sandy Clay,Rayalaseema,506.1,2,59.3,2.34,11.0,2526,4.2,67.3,High,0
Chittoor,BW-CHI-01889,338.7,46.5,12.0,9.6,Sandy Clay,Rayalaseema,529.5,5,68.7,4.97,16.1,3059,12.2,100.0,High,1
Chittoor,BW-CHI-01890,334.4,64.2,26.7,6.5,Sandy Loam,Rayalaseema,552.7,1,72.8,11.46,1.9,2236,28.0,100.0,High,1
Chittoor,BW-CHI-01891,206.8,49.7,5.4,6.6,Sandy Loam,Rayalaseema,436.7,1,58.3,2.85,3.6,2465,6.9,57.3,Medium,1
Chittoor,BW-CHI-01892,205.3,46.8,4.0,10.7,Sandy Clay,Rayalaseema,448.8,1,56.9,1.21,5.1,2462,3.0,48.3,Medium,0
Chittoor,BW-CHI-01893,400.7,62.8,3.8,10.5,Sandy Clay,Rayalaseema,426.6,3,65.4,1.07,6.9,2603,3.4,45.9,Medium,0
Chittoor,BW-CHI-01894,232.3,42.6,13.4,8.9,Sandy Clay,Rayalaseema,664.3,3,70.8,4.55,9.2,2563,12.1,98.7,High,1
Chittoor,BW-CHI-01895,165.5,51.0,3.1,9.5,Sandy Clay,Rayalaseema,550.6,0,61.7,3.1,0.0,2169,0.8,53.6,Medium,0
Chittoor,BW-CHI-01896,381.5,44.6,4.1,1.8,Sandy Clay,Rayalaseema,602.5,2,57.2,4.42,9.1,2665,4.3,65.3,High,0
Chittoor,BW-CHI-01897,335.5,60.7,0.1,12.9,Sandy Clay,Rayalaseema,300,2,62.8,1.44,8.5,2427,0,41.3,Medium,0
Chittoor,BW-CHI-01898,297.2,52.9,4.4,10.2,Sandy Loam,Rayalaseema,738.3,1,61.6,1.06,13.4,2829,0.0,58.4,Medium,1
Chittoor,BW-CHI-01899,193.2,50.2,5.8,9.7,Sandy Loam,Rayalaseema,802.4,3,56.5,1.43,0.4,2615,4.9,38.0,Medium,0
Chittoor,BW-CHI-01900,287.2,58.4,0.2,6.7,Sandy Clay,Rayalaseema,446.3,3,48.2,0.73,9.7,2853,1.1,28.5,Low,0
Chittoor,BW-CHI-01901,434.8,59.6,9.0,3.5,Sandy Clay,Rayalaseema,626.6,1,56.1,5.18,12.4,2328,8.2,84.0,High,0
Chittoor,BW-CHI-01902,161.5,60.4,8.3,10.6,Sandy Loam,Rayalaseema,565.9,2,63.0,2.84,8.8,2968,8.0,73.7,High,0
Chittoor,BW-CHI-01903,299.4,48.1,0.7,8.7,Sandy Clay,Rayalaseema,578.3,1,54.4,1.04,9.9,2835,0,42.4,Medium,0
Chittoor,BW-CHI-01904,305.1,36.1,5.1,11.5,Sandy Loam,Rayalaseema,636.7,1,59.8,1.64,8.0,2872,2.3,59.9,Medium,1
Chittoor,BW-CHI-01905,128.0,51.5,5.3,10.1,Sandy Clay,Rayalaseema,352.6,0,61.7,4.46,7.8,2461,3.9,72.9,High,0
Chittoor,BW-CHI-01906,309.4,49.5,0.5,5.7,Sandy Loam,Rayalaseema,543.2,3,57.7,0.41,8.6,2244,0.8,22.8,Low,0
Chittoor,BW-CHI-01907,364.2,47.2,2.0,7.9,Sandy Clay,Rayalaseema,436.8,1,54.5,0.25,11.7,2542,2.3,42.7,Medium,0
Chittoor,BW-CHI-01908,225.0,41.9,6.4,3.4,Sandy Loam,Rayalaseema,409.4,1,55.8,2.84,5.9,2277,8.0,59.0,Medium,0
Chittoor,BW-CHI-01909,309.2,65.7,0.3,7.0,Sandy Loam,Rayalaseema,453.0,1,52.3,2.84,8.1,2109,0,37.6,Medium,0
Chittoor,BW-CHI-01910,236.4,56.3,1.3,10.3,Sandy Clay,Rayalaseema,648.4,3,56.2,3.05,6.7,2482,0,38.4,Medium,0
Chittoor,BW-CHI-01911,116.2,56.4,6.2,11.4,Sandy Loam,Rayalaseema,559.3,1,64.5,2.94,3.3,2573,8.9,70.2,High,1
Chittoor,BW-CHI-01912,288.3,37.8,3.1,5.4,Sandy Loam,Rayalaseema,591.0,2,53.7,1.11,9.8,2799,3.4,39.4,Medium,0
Chittoor,BW-CHI-01913,327.7,51.4,13.7,7.3,Sandy Clay,Rayalaseema,356.2,2,59.9,6.36,12.9,2285,13.1,100.0,High,1
Chittoor,BW-CHI-01914,334.3,42.2,1.5,3.2,Sandy Loam,Rayalaseema,711.6,2,47.8,1.68,1.8,3380,2.5,25.7,Low,0
Chittoor,BW-CHI-01915,183.4,41.9,10.3,3.9,Sandy Loam,Rayalaseema,566.6,3,59.5,4.82,11.0,2707,10.7,73.7,High,0
Chittoor,BW-CHI-01916,351.1,56.5,4.7,4.5,Sandy Clay,Rayalaseema,587.3,4,59.3,2.34,9.5,2985,6.8,47.7,Medium,1
Chittoor,BW-CHI-01917,415.1,62.2,4.1,8.7,Sandy Clay,Rayalaseema,334.7,4,58.5,2.34,4.1,2651,5.1,44.8,Medium,0
Chittoor,BW-CHI-01918,407.3,52.3,2.2,3.6,Sandy Clay,Rayalaseema,434.6,1,45.0,3.09,3.8,2347,0,17.0,Low,0
Chittoor,BW-CHI-01919,249.6,63.7,1.5,4.5,Sandy Clay,Rayalaseema,486.8,4,59.3,4.23,6.0,2293,0.6,34.1,Low,0
Chittoor,BW-CHI-01920,320.2,67.8,4.2,11.2,Sandy Loam,Rayalaseema,634.7,5,58.2,3.83,4.9,3141,3.0,52.5,Medium,0
Chittoor,BW-CHI-01921,257.8,60.4,10.1,5.1,Sandy Loam,Rayalaseema,601.7,1,65.2,4.72,8.6,2835,11.7,90.1,High,1
Chittoor,BW-CHI-01922,221.4,43.3,8.1,6.9,Sandy Clay,Rayalaseema,313.2,3,55.4,3.54,5.1,1883,7.4,61.4,Medium,1
Chittoor,BW-CHI-01923,393.7,60.1,10.8,8.0,Sandy Clay,Rayalaseema,563.8,3,66.0,5.53,14.9,2594,11.8,95.3,High,1
Chittoor,BW-CHI-01924,363.5,56.6,1.4,12.4,Sandy Clay,Rayalaseema,592.4,0,62.8,1.61,8.0,2664,2.3,61.5,Medium,1
Tirupati,BW-TIR-01925,306.3,35.2,1.2,7.1,Sandy Loam,Rayalaseema,617.2,3,58.5,0.11,8.7,2518,0,34.8,Low,1
Tirupati,BW-TIR-01926,266.1,12.0,1.9,9.4,Sandy Clay,Rayalaseema,447.6,3,67.7,1.27,12.9,2826,1.9,51.7,Medium,1
Tirupati,BW-TIR-01927,303.2,19.9,10.2,8.6,Sandy Loam,Rayalaseema,453.8,1,66.0,5.08,17.8,2716,12.8,100.0,High,1
Tirupati,BW-TIR-01928,366.1,20.8,5.0,13.5,Sandy Loam,Rayalaseema,349.3,1,52.8,4.23,0.2,2040,2.4,47.0,Medium,0
Tirupati,BW-TIR-01929,263.2,28.0,1.0,6.6,Sandy Clay,Rayalaseema,487.7,3,49.7,1.75,9.4,2546,0.1,27.4,Low,0
Tirupati,BW-TIR-01930,278.0,50.4,4.9,5.3,Sandy Clay,Rayalaseema,423.3,4,61.6,2.59,4.9,2229,4.5,46.6,Medium,0
Tirupati,BW-TIR-01931,223.8,33.8,1.1,7.5,Sandy Loam,Rayalaseema,423.1,1,59.8,2.29,8.4,2555,5.0,40.1,Medium,0
Tirupati,BW-TIR-01932,280.3,31.0,1.0,11.9,Sandy Loam,Rayalaseema,419.1,1,55.1,2.25,6.4,2523,2.9,48.3,Medium,1
Tirupati,BW-TIR-01933,141.1,36.0,11.2,7.4,Sandy Loam,Rayalaseema,447.2,2,66.1,6.01,7.5,2583,12.7,91.6,High,1
Tirupati,BW-TIR-01934,349.5,44.8,9.1,7.2,Sandy Loam,Rayalaseema,431.5,3,61.8,5.53,6.0,2507,6.9,57.3,Medium,0
Tirupati,BW-TIR-01935,153.6,24.8,2.1,1.0,Sandy Loam,Rayalaseema,320.1,1,45.1,2.2,4.8,2901,2.1,23.1,Low,0
Tirupati,BW-TIR-01936,202.6,26.5,2.5,4.0,Sandy Loam,Rayalaseema,499.0,2,49.4,1.54,6.4,2689,0,20.2,Low,0
Tirupati,BW-TIR-01937,284.5,29.5,0.1,7.9,Sandy Clay,Rayalaseema,325.3,2,57.0,2.91,7.7,2460,0.7,37.5,Medium,0
Tirupati,BW-TIR-01938,314.8,39.0,1.8,9.0,Sandy Clay,Rayalaseema,573.9,3,60.3,1.13,12.1,3362,0.2,41.2,Medium,0
Tirupati,BW-TIR-01939,274.9,39.3,2.1,11.3,Sandy Loam,Rayalaseema,483.2,1,56.4,0.86,4.9,2651,1.2,39.8,Medium,0
Tirupati,BW-TIR-01940,264.7,19.4,0.6,2.2,Sandy Clay,Rayalaseema,621.9,1,43.7,0.45,12.0,2930,0,23.7,Low,0
Tirupati,BW-TIR-01941,264.4,35.9,0.5,1.0,Sandy Clay,Rayalaseema,518.4,2,46.2,2.91,12.3,3175,0,26.6,Low,0
Tirupati,BW-TIR-01942,199.4,35.1,4.4,3.3,Sandy Loam,Rayalaseema,711.2,2,58.4,2.83,13.8,2239,4.2,50.0,Medium,1
Tirupati,BW-TIR-01943,257.5,25.6,9.7,11.9,Sandy Clay,Rayalaseema,588.7,1,58.4,3.59,2.3,2771,9.0,71.3,High,1
Tirupati,BW-TIR-01944,178.4,38.8,1.4,9.9,Sandy Clay,Rayalaseema,473.5,1,58.2,0.99,7.5,2847,0.7,44.2,Medium,1
Tirupati,BW-TIR-01945,245.1,17.6,7.7,7.8,Sandy Clay,Rayalaseema,386.0,0,51.8,2.05,3.7,2460,7.7,59.8,Medium,1
Tirupati,BW-TIR-01946,462.6,38.6,1.0,10.7,Sandy Clay,Rayalaseema,300,2,58.9,1.01,12.3,2817,0.1,37.7,Medium,0
Tirupati,BW-TIR-01947,234.3,17.7,8.4,11.0,Sandy Loam,Rayalaseema,460.0,2,70.9,6.05,16.5,2817,8.4,100.0,High,1
Tirupati,BW-TIR-01948,361.7,28.1,0.9,9.0,Sandy Loam,Rayalaseema,381.3,0,58.3,3.13,8.6,2048,2.7,54.0,Medium,0
Tirupati,BW-TIR-01949,341.6,32.4,9.4,5.0,Sandy Loam,Rayalaseema,735.8,2,62.6,2.92,9.0,2837,7.4,67.8,High,0
Tirupati,BW-TIR-01950,229.5,26.5,12.7,14.2,Sandy Loam,Rayalaseema,361.4,1,58.4,4.93,9.0,2279,12.7,96.2,High,1
Tirupati,BW-TIR-01951,259.0,41.0,6.4,6.0,Sandy Clay,Rayalaseema,429.0,2,60.7,1.76,12.3,2302,5.7,67.7,High,0
Tirupati,BW-TIR-01952,327.9,30.5,3.7,12.7,Sandy Clay,Rayalaseema,429.9,3,57.5,0.88,4.6,2684,2.6,35.6,Medium,0
Tirupati,BW-TIR-01953,399.4,32.9,2.9,8.1,Sandy Loam,Rayalaseema,350.8,2,52.4,1.17,4.1,2947,3.3,30.7,Low,0
Tirupati,BW-TIR-01954,401.3,35.9,8.7,13.1,Sandy Loam,Rayalaseema,526.4,1,67.3,4.18,8.3,2784,8.4,92.8,High,0
Tirupati,BW-TIR-01955,313.8,18.2,1.5,8.4,Sandy Clay,Rayalaseema,665.6,0,49.9,0.89,10.1,2669,3.3,39.1,Medium,1
Tirupati,BW-TIR-01956,375.6,42.4,7.3,8.1,Sandy Loam,Rayalaseema,538.1,5,56.9,2.94,5.3,3270,8.5,56.4,Medium,0
Tirupati,BW-TIR-01957,376.9,43.5,2.2,13.5,Sandy Clay,Rayalaseema,464.8,3,57.5,1.96,0.0,2304,1.0,34.8,Low,0
Tirupati,BW-TIR-01958,382.6,12.4,1.2,7.8,Sandy Clay,Rayalaseema,429.9,4,54.7,2.55,8.7,2861,1.2,30.7,Low,0
Tirupati,BW-TIR-01959,210.4,34.4,1.2,4.4,Sandy Clay,Rayalaseema,456.7,4,46.7,0.69,8.5,2522,1.6,13.7,Low,0
Tirupati,BW-TIR-01960,423.2,35.1,14.7,12.5,Sandy Loam,Rayalaseema,464.3,2,68.9,5.3,7.8,2751,14.8,100.0,High,1
Tirupati,BW-TIR-01961,248.9,28.1,2.7,4.7,Sandy Clay,Rayalaseema,538.2,2,55.0,2.24,4.4,2760,0.3,30.3,Low,0
Tirupati,BW-TIR-01962,207.4,29.7,1.0,10.6,Sandy Clay,Rayalaseema,472.9,2,49.1,3.05,1.3,3173,2.8,45.1,Medium,1
Tirupati,BW-TIR-01963,455.3,21.8,9.9,9.0,Sandy Clay,Rayalaseema,423.5,2,66.4,4.33,10.7,2086,8.5,92.1,High,1
Tirupati,BW-TIR-01964,187.2,31.7,4.1,7.4,Sandy Clay,Rayalaseema,300,2,63.0,2.3,18.1,2948,5.4,52.6,Medium,0
Tirupati,BW-TIR-01965,312.3,47.0,8.9,10.9,Sandy Clay,Rayalaseema,325.3,3,62.6,2.69,12.1,2190,8.3,72.0,High,0
Tirupati,BW-TIR-01966,200.6,37.8,1.5,10.8,Sandy Clay,Rayalaseema,831.7,2,57.8,1.01,15.6,3852,0.9,42.0,Medium,0
Tirupati,BW-TIR-01967,236.9,30.6,0.0,2.8,Sandy Loam,Rayalaseema,559.6,1,54.1,0.1,4.1,2734,0,10.3,Low,0
Tirupati,BW-TIR-01968,199.7,29.0,2.8,12.4,Sandy Clay,Rayalaseema,412.9,3,49.6,2.18,4.8,2682,1.4,37.0,Medium,0
Tirupati,BW-TIR-01969,323.1,31.4,4.4,11.0,Sandy Clay,Rayalaseema,399.2,0,56.3,3.1,0.0,2689,4.8,57.6,Medium,1
Tirupati,BW-TIR-01970,329.2,22.9,3.1,11.7,Sandy Clay,Rayalaseema,300,3,56.1,2.34,14.1,2953,4.0,45.6,Medium,0
Tirupati,BW-TIR-01971,551.6,35.1,17.3,9.7,Sandy Loam,Rayalaseema,376.8,2,70.9,5.78,5.0,2216,16.9,100.0,High,1
Tirupati,BW-TIR-01972,262.1,25.2,0.7,5.8,Sandy Loam,Rayalaseema,467.9,7,44.8,2.07,6.9,2722,0,21.8,Low,0
Tirupati,BW-TIR-01973,260.4,29.9,3.4,12.5,Sandy Clay,Rayalaseema,448.2,5,55.7,1.92,9.6,2455,1.7,55.7,Medium,0
Tirupati,BW-TIR-01974,425.6,38.1,2.1,11.7,Sandy Clay,Rayalaseema,407.9,3,62.3,1.22,9.5,2560,2.5,38.0,Medium,0
Tirupati,BW-TIR-01975,370.3,39.4,12.1,5.6,Sandy Clay,Rayalaseema,642.7,4,68.3,5.34,11.8,3078,15.2,100.0,High,1
Tirupati,BW-TIR-01976,90.3,18.5,7.9,8.6,Sandy Clay,Rayalaseema,492.1,2,61.8,2.96,14.8,2943,6.4,68.7,High,1
Tirupati,BW-TIR-01977,258.8,45.9,20.1,10.6,Sandy Loam,Rayalaseema,745.6,4,73.7,8.56,6.0,2180,22.0,100.0,High,0
Tirupati,BW-TIR-01978,210.5,24.0,7.5,4.4,Sandy Clay,Rayalaseema,300,1,53.9,3.37,12.7,2305,6.7,69.3,High,1
Tirupati,BW-TIR-01979,134.3,26.5,3.7,8.1,Sandy Loam,Rayalaseema,407.0,2,53.5,3.93,8.8,2270,4.7,39.4,Medium,0
Tirupati,BW-TIR-01980,248.1,20.1,8.6,6.8,Sandy Loam,Rayalaseema,300,4,60.7,3.77,6.5,2573,7.6,58.7,Medium,1
Tirupati,BW-TIR-01981,152.2,29.5,1.0,9.7,Sandy Clay,Rayalaseema,491.0,3,54.6,1.39,1.2,2642,2.8,31.5,Low,1
Tirupati,BW-TIR-01982,173.7,26.4,1.4,6.2,Sandy Loam,Rayalaseema,494.0,2,51.0,2.32,14.2,2242,1.9,48.1,Medium,0
Tirupati,BW-TIR-01983,66.8,16.8,8.0,8.6,Sandy Clay,Rayalaseema,424.1,0,61.2,2.36,0.9,2835,6.6,59.8,Medium,0
Tirupati,BW-TIR-01984,205.8,32.6,19.5,13.1,Sandy Clay,Rayalaseema,482.5,0,79.7,8.72,14.6,2133,22.4,100.0,High,1
Tirupati,BW-TIR-01985,278.3,30.0,0.8,4.7,Sandy Loam,Rayalaseema,429.1,5,58.2,0.9,6.4,2575,0,24.7,Low,0
Tirupati,BW-TIR-01986,138.2,28.9,0.3,13.8,Sandy Loam,Rayalaseema,576.5,2,65.6,2.35,11.5,2878,1.2,62.0,Medium,0
Tirupati,BW-TIR-01987,201.9,34.0,19.8,12.5,Sandy Loam,Rayalaseema,618.4,3,74.1,8.49,4.4,2379,17.4,100.0,High,1
Tirupati,BW-TIR-01988,430.2,30.8,4.3,8.8,Sandy Clay,Rayalaseema,750.5,5,53.1,2.03,4.1,2509,6.8,36.3,Medium,0
Tirupati,BW-TIR-01989,358.2,32.3,1.7,10.9,Sandy Clay,Rayalaseema,581.6,1,53.2,1.9,11.3,2544,2.4,52.5,Medium,0
Tirupati,BW-TIR-01990,342.6,19.5,1.4,6.4,Sandy Loam,Rayalaseema,682.5,1,60.5,1.92,15.0,2811,0.7,51.2,Medium,0
Tirupati,BW-TIR-01991,472.5,28.4,8.5,7.4,Sandy Loam,Rayalaseema,427.7,1,65.2,3.77,4.6,2926,6.4,74.1,High,1
Tirupati,BW-TIR-01992,141.8,16.5,15.9,12.5,Sandy Clay,Rayalaseema,572.1,2,66.8,6.43,0.5,2572,17.9,100.0,High,1
Tirupati,BW-TIR-01993,382.0,32.9,1.2,11.3,Sandy Loam,Rayalaseema,533.5,1,67.2,1.99,6.9,2705,2.3,54.6,Medium,0
Tirupati,BW-TIR-01994,240.7,26.0,0.9,8.7,Sandy Loam,Rayalaseema,578.0,2,56.9,3.97,13.5,2493,1.1,46.0,Medium,0
Tirupati,BW-TIR-01995,296.7,36.3,14.7,8.8,Sandy Loam,Rayalaseema,449.6,3,70.4,7.36,8.4,2886,16.9,100.0,High,1
Tirupati,BW-TIR-01996,166.4,26.0,0.9,12.6,Sandy Loam,Rayalaseema,517.2,2,50.6,0.45,5.2,2532,0.9,35.1,Medium,0
Tirupati,BW-TIR-01997,147.1,40.8,25.6,7.5,Sandy Loam,Rayalaseema,456.8,2,74.7,10.31,9.1,2678,24.6,100.0,High,1
Tirupati,BW-TIR-01998,179.2,34.0,0.3,7.0,Sandy Clay,Rayalaseema,351.0,2,57.4,1.76,9.8,2734,0.0,35.7,Medium,0
Tirupati,BW-TIR-01999,187.0,29.9,15.3,7.4,Sandy Loam,Rayalaseema,512.7,1,71.4,7.4,7.7,2251,17.7,100.0,High,1
Tirupati,BW-TIR-02000,352.1,30.1,3.9,7.4,Sandy Loam,Rayalaseema,787.3,2,53.5,1.74,7.9,2790,3.3,48.6,Medium,0
