Borewell_Depth_ft,Water_Table_Depth_ft,Pump_Age_years,Daily_Usage_hours,Soil_Type,Region_Type,Annual_Rainfall_mm,Maintenance_Frequency_per_year,Motor_Temperature_C,Vibration_Level_mms,Voltage_Fluctuation_pct,Water_Yield_LPH,Casing_Pipe_Age_years,Failure_Risk_Score,Failure_Risk_Category,Failure_Within_6Months
524.5071229516849,176.38076740420792,0.1295009202306077,10.975013964836915,Sandy,Plains,899.1362527407387,1,53.723849762424884,2.5246033103883896,10.459641312272343,697.0797545316418,2.8234512920269657,0.4120748541168588,Medium,0
429.2603548243223,276.2555813273099,2.534256140866495,4.082994988551436,Laterite,Plateau,372.824795182722,0,49.10305689413278,0.25094325125634204,6.45577221585487,1394.7691124168712,2.6240589858189907,0.33063882684350904,Low,0
547.1532807151038,282.1620246453336,10.341002694697181,1.172288285687781,Loamy,Coastal,557.8836333965496,0,56.72964731109808,1.1127053330125998,7.01407687075722,537.7562240820956,1.936689536429727,0.585314995060878,Medium,1
678.4544784612037,336.71564150120867,2.0272804217090314,14.078842777300311,Laterite,Plateau,1017.6536095399088,0,73.21142484489029,7.525553752229395,14.871082708460388,1281.6825037252524,3.155289910423636,0.6280637777579904,Medium,1
414.8769937914996,115.97699640630083,3.9224901086008264,13.80697483497836,Rocky,Plateau,714.810566453923,0,39.20514784233971,0.406033863025564,8.632768430426044,941.3306903950407,0.7664410804221142,0.5921359602329926,Medium,1
414.8794564576229,351.10807286167966,6.053215481538039,7.565360789287848,Sandy,Semi-Arid,823.8004355738784,3,58.24816612899761,1.0720386018202206,16.33581517070558,1242.506487476108,0.4040420650099769,0.5667190314418417,Medium,1
686.8819223261087,20.0,6.128524004877022,3.1885352632545354,Clayey,Plains,863.3703773273144,0,67.65957877039972,3.438895278294953,17.694858318869,934.726885974793,4.678345031349652,0.6538171625141386,High,1
565.1152093729363,204.41385371634277,2.92988188142478,9.889679601681816,Rocky,Coastal,661.1359308440112,1,61.695731750465605,2.4087557856421062,15.920909474349553,417.40124790511686,3.6336924509048547,0.3439081097636404,Low,0
379.5788421097572,221.40713890581463,7.806359463879686,6.676048941962169,Sandy,Coastal,561.2285879915823,3,70.87767178980745,2.19640310515461,5.400778279260276,1711.93907969837,1.1425502242357704,0.4869230656721957,Medium,0
531.3840065378947,355.9992191285486,1.9862321881474145,6.661056630680169,Loamy,Coastal,335.67482917611926,1,39.57953928348621,4.221966434043329,8.880068470240614,1051.7032041628026,0.677663242077579,0.32051882708423546,Low,0
380.48734607813066,282.7157023212243,8.781860237038472,9.683376529315387,Rocky,Plains,848.7186023459608,3,71.04741301118493,0.1,15.414479144362156,983.5951192658147,0.9277754113776578,0.3933166109473899,Medium,0
380.1405369644615,111.3324335372456,1.0989431741369775,8.003124240619895,Sandy,Plateau,1116.5129916635992,2,50.509435894191014,3.244452855889033,11.981463082213718,1130.4060780269135,2.2721606269260475,0.2867019668112938,Low,0
486.2943407349051,161.80082490195818,1.315218709662041,3.4425552669551642,Rocky,Plains,324.72805022301736,1,32.85834814404292,4.71181565259463,13.82012756063427,871.8766212248283,3.6032402768961185,0.6003111620712422,Medium,1
163.00796330133034,303.84160114568886,0.21833427594838264,6.025774194754078,Clayey,Plains,891.5832612150608,1,54.07830473827689,0.1,14.249954803513347,870.8605074609063,1.289193272259656,0.34980649214861775,Low,0
191.26232512304506,270.51191897625324,6.3503502491320445,8.98345878598404,Loamy,Semi-Arid,998.4001384420462,0,47.93292514459704,1.8009780711328565,14.517525706232465,1918.850653678431,8.454307699497898,0.49792415345675994,Medium,0
365.6568706138541,210.50510684371042,2.1586513677790276,8.530756667215055,Rocky,Plateau,553.6468586947993,1,56.03099716453677,0.942950160480201,3.094775135255171,1241.1073923567174,1.2890018896406608,0.1582843987204712,Low,0
298.0753319498364,222.29994525856247,1.040872668270445,7.786049723075427,Clayey,Plains,1397.7496340418309,0,39.760981534015585,0.11461223010160093,7.743230497274615,981.320502081825,0.7952012863665423,0.1416036091560753,Low,0
497.1370998892911,363.5401596591147,1.0547700283714252,9.800268863427593,Sandy,Hilly,764.9996208365571,3,56.52171439884714,1.1898747084361414,4.793037143525453,369.8705952968138,30.0,0.783026109470741,High,1
313.79638867181836,217.87689125569423,9.266733685285292,5.9148490365482065,Laterite,Plains,864.5591090402211,3,51.101125041888956,2.272400279440842,7.4411840686873205,943.9163876311478,3.562109032748044,0.4674290388440631,Medium,0
238.15444479970628,269.4290507165112,7.181060839713768,7.536009325657216,Laterite,Hilly,843.5556747907074,0,81.85505718460715,5.529643745338511,9.082892787779233,714.5363498103599,1.1180281958239826,0.8325940920287948,High,1
669.8473153382331,540.3923905696652,3.22554021276254,0.5,Loamy,Hilly,280.2289520931304,0,60.08557129296247,2.131758241131921,8.539503359218742,989.5284823978727,13.497505580996759,0.45907789473964367,Medium,0
416.13355492701965,109.15808357392925,3.8296052431206093,5.651049418471558,Sandy,Plains,1253.0632250894155,2,60.73900346147456,4.274854382172513,5.072851954495346,1959.6507617244788,1.5767007857278532,0.2868632578382529,Low,0
460.12923070318857,57.77887221104098,2.5722928531808607,9.291708725726933,Clayey,Plains,565.568431053267,1,55.26261664570247,0.28516569619190585,1.6877267106993479,1916.2061529412495,15.588179737273181,0.45752096270569437,Medium,0
236.28777206798148,374.0307597758328,1.988128392587144,5.828816598648572,Clayey,Semi-Arid,817.2178196079923,2,72.97027389651403,0.5200409652858852,0.39796978883044964,1069.5744038037747,0.7599193201993215,0.45530535652083987,Medium,0
368.3425913212226,198.5628326447076,9.882920747959911,5.601317824848664,Laterite,Hilly,1109.1813504472984,0,63.82350960581737,7.736009599771299,17.159377427609652,856.2550779644816,11.063928735863517,0.6344600140557349,Medium,1
466.6383884564799,241.81149667088556,0.5369274819860174,3.8756411446755443,Laterite,Semi-Arid,1411.316199150587,1,76.15734584678961,4.8046233256101,14.211549804899775,1488.9447093527774,1.2220098996205022,0.47036412470634437,Medium,0
277.3509633866546,186.2612346242663,2.1682112239704643,10.010097678187437,Loamy,Plateau,522.0237013361062,3,70.65155375288322,0.5899875515279811,9.720213082539688,1759.3158213389142,16.716490331498573,0.24615500855554404,Low,0
506.3547027518508,248.8239831078985,1.6898056966236803,8.645389820621713,Sandy,Plains,743.7307450419505,3,53.377611552483756,2.134330358184824,0.0,1064.1578154733731,5.123328165498957,0.22977940475886915,Low,0
359.9041965121793,471.8245734515609,2.7578217756617747,9.476243793469255,Laterite,Semi-Arid,1383.8465205025036,2,66.75482267225453,0.9909003990787645,3.9033051012029407,2210.4011944763206,1.2636869311911365,0.611725416716817,Medium,1
406.2459375310085,376.25541503417435,2.4472412393484184,1.8213581141263315,Clayey,Plateau,1062.2998577464064,0,67.76942970440783,1.3909223665789487,10.5089022939018,929.7764826589322,11.179019372159752,0.6922130581072673,High,1
359.74400816559046,383.46682142643726,2.9266334852721307,6.518649870203098,Loamy,Semi-Arid,1134.909975668063,0,69.33673792353133,4.339291230180758,12.238236211272387,1021.2811642284466,2.971446104157433,0.4467696361787614,Medium,0
727.8417276763407,110.05275330488254,0.6029147265822158,6.159666976749982,Rocky,Coastal,532.1038924783413,1,62.81687634752027,2.9275799738856114,6.450690452617368,1121.2648589700088,7.9188484071343375,0.20334185741331315,Low,0
447.9754162893099,141.8615516136557,2.8791270225667684,6.158284880204342,Rocky,Semi-Arid,767.2766645257046,4,41.87784027023632,0.5992572996917196,10.782611013837563,1031.3967467812456,6.187528644036883,0.5668093905119073,Medium,1
291.34336065661495,20.0,1.1104982838202844,5.151917368846132,Rocky,Plains,841.2575986668493,3,57.649526954978526,0.8355319207370981,7.532934929032179,625.115727321591,7.516762784997438,0.26977690034574603,Low,0
573.3817368154783,182.87430147006953,0.8149882856849223,5.961687184659954,Sandy,Coastal,599.7368349299591,3,59.3333027373755,0.7525816958088333,13.681037175415025,1586.4491732238014,2.52695983424767,0.49325683575505014,Medium,0
266.8734525043467,394.804382366279,0.2681258371971814,9.548934348119955,Rocky,Semi-Arid,313.9006310141325,1,58.85193325565784,3.3377187988151276,7.8162971964494945,1056.8713051307022,16.76414780346103,0.43126665068094705,Medium,0
481.3295392507133,342.0335818898045,5.752920858246943,1.2614459399565119,Loamy,Plateau,721.3255044327415,1,71.76863301866169,1.481739474760623,7.646611891110485,2276.752871367342,4.923335848644181,0.3601952723365948,Medium,0
156.04948141803368,253.41840844574514,2.2305644016551476,12.33188430409136,Sandy,Coastal,1374.0008698545505,1,50.28095054573999,6.622713597742437,5.506063386619896,1586.333121210809,0.48440164269328545,0.3773401699837654,Medium,0
250.77209266523542,277.32396595383364,3.9408881707928516,8.451523375079384,Sandy,Coastal,920.7107129461737,1,59.63319847351487,3.7324345772496574,11.779204239374197,1362.0263957180352,0.4143901489974308,0.6718656042198669,High,1
479.5291853803685,197.33373489095135,5.201837071192428,6.873004313019361,Sandy,Hilly,1381.0018197506818,0,57.16503500300058,0.5219179139746063,10.08169490697626,2166.6618441254386,8.041725610191934,0.5477318939473897,Medium,0
560.7699869993115,304.5710658882141,4.549204556255012,9.720502439118778,Rocky,Semi-Arid,962.6573199803319,1,66.20227036685144,3.3913263741594197,2.2168190402934966,1559.134417640913,11.381697442440032,0.5304484676868712,Medium,0
475.70524217849555,371.9053935376738,2.5432938879830664,2.644495764494695,Laterite,Coastal,632.3522946442131,1,79.72176419956115,1.551836872488831,9.940474963608029,1542.0659652613674,7.130164555744544,0.5026117014193948,Medium,0
432.6527576417639,86.09358551074328,1.9634288313881987,5.005897284546958,Sandy,Plains,1347.1666546311026,4,65.47044625293908,0.6438106035880543,8.934278988909309,866.4059954080745,1.9502048271699182,0.45577139752308954,Medium,0
404.83444566160665,315.95772254048177,1.8861626612230085,6.6367737028283385,Sandy,Plateau,974.3141492337646,5,64.67479857990746,0.9933144065259711,12.817860517292141,1080.5997684607757,1.536355994009686,0.24968067014759462,Low,0
228.2217014448859,391.8921845145601,4.087147214988977,11.096681111296533,Laterite,Hilly,1236.643591349589,0,45.76202630996824,7.876143247600291,7.550858186914019,1698.19019331042,5.000480435610093,0.5657775860848091,Medium,1
342.02336874079367,230.18796532439563,2.7311588586424587,6.860510256620326,Loamy,Coastal,526.0851401078,2,39.47681540592606,1.4554623437597594,3.130297886758168,1605.4599067814079,1.3147560300978454,0.5574400162008853,Medium,1
380.90418435603186,364.08407345447006,7.56540656164101,8.350164013555439,Sandy,Plateau,1263.5647013650762,1,61.06847450104667,2.7974297685478886,5.741776217701547,899.0620784317967,2.859509090345264,0.5227072758653505,Medium,0
608.5683339328374,617.7585333367064,8.30824101524543,5.231263012191617,Loamy,Plateau,1274.1112464404696,1,55.761861886772785,1.4263412162623583,17.171492241035487,2368.2712753040905,5.944327808684937,0.5772516762797493,Medium,1
501.5427434352692,267.47886484157294,0.7480198417418638,8.460526206902474,Clayey,Plains,1001.4185005247874,0,63.52401760957633,1.0219228424726798,6.936772740407681,1097.8191145786923,2.0120924351163434,0.35563603083865625,Medium,0
185.5439766955899,327.19684600063886,0.5858119071226029,12.03171877892337,Loamy,Semi-Arid,617.5772699665761,1,50.64495503747333,3.5017319054283838,13.166510822379188,1785.8160020089053,2.8242369041359123,0.49960122385216854,Medium,0
498.61259540921924,191.43314996063302,3.981345778905614,9.986580075022342,Rocky,Plains,883.8969099505858,3,74.83504371227531,4.149224049051745,1.1480889538582417,1330.7631121452648,2.6825798457818935,0.34881045696004176,Low,0
392.2376579375525,301.75013951224605,1.4337101900477804,6.755632036666362,Laterite,Coastal,1113.9519015333854,0,43.64587402462251,0.164129063511262,9.979750262844536,1427.9979564481512,3.7029364897710497,0.24672560379390654,Low,0
348.46169995410617,335.23259499787645,0.07498127833370534,9.026472541796409,Sandy,Plains,982.0995069777867,2,55.64787617208377,0.7195871301192609,0.33320584550766164,1030.1783268215095,6.731773570270107,0.38741190224057126,Medium,0
541.7514433261301,303.38108083241656,8.78004421302336,8.732550863821636,Sandy,Hilly,1110.3789583377174,3,53.303803674796285,1.55983189674482,8.350951469598913,1301.188643583725,9.149179155597533,0.6670672658634738,High,1
604.6499283743926,157.6365616349372,1.0293914603250125,8.519763015091828,Rocky,Coastal,1254.2860676785167,0,71.17237444431238,0.8371557198501026,4.297863090680037,425.52605946216954,6.56322590925351,0.27826346262963514,Low,0
589.6920178674297,304.7634125590541,10.596144302837905,10.335860082581227,Rocky,Coastal,673.0436713198276,1,55.22658812308474,3.367206039542481,3.3775258783035405,1752.0412369824896,0.1590978045548242,0.7132210766872508,High,1
324.11737151660424,455.46351264611644,5.0553788920864084,10.3134331115124,Laterite,Plateau,495.7235326639513,0,51.063851258051145,0.2681060625379283,2.7850429908601777,1576.01463657868,13.628826857016527,0.4240242649697404,Medium,0
403.6181436223178,333.83629174174325,5.752936550974281,6.618524209375347,Clayey,Hilly,886.8614195197154,2,58.96842833699262,3.5166768936051946,6.930838021669575,2131.5829321662077,5.222010136628796,0.5383637096334456,Medium,0
499.6895147105346,395.4384626886209,0.8998883672693565,8.925637184433308,Sandy,Plains,784.5898943955463,4,48.53233253674073,2.116482230247678,0.0,1238.3376330094625,15.172887444613341,0.6367776117708849,Medium,1
596.3317690683539,251.55856359848468,1.0673078432088992,5.850715236520619,Rocky,Plains,1175.0462446046527,2,57.732742199810964,0.7515203695311017,0.8038042576180109,702.9277755861718,19.92417094435137,0.6469534934437078,Medium,1
378.1238643232065,369.98802873084526,2.9464552915220774,4.230782811053267,Rocky,Plateau,523.9255636194172,2,56.443052579118614,0.9290332765611405,8.468144856634499,1948.2573471685437,3.7849429706857967,0.5601716968712737,Medium,1
422.1511535004274,313.5121405859831,0.7554509074271751,6.19151873288804,Laterite,Plateau,1257.1336559621877,1,92.67071985700858,0.44438406883403747,0.0,1068.0698532936528,14.887802336422563,0.36349695039226404,Medium,0
284.0497538990958,165.89071243753216,1.457859067824727,6.771165544781252,Clayey,Semi-Arid,1373.7642383413681,2,52.45015562769626,0.6404621804184095,0.3918695238310832,50.0,2.728426621754008,0.5939252422240994,Medium,1
270.5690063878994,318.2225205758649,1.5512619990368333,2.0152570324660237,Clayey,Plateau,900.1067374918015,2,56.92748144571211,2.7791695800322063,16.933312581092803,1450.7724564381822,1.8096982714754344,0.3149698806511858,Low,0
571.8788733591297,160.99640038716274,0.695651714037818,9.58099767825016,Loamy,Semi-Arid,921.2576439534565,1,60.61785518104941,1.0371223624036752,15.856164441782841,1668.4615640662876,0.4588911025940516,0.31272157180896243,Low,0
653.4360042856234,204.05436701382496,0.9185726795618658,0.5,Loamy,Plains,631.3587245694464,3,61.2778605298639,2.5588201207630377,3.8375913731760436,1809.9079055801526,3.607023899149177,0.28179473908895586,Low,0
439.19848176294994,302.7193968750849,6.215101705679571,15.144450818458964,Clayey,Coastal,710.0686853590768,1,70.51797420001199,1.5878895066196035,9.645396822930532,749.2682569990695,7.001744082259366,0.7050510476602491,High,1
600.5299346838036,315.6693128056149,0.731827135858969,11.505637401388956,Sandy,Plains,757.0821617740107,1,81.05505693868339,0.3454046549676604,3.8799390760163677,1455.1479115021682,22.59084965435028,0.4687993272509787,Medium,0
504.24540375714514,137.2921041907445,0.11548061205641497,6.216973827483059,Loamy,Semi-Arid,1405.029023743276,0,48.3873591096047,1.5208384431082933,4.091316045244705,1489.9953369319617,4.420203384971239,0.3162879835503187,Low,0
353.2320368092314,406.47829254194517,3.970041571994026,7.02827908169132,Loamy,Plains,874.8452249662291,0,63.26375697702773,3.1075319170529907,0.0,1508.6474411039544,7.956273884104543,0.6318622846579418,Medium,1
504.20934082626206,348.64075339605677,14.915993348908167,7.908915620761849,Loamy,Semi-Arid,437.23946517599705,2,56.02705779991098,0.7773914231065854,15.643727469696994,900.3102092428279,13.588681861735944,0.6442279255228427,Medium,1
680.7054849698955,195.43258772669395,1.6091634930439471,5.232518836033174,Laterite,Plateau,989.3740197392012,0,61.964125477736076,2.297583490954744,10.772836741563275,1377.651370931317,4.700864662673031,0.5034689413345965,Medium,0
444.62609413350725,95.48982442609895,0.5052277084595018,7.577857442760809,Loamy,Plains,1189.2015436177967,4,71.32448318890627,0.4882572199183719,11.712067276270318,1759.3504759151042,1.094639420639874,0.23449522707043394,Low,0
684.6965483721009,262.6114505102282,3.3794849315530855,6.568000066895017,Loamy,Semi-Arid,891.1060207374418,3,77.53200037778285,0.3208351135616978,10.66173600997227,260.16219278099686,11.311481109944303,0.45642327285024625,Medium,0
80.0,226.4867543366608,9.472943269682744,6.717181848307102,Laterite,Semi-Arid,1414.2247039044464,2,68.49571348384009,0.9826090871603282,7.0042982763643975,1193.097478341428,5.122342662028692,0.5276971849853781,Medium,0
573.2853756562836,293.5768548463627,6.131051719733125,7.544383190441916,Sandy,Plains,1172.1280335430642,2,61.78375288498246,1.084581496349369,5.571516481421654,1701.1755014656542,8.525594332501477,0.4112518259954605,Medium,0
463.05706023572566,236.426000661332,3.8969069868277955,3.0594166049380167,Rocky,Plains,532.8049445392512,2,70.31605660506655,3.14893044902808,7.827037461678506,2006.5660709896151,6.446057811709027,0.39966138909133075,Medium,0
405.14889743011986,39.10517671059881,1.5136756836829006,7.118709172400944,Clayey,Coastal,706.9985156612593,2,47.90324392801092,1.35593036862807,15.328419188482652,1974.6955684601357,0.37787845957780597,0.3241657400961739,Low,0
463.76411648032536,233.398367403861,3.1224979947438025,7.4903432398524314,Rocky,Plateau,979.1791984986131,4,49.290563558266584,0.18639453389476218,8.115326105410261,1672.3449797989983,1.1115830244918954,0.32025013215101034,Low,0
151.8646628098661,243.32570667180244,0.38271829382576367,7.386548864067743,Loamy,Plateau,316.8337666906874,2,60.02135063166508,2.21126526492968,17.70548156211275,2133.7682038754897,2.023333027097655,0.516058448375892,Medium,0
417.0492168243732,356.039322972887,4.544576609945139,6.352507733691537,Loamy,Coastal,1017.7248581147151,0,71.96531567393504,1.3936347049169178,4.115346407342688,1687.964575022734,2.0103850582243035,0.24790995020746046,Low,0
503.56688572676194,196.21603904667404,5.16533360765521,10.413573327908114,Loamy,Plateau,283.4461504608731,1,54.452577601494994,0.8864528577352255,0.5498523922188197,50.0,10.965477903924453,0.45129517186068957,Medium,0
671.6841067112274,481.44096080470797,13.413244550469678,5.939042335355347,Laterite,Plateau,1258.2017094475784,3,55.715057514525284,3.5653066973679812,3.3902870282001656,975.1791367975196,5.471392761048086,0.4969996851622523,Medium,0
372.2594672589529,50.60313392178915,1.206568833127009,7.681977720469571,Sandy,Semi-Arid,1217.545789677098,1,34.21121897598662,0.3689198867838185,7.200407506483903,1913.3806368190762,0.5223431946346047,0.3818247263914926,Medium,0
328.72595956602186,437.3400997363149,0.07451545539990169,10.891892601776636,Loamy,Hilly,1076.6734763202749,3,86.65975017844485,5.377439934144446,14.943952578460248,945.1772835374712,2.93828599825631,0.681217508831704,High,1
374.7364434623195,253.08172349462743,3.155184157797155,6.761871579939063,Clayey,Plains,663.442572476691,1,55.24077479960889,0.8944274691169225,5.576480624515808,1849.8120997123724,4.876054686343752,0.5963290424120176,Medium,1
587.3103176553111,383.15018468122673,4.907471693594441,7.643389802402654,Rocky,Semi-Arid,959.5709886147387,2,30.0,1.3594483700997468,0.7096824410874625,1586.9613239523333,1.7381271358859864,0.3671022181180045,Medium,0
499.31266644895265,289.576178087048,6.250359978208056,6.710846091055309,Sandy,Plateau,720.3178793698728,2,60.00534485572161,5.826397336975908,8.065193978321414,2141.5689198029827,0.24389390770296748,0.306472349985325,Low,0
370.53596943494415,416.7466643230563,0.861390737942028,10.712109380690798,Loamy,Plains,539.2146528924768,0,63.67450940865766,3.1510505640854363,14.108992985322026,983.6993878489693,2.8707676642572046,0.614617033312892,Medium,1
526.9901149670034,233.51656425366264,1.2139065785328527,6.226826315241114,Clayey,Plains,781.4399458800062,0,55.24015538198209,0.16985694013892044,7.977730092716511,282.06267650366567,3.710341406355867,0.47854775582379905,Medium,0
464.56163240220604,148.16554897866254,2.8746060772353186,10.850063731864616,Loamy,Coastal,1144.3929377722334,3,47.07773425919159,1.8995980723592714,9.008625106774424,1094.2584354110502,14.108442886697894,0.3210501258425126,Low,0
595.2967485799334,450.46051447252756,1.6054988007986806,6.689236316058806,Clayey,Hilly,915.3349674911163,1,68.77387292788046,0.817497385541974,7.864784911410448,488.28623788170864,14.339728234688554,0.3839777619476914,Medium,0
344.69203591839715,266.38232249414307,7.879092088958287,4.42162082965595,Sandy,Coastal,1407.7484734470481,0,67.39781368410993,1.5625927524848433,6.9471859092807176,969.2677796207431,4.16371469688348,0.5600425528315913,Medium,1
400.8506780103348,306.5870168349053,2.5679927547482815,9.038119511722364,Rocky,Coastal,1168.023188818096,1,64.31263903915188,2.9888292297033354,20.000950606036668,50.0,3.826213054444602,0.6961915013609749,High,1
391.1837770301764,428.1702296853754,6.42933339636779,6.0859964987330315,Rocky,Plateau,1130.5417848669665,2,48.82921939475072,1.5081487364882158,14.56815523118869,1208.5279431745694,6.138280990121952,0.37103104804083614,Medium,0
230.4727577801822,156.16537094866783,3.4759091108020153,8.861502697297489,Laterite,Semi-Arid,336.8757076940386,0,50.69494904657996,0.1620741966004015,17.369554786402325,1416.8672140118147,1.7914395314282405,0.5574769205272095,Medium,1
494.4180415596864,351.4589077167109,5.932809760002111,0.5,Sandy,Hilly,800.1945144456525,1,53.79458836543286,1.6609584978149248,22.423604234459248,1445.6780833286577,2.018832521937181,0.41920047075794,Medium,0
489.1582908269834,209.2126292244531,1.617900312580341,7.015615785684839,Laterite,Hilly,527.4696563480302,1,53.0263414454341,0.1,14.432226958353578,1694.6569201162015,0.015366775566530507,0.48288109996505857,Medium,0
450.76701849636913,264.13967732267537,7.121299304944032,5.6211841037275585,Laterite,Plains,835.9489921316335,0,65.50449107064588,0.9423452784824975,5.646505810824792,1361.0457564324936,0.4886392973999495,0.2723521349451612,Low,0
414.811929993728,288.6734758461147,1.2839755538837025,3.810223940406166,Laterite,Plateau,657.3533566268951,2,53.26194972820007,1.4303215648535155,12.41477404926913,876.6775393802402,1.1797665712535002,0.47694023473534836,Medium,0
237.69438869243785,99.97337662636767,3.1595029736052482,5.340276994480602,Rocky,Plains,767.8382664297214,2,46.600557702474845,2.276380418928629,17.556006332830947,1826.528809090331,6.139460717222244,0.4270342682949699,Medium,0
386.90320158519614,186.53955486154783,0.9632301457336607,5.278890567122046,Laterite,Plains,1271.4069563308476,0,63.0783739213358,1.5524045852819819,10.668704323408019,1556.471533766805,1.4345497159305325,0.31027955833250287,Low,0
398.59282252098456,442.1287470895767,2.5814416718605946,6.856042615448256,Rocky,Coastal,1066.3374751520419,1,86.51939988610616,0.36258622784099637,6.274478249190573,1167.2122192292213,0.794876281444529,0.013960416639120876,Low,0
329.6584096167572,386.34294263017546,1.5319302383300448,2.898020616145132,Sandy,Hilly,1252.4900501435723,1,48.55800746720058,5.921194780751901,14.868604811420667,1146.0637946050272,5.74743955708949,0.6719030020958896,High,1
425.80714325009865,272.4832507207318,1.24082024899054,7.948821340779141,Sandy,Coastal,339.760911844405,2,49.48528657420542,2.3114931380516675,1.6315709797158258,889.2203950051135,6.329008404289629,0.2634816714267268,Low,0
510.6076285221808,309.17481502154715,13.643175285566842,11.098644355617363,Laterite,Plateau,920.2911438154822,0,56.53152418250112,0.8386691583508804,8.707266985473709,1846.8297093054184,0.3691663694021773,0.7148356716888411,High,1
732.9278851815795,244.69089932362508,0.6977664474159977,7.842785490843479,Sandy,Semi-Arid,1238.3467434888103,0,67.07582728762986,7.43516983626858,11.794264374356239,1219.0021562101272,8.894138453664281,0.43683266809332083,Medium,0
476.18667192477585,442.79000629935786,6.191976151444322,9.426965827687027,Clayey,Hilly,1427.2035702105045,3,64.78859210563856,4.712350866699074,7.4615966545294485,1641.7807197256907,5.590818617741286,0.5299216488663177,Medium,0
488.6325586084147,255.95769066470032,16.58212016123718,10.283687363841388,Sandy,Plains,358.16906360762744,0,56.58174875672658,0.3407566566738217,11.127512125231625,201.23557034752162,3.0356797085825318,0.7527589634131512,High,1
438.83311263507494,307.8210510561818,0.08040874229664095,10.709468536552532,Rocky,Plains,776.9807273435905,1,52.76692777181688,2.3440018579707336,11.262545776832603,1273.5206157347911,24.511937339998532,0.6705341296202333,High,1
162.18431770514377,417.5236172970478,4.802944379731172,12.610416078463917,Sandy,Plains,1261.979335901667,0,83.1914129652835,1.8065045023960284,10.800293236620925,1342.9355283992259,0.061510335990624,0.3636385437896454,Medium,0
446.02291868261744,186.71542181849122,1.166288143869618,5.502394005172209,Loamy,Hilly,832.7025905159942,2,71.72730148051922,0.4712287010738823,7.057609216737735,616.1999688018838,4.722792240728186,0.40273795214661917,Medium,0
459.034531491154,467.05470213962724,0.1653210960575131,4.84454804451665,Clayey,Hilly,581.3538140405967,0,78.82273066622176,0.5849539271324196,5.9854142611718055,829.4305384301153,1.044002187748476,0.32060053281577744,Low,0
819.4863168727929,96.34463083079478,2.0626128912834516,9.350396944974204,Laterite,Plains,357.5002875263973,1,66.43449843900619,1.8251074648316314,7.423077554735752,1576.3786864939095,2.396893163051949,0.30890847407890293,Low,0
421.14585528283163,475.55705573353583,10.946898246870404,9.1247986589722,Loamy,Semi-Arid,567.9544628678916,2,56.87849663859481,0.8526293897001226,1.1415338385277547,1502.910611548651,0.8576978624425757,0.5416913046174605,Medium,0
495.2321013500419,235.27892992576307,0.0473394030261682,9.327025898847069,Laterite,Semi-Arid,308.8844160026948,2,62.78493093879023,3.961735133100165,14.880880198011617,1349.7969025757425,6.619599829159702,0.6035905257680662,Medium,1
444.7932345442135,250.8761502609662,3.5458180853658976,12.667847362750756,Clayey,Plains,920.461159891909,1,79.67982308540712,0.22627375009132164,10.705757567752798,1851.2173553063637,3.0806902951765003,0.7553377035849586,High,1
274.69829435707015,53.19877945804686,2.783776181332125,7.034109726395482,Clayey,Semi-Arid,1213.7085650225308,1,64.16635204575726,5.398284924330892,8.842932761741585,1487.2469043863762,25.74193799773759,0.5578472231972103,Medium,1
621.4234221772531,225.42463391467686,8.266390772549745,8.278469678938555,Clayey,Plains,458.6588343819886,3,37.38016875107573,4.039289919026367,4.612948187348227,1902.7650233111954,6.3652484640175535,0.48014449682955257,Medium,0
562.7899549030161,155.22321627677388,0.3509631442286657,4.0588352455495755,Rocky,Plains,990.2054094238684,2,74.82808783849822,2.951945299080353,8.644415679818076,747.379853297896,14.957740630652292,0.42795718042657654,Medium,0
568.654792056457,207.08243855518327,4.576858135193635,13.405963371927873,Loamy,Coastal,1195.8448603060533,0,75.96241957596729,0.6700768417963632,8.5437525692461,1320.0430798907212,1.653155060927483,0.4876130132238759,Medium,0
313.59188178078915,263.52268410533446,4.55910859825726,5.990365236372667,Clayey,Plains,899.0520856030777,2,72.84738863368321,2.761260119440406,5.82230402932993,1249.0900173088387,2.3032556112899902,0.46765525379937123,Medium,0
660.4191466404149,394.93499373674865,4.423514702463703,6.07535221551751,Loamy,Semi-Arid,336.2569967789641,2,41.88760323780648,1.270772981783548,13.250462273782343,593.8720985056148,2.702921451916208,0.33815523502724093,Low,0
239.72234058115788,304.9124021680751,11.41238446694997,5.959750326975271,Loamy,Hilly,1035.1740441318761,0,62.642574703546515,2.209813498824329,2.347591815172006,2088.0467581504904,10.940058650572832,0.2029434935336772,Low,0
538.0285640700406,316.92119840813365,6.928400731535713,5.0653124240669865,Sandy,Hilly,880.8735693324354,1,70.3045838636662,0.8244997307137963,3.4472221609723466,971.6348519500453,1.4270748861799734,0.46461147497760175,Medium,0
778.5683438714968,148.53767333853253,0.17151612776841876,4.811688853457053,Clayey,Plateau,845.2233729897006,0,58.191483853378436,3.975449459281406,13.557751992101231,1395.5842786373378,17.593253135714598,0.7085491665401769,High,1
301.41955123039673,174.3095092476724,2.5476939079140988,5.428887151331424,Sandy,Plains,708.6069639838373,3,62.5718147274696,0.1,15.520613693478332,955.9870900469224,0.2673430761961979,0.4372358444864732,Medium,0
365.05534055958424,495.84700220215746,2.0296794279262924,2.9026122158471663,Clayey,Plateau,930.3755991959144,1,64.7195400041193,2.5869865195288413,9.394986450134883,1769.7154994723994,13.23590980253393,0.43449566106106646,Medium,0
464.9477047631462,191.7758758284104,1.485108272223441,4.644046239210285,Clayey,Plateau,1078.436267956436,3,48.083247229007455,3.880662621831394,3.0638935328398604,1072.367964851873,3.6024659905832106,0.37265205181191674,Medium,0
374.47865188257015,478.74499024687543,2.401081473462754,12.846889334342858,Laterite,Plains,1736.726847017547,0,63.64009662294728,2.2872706176979003,14.611402752472504,1069.2964889202929,4.477997174738828,0.37808004766594666,Medium,0
217.4004853400801,250.83265613429603,1.9392944016605729,9.206965430924106,Sandy,Plains,939.3162239355217,0,46.17239542656285,0.46900270973759095,9.05763636466723,1210.7708207192577,30.0,0.545815525497829,Medium,0
460.2844462209041,280.2745523372205,2.264887540050866,9.777712530183154,Sandy,Plains,1428.8994060044356,1,56.76767116429099,0.7379808814910904,8.615743908246015,1242.2709393518064,12.243539856615357,0.4681463340985675,Medium,0
290.65444294108426,408.4438192275916,15.503124129709583,10.531626362250744,Sandy,Plains,1025.2142791994067,2,51.08181203093152,1.5915045036895017,15.723879427444174,925.7603488451157,14.061792106019077,0.6790147646852921,High,1
521.0388645952772,432.6270906326388,0.3712383245335527,12.502403693087173,Rocky,Plateau,865.1650853232863,1,68.50472408599401,0.8792423636032384,12.173981305450656,814.0228843942352,5.284600574883074,0.4086512443851664,Medium,0
312.0863648649295,266.7024927665095,10.216042844388491,1.6857323456684679,Loamy,Coastal,951.9916346989523,2,66.0258516993519,0.1,6.158649699086871,930.4183651045405,18.78818254008629,0.5838593406397281,Medium,1
682.4901607526309,233.41083357741533,2.6175271570537704,3.310350654140378,Loamy,Semi-Arid,472.3922706076217,0,64.80854916809315,0.1,0.14766463974458865,1122.3487866494456,6.984772033174412,0.44082386986145977,Medium,0
332.51200614956446,273.28954617733444,3.9099234126537485,4.588829017315945,Loamy,Coastal,1007.0510947632132,3,61.38298547298132,3.2120445784466187,6.421229714694478,1335.8084106320125,10.266400145019233,0.5935667941926719,Medium,1
401.69077256914863,320.5549033878542,7.092134783010452,5.590810610531207,Loamy,Coastal,202.77722731251959,1,63.231092405028406,0.19232244842415291,10.36927925150057,996.8306907646601,7.657839810035596,0.7427459959872866,High,1
572.0275826054504,386.95644242437066,1.7880433900571557,6.098291828244253,Rocky,Semi-Arid,598.0667747390139,4,82.10589177222812,5.789064064471308,11.187541229229653,630.9815294290588,9.109757391856778,0.28136939261106575,Low,0
265.3703525349067,280.5075830792982,2.2514375274285983,5.659067341581878,Sandy,Semi-Arid,938.4450825968337,1,73.89195534872911,1.286377364384467,1.8699079512780248,595.830380234849,6.096185012086688,0.4448651217326442,Medium,0
484.1189901906194,354.2663557627784,2.1072677592748956,7.657926739396162,Sandy,Hilly,1317.8937956125956,0,46.460936231492695,3.1230959832361473,4.753222887374494,743.270916324241,7.776717518826988,0.20751808601984856,Low,0
646.0714131423642,476.6031678725129,1.8782934315318074,7.105886172235648,Loamy,Coastal,1400.718538949438,1,51.59043920300404,0.29503812841878824,0.0,1365.6197712770643,3.435551709370718,0.46241778155437324,Medium,0
208.87751481581586,325.75715347177413,10.389399240888714,4.8314956144652506,Loamy,Plateau,817.2086971256729,3,55.49640349134337,5.743255828834872,9.731999804584607,1638.361388194457,7.362781141373056,0.6446256188576388,Medium,1
477.69507877984563,317.3983427205734,7.062727253921321,0.5,Loamy,Semi-Arid,954.5010618356544,0,55.091804050176485,0.1,0.0,648.0820208653194,1.944504368026723,0.48833958898069113,Medium,0
488.98241913726355,97.73070098919186,0.4616433605367864,4.021393883863905,Rocky,Semi-Arid,1244.5268643537097,0,48.076295993636265,0.1,5.7080163221016935,1412.563480431666,6.0461743234946415,0.4166144723092181,Medium,0
567.2734307665966,20.0,0.4577097739804261,5.352284040062274,Rocky,Plains,434.6772497324784,1,65.04028259864616,0.1234906633599374,3.5117430271717947,1385.2997054984164,4.45090476122845,0.2885209205406287,Low,0
264.45739336828774,326.60508750762017,2.2335527709262926,6.258761689576842,Laterite,Plateau,1041.6616268604262,2,57.26727958481117,0.24014000873549146,11.364580153304964,2117.6610680936606,13.72840297145337,0.4627688477863628,Medium,0
251.93150803735855,268.62109224629535,0.4154792946449106,3.610997622068389,Sandy,Coastal,610.2374964219669,0,60.610300979794346,1.4677328777999203,9.91943909273281,2361.7967273316535,6.710860911425927,0.47079588329797567,Medium,0
528.2912348425347,218.22607901023096,3.8608011130241957,5.527580600510739,Loamy,Coastal,839.8612343631485,2,37.48801939081374,3.415442420416695,4.3314566638205765,1730.7867958696188,5.447265411328014,0.5713558782836639,Medium,1
494.5477009849779,309.22362450236136,0.6204987833289267,3.607037834543241,Rocky,Plains,739.3418623269896,3,39.12592248333509,0.7378795070936545,8.771225174620906,1552.062560195137,2.2531731495284126,0.5844936105723518,Medium,1
487.57392755188147,272.751552496371,2.9557029540062207,6.622541945355001,Sandy,Coastal,1052.3753444668516,1,51.50566741622423,3.012994034611205,11.377476427271365,1466.2561765167998,11.91806473761116,0.7106751300140622,High,1
501.96723142454636,415.33363007606783,0.028984547829104573,3.7807260149121538,Loamy,Semi-Arid,1092.6062859031815,1,65.2954279886961,3.272478255140828,9.518393537098959,834.3002573381618,0.33407649196895384,0.7156897619537027,High,1
347.9962917632264,290.33330419107733,1.522678384200577,4.453286030888607,Rocky,Plateau,1211.877537089089,0,63.736323239721166,5.255768560821059,0.0,627.8905916075389,13.80059103142483,0.5047990991814061,Medium,0
484.83805457415053,190.36920579157987,4.522774423702748,3.073947607032583,Loamy,Hilly,1021.8695899625569,3,70.09014857674433,0.35586490088107975,19.542666245202266,420.82314802710243,6.350195410855388,0.4942163359580938,Medium,0
493.9608709948022,398.8199486751147,2.6468959276243544,6.539497913290648,Loamy,Plateau,960.0788194891138,2,49.59100279971646,0.3204165636470937,10.688689471944908,1278.700756270979,1.2605688202544878,0.3588894314469181,Medium,0
342.84728729604484,253.9442710064557,15.316151324049322,4.400656690142805,Clayey,Plains,1548.9083301535106,0,66.22814038023846,0.2864773008113349,13.616745921972395,824.1345564645676,13.99798760698051,0.6852592179213157,High,1
729.8661766717134,343.18440204067684,8.28918995930289,9.720352800026287,Loamy,Coastal,366.47432543098796,0,76.3627117579085,0.9794631198229338,4.3874162937642955,1596.97064156243,2.3703029981803443,0.5614989884286842,Medium,1
521.0749381367681,222.71071525686395,1.7793449915291135,8.217550800078698,Clayey,Hilly,1493.4634510452338,3,69.11925286470998,1.4788258695140233,3.330645777044789,637.8156394554074,1.1055031918320957,0.5731190218517034,Medium,1
271.3044754196027,202.02077374030762,0.1862141433372379,6.790444395449071,Rocky,Plains,798.5623318960611,2,42.4915737629019,1.3621759280553354,5.348790426265377,1326.6827992727897,2.30644486140951,0.3185210963575236,Low,0
548.4830412950745,290.10018762228356,7.473515973732207,4.607543507968634,Loamy,Coastal,1099.8120552289067,1,71.29409032706066,0.6536746122799912,18.0007283305334,818.2991225506,19.476299569955582,0.4461378917074568,Medium,0
303.7977494659018,281.53943722524224,9.687020324257881,8.141560915948908,Clayey,Semi-Arid,786.0191117922396,0,61.91554851216931,2.1401758046348633,6.410597546646468,510.6925615036772,8.384338106555902,0.5995078706020437,Medium,1
568.0626905613678,337.57924424401995,6.873160142639662,9.072102668045911,Sandy,Plains,654.1104296569309,3,63.44978353410194,0.9083869254244847,7.681644898402087,793.293919163591,14.918552331255277,0.4273798644819393,Medium,0
623.7893368511106,247.7625096028309,0.5476337980751331,7.4280652366048905,Laterite,Semi-Arid,1069.60201747798,0,87.94695073425814,1.00284190410145,17.28161628634493,876.377844699497,2.130389132208458,0.4806230342574347,Medium,0
326.8976522472434,59.636825947552325,24.692203568537884,11.81110556640079,Clayey,Semi-Arid,1264.7449080150552,2,60.95904588925049,0.2453527672142946,6.195414603490414,1189.4963199366812,0.5162191229542274,0.5629332904156819,Medium,1
594.5064193866483,228.06713396939335,1.196774826116618,8.378911954224447,Loamy,Semi-Arid,1065.5527842385918,2,65.57453467803904,1.9735215789393346,8.07840696933692,897.7577620796892,4.963572715662873,0.446628672866931,Medium,0
511.91713904047475,375.25821605725787,5.152388506879362,9.740821652704103,Loamy,Coastal,710.2594746609911,0,59.125437119420525,2.3430525231889687,1.3715441878690537,736.7953565904213,3.958283401376553,0.37461988844836597,Medium,0
573.3090239991735,244.31487049082722,9.545383457647096,7.400696246607935,Rocky,Coastal,2163.9725219854845,1,55.080848177120316,3.120946121495356,17.725219291133186,799.1994219790032,7.6507677244828525,0.6166943130366433,Medium,1
734.5189473980921,250.43399169825423,1.0751121497453406,9.02699335977093,Clayey,Semi-Arid,1319.5007848031883,0,62.374966145208376,5.155706736827866,4.20374507990933,50.0,4.694168255767191,0.4639280989043851,Medium,0
413.1917825995694,398.36518070871244,9.555124141526312,4.609656301992474,Rocky,Plains,1226.6698064725385,2,52.75445731577197,3.195397051165051,7.137964754257756,1010.2338282233104,3.0297251213814063,0.21994397595276396,Low,0
336.93957534637656,194.56321272892927,1.4812505160044296,5.624804910361618,Rocky,Plateau,776.4625192402285,1,59.74606786710953,0.5914744672715501,0.0,1216.9140413702225,0.028181202658643892,0.2787656151881652,Low,0
316.5728355561715,94.86361381085203,14.988275977886389,8.048090660447139,Loamy,Hilly,681.1919740988362,0,54.37964457583873,0.5912197053205356,7.146943586734437,989.0969595131442,3.783813054635177,0.566933259645867,Medium,1
327.62845725518423,260.7242656569407,1.321022513466721,8.026298444672145,Loamy,Plateau,802.0563234549712,2,33.059644468371346,5.425486834142398,7.6140882648015005,1299.0606657650453,0.7713846965041189,0.4098024563383752,Medium,0
438.4347435878844,221.89912585015156,12.267695220537385,8.522835468829742,Sandy,Hilly,1278.4922905373692,3,52.09914352158649,3.434824790014535,5.917297814314823,1682.6029433683957,15.306363568623555,0.6731832793779321,High,1
501.1727962224966,164.0504416296095,0.22012593674743608,10.301178676836187,Clayey,Semi-Arid,553.2884820234602,2,69.46654659901388,3.353660793699411,0.0,1729.734397990056,15.28373117362585,0.4056521346989773,Medium,0
491.50361989950284,258.9545852921571,4.9414687878649195,2.7250864845537635,Laterite,Hilly,526.128658990989,1,64.23702013407292,2.7982758229648192,10.726667376801787,1688.8023851022826,9.767108655584968,0.4061693891786158,Medium,0
574.0774873554036,338.980677669614,3.038097906910244,4.076642357169112,Clayey,Plateau,1088.8416366763563,0,55.188840909291336,0.6839474024860582,0.0,892.2812145926691,1.0309015513773008,0.3864789037034584,Medium,0
451.95028378168604,278.8853726118621,2.5994089375295744,7.688717923222759,Loamy,Plains,1011.7187556247421,1,59.18295266767262,4.1360064615073675,0.0,735.6169198500506,0.9570617979477214,0.43465860406728407,Medium,0
668.0301115735975,316.8377287223485,1.011805256593059,4.8269091045896175,Loamy,Plains,630.3902617381864,1,48.334419581118816,0.3392021704941595,6.699555647911567,919.388731776166,4.9711935183446325,0.4381124287884425,Medium,0
410.30147501430656,497.6089238218508,4.891206364794948,17.133304723868086,Rocky,Plains,518.0787475546713,2,49.62619188165025,0.9477820169113386,14.057818769424237,1501.576263399565,7.799858267000404,0.5648901976253011,Medium,1
858.0253749884428,238.8545366130923,0.8468836127075832,8.547158857510407,Rocky,Plateau,1403.2639476789511,3,58.08019340368303,0.935822331686807,7.760452056528933,1355.797296464084,14.094241894491857,0.16246514609625265,Low,0
543.850102164751,313.4018361573603,3.21937129205379,6.765007453209528,Loamy,Plains,1024.9515488548466,0,55.41086321737441,1.8068180223263446,9.489556387392545,818.9369204772427,13.467843206040552,0.5734492071617002,Medium,1
321.4263665375576,218.89439648810387,1.1680744495370958,5.453592180748423,Rocky,Plains,422.7624476951886,1,48.95717569835793,1.3696837321388735,4.643061768171581,1738.5160640460506,1.0128383780791297,0.45362061252574176,Medium,0
289.36612529083317,178.43683361356324,12.459989808488976,5.559513150420867,Clayey,Plains,447.23106237119714,0,57.19968690507997,1.3548279656050137,4.632571164350526,645.6945260539572,30.0,0.7880217704916086,High,1
522.3708622864777,209.81108158986763,0.1161962473279478,7.090421983945532,Loamy,Semi-Arid,773.4708096423358,1,44.64792543922858,1.7742518462586638,12.406245513472426,938.7583266348333,1.0232886867313695,0.3991112215586275,Medium,0
416.4805822011224,222.54897141739738,0.8912158364848476,7.335945797863773,Loamy,Plains,1156.4946324491716,3,76.89052004610267,1.1810897895431487,14.161284565663054,1304.5373757838636,10.999924815281522,0.44109589569255214,Medium,0
557.1000741138138,323.13709570565504,1.1099269931140836,5.629902565919461,Sandy,Plateau,1108.253080737898,1,68.74714370274322,0.6328513718091477,13.553320499720769,1616.7819218318584,5.305055215762904,0.488853218358259,Medium,0
520.9856436860317,561.8890944040909,2.138204958940086,6.180543260440294,Sandy,Hilly,1296.0874879504263,2,31.94055327759177,2.400207617818069,11.082801836644474,1779.1700037606993,6.804562805912226,0.44071451015631985,Medium,0
439.0756631014691,194.07478764689915,1.059667335735376,11.03285372570379,Rocky,Hilly,378.3775673887209,2,68.06302448881297,3.440070470179705,9.639122084462986,1352.335271393985,5.557618802702104,0.5293793228693205,Medium,0
322.98094228973923,230.0049633261445,2.703973332891853,11.153514887953103,Clayey,Plateau,978.3463414228798,2,53.52576674426808,1.4343941197803676,0.8254885256986375,581.3870802103959,12.22666792204475,0.29554922163440756,Low,0
222.7729162971203,272.4252384266502,8.237474180485355,7.756101939804632,Rocky,Plains,1399.0686163124763,2,51.439799668491275,2.3063625292998315,5.159597888138661,1729.4127559715332,6.08172947050967,0.5233278352550113,Medium,0
383.02275718994684,327.49586184516966,4.980060145291885,2.9762208182897867,Clayey,Coastal,1366.4806056666346,0,67.0361615390719,1.68629874591838,4.431180182318988,679.1648046533245,11.329509413983809,0.5814962849014474,Medium,1
578.4598191485209,311.6260974345742,3.469640197064763,8.61550946991713,Sandy,Plateau,1025.6184934944401,2,56.283202362741314,0.13377838020788502,8.357695397264806,960.2727466101825,1.0060258622850329,0.6078325956276894,Medium,1
482.1140616195306,434.09149527377406,0.3728634807338205,11.662847324833077,Clayey,Semi-Arid,1721.8064780288566,1,53.35436732196234,1.21013145085155,11.89203894124328,707.4898622735161,12.091221277755555,0.7388230816257163,High,1
263.1391831932018,20.0,4.736577551139084,11.109343305887137,Rocky,Semi-Arid,1113.2497907455509,5,42.0563591633581,0.1,6.3132989933930626,1154.5993739908154,29.73119252965848,0.5083117975264513,Medium,0
475.9771388776773,20.0,0.7280749752782372,9.203277558429,Clayey,Plains,1264.9613214944702,1,68.98692087817703,2.385575020563677,0.0,689.6613580215509,6.499507564024912,0.6160225253750439,Medium,1
507.79760695932555,220.49461935878207,6.173989984425618,11.267268865857465,Rocky,Hilly,915.5567715714274,1,70.43819367650914,1.5611305757928837,14.310771118306775,1436.1162429800606,22.4691708042589,0.5761037640699521,Medium,1
317.42138456983,411.67602250524504,1.1510310133161754,7.160152817437066,Rocky,Semi-Arid,626.6586475044995,1,59.93572984243508,0.29837889280439245,3.5130433658441067,1407.6040128894683,1.4898723654541124,0.4477445384825649,Medium,0
473.0587658918292,92.12223620732846,2.1586067126015034,8.884308909501115,Laterite,Semi-Arid,593.6767797274389,2,44.00961993898126,1.7188696242225572,3.788206248530148,1576.8967450097753,10.606492614983717,0.5406816036089375,Medium,0
458.7313077669,20.0,1.7260262641814461,4.957673301024459,Sandy,Plains,963.565325178047,0,61.631074542855636,5.031328966201216,11.22424283829146,1342.5636479483599,1.11109214445706,0.2850117612150563,Low,0
278.55445532540654,348.54152874630506,7.8307060185395345,7.8767963684671365,Loamy,Plains,825.9742976024276,3,65.6928270686803,0.9157704678166353,5.4205955038844,1311.754337265914,4.353312730274612,0.5826775189851037,Medium,1
503.6681040522425,309.23886684432574,0.5411921916554977,10.988602731911573,Laterite,Plains,280.99501553028153,2,57.68142734354987,8.883783268596009,8.119425672372076,709.7670881258496,6.544489594296245,0.3102708865000876,Low,0
534.1176789552352,149.17499118406843,3.335571344429217,5.231729765539327,Clayey,Coastal,540.9722452759906,1,68.57884571365712,7.04768333933961,9.66455436682079,860.9853995316166,6.477487728587684,0.5825562813867556,Medium,1
612.4576864762915,161.73524791348842,0.6128919518001406,4.415669711607141,Loamy,Plains,788.5587490810675,1,60.034563504144494,3.384830719561171,8.749034683398142,1149.311390482297,6.667649690241207,0.08511201660234685,Low,0
608.0703078052354,163.63075364383906,4.88035232444811,7.292466817071091,Sandy,Hilly,1154.5477815780057,0,61.64913192565422,3.6980543490315503,6.746333096630352,1191.2217204057833,2.322139493521296,0.4599050804162901,Medium,0
243.34959480643633,293.2642380968728,9.418804494291447,6.320013388828001,Rocky,Semi-Arid,894.374139843274,1,75.76557959621184,1.162826519512163,8.621122142320145,1033.0562066749972,21.83393297588895,0.6047473438051856,Medium,1
309.3262440127316,204.84216685803915,2.280941483592813,8.947443163211261,Rocky,Semi-Arid,874.7775263248201,2,52.09796325513008,1.1331535078198218,19.62435068402505,1478.2813335502728,0.039447354726560496,0.49995473574159777,Medium,0
527.255290081299,339.2876702770624,2.678443464039518,5.640221422158874,Sandy,Coastal,554.5805805488394,0,39.183135113643026,6.793137189076578,14.477569934481032,2358.391171951304,5.821289884747846,0.7082204315505819,High,1
527.0678926368313,20.0,10.492419834949759,12.155318846808143,Rocky,Plains,908.1081280217346,2,55.97175162384138,1.0032350115603301,12.802100793734173,1402.4239283527713,12.064407696639009,0.5019345073570389,Medium,0
527.2571529459071,177.17777618466408,2.944146815861193,3.1309717061168327,Rocky,Coastal,1361.6853596060957,2,51.23495376228233,0.22416233471610808,10.402474073739919,864.7203304507765,13.304679094925147,0.28500112315960063,Low,0
1027.909723598208,144.87352469067397,2.6745866426449574,10.761204358659203,Clayey,Plateau,954.4512894654949,0,40.93742083386533,0.36454382818285697,16.457382146060134,1590.7107670351993,7.642197128659692,0.37871376951348024,Medium,0
535.633576603975,249.23911859530094,3.4541205337065413,4.705452315075691,Laterite,Semi-Arid,372.44024648134837,0,65.46244086989203,2.726352299545819,12.836208113973857,888.2748959896502,5.131346015683576,0.5587691360093658,Medium,1
620.3348460270898,215.43426898118338,4.674805367637762,1.61205179624793,Sandy,Plains,461.9670219934141,3,58.010006700474726,1.0622817836084064,14.968519425840128,1377.0417166552306,3.6675791704697316,0.4685924402950621,Medium,0
593.1002645239803,375.741253587492,0.4521524305050483,7.713625469046602,Rocky,Hilly,1106.0761070281035,2,36.14589169273481,0.48910936395231874,15.145246932606417,1437.149672636952,3.581744270950648,0.15409075583555834,Low,0
547.7086876958697,56.8795874007931,6.883948549091578,6.236176041958349,Rocky,Coastal,821.4895836720831,1,76.55415755586958,3.6978907240996794,11.849605001185333,1315.5135207627163,3.3213459332196744,0.42978942408119836,Medium,0
402.7096133039482,285.4589771596902,2.2872952058435287,3.6711718962909075,Rocky,Plains,873.89691946377,1,49.26516955178475,1.4756432489194233,11.112157133282887,903.1916865505107,7.221690157106385,0.32600002297563524,Low,0
563.8453830739901,347.00037078540464,0.3003966647631688,1.9558693248542074,Loamy,Hilly,685.543038744835,2,50.60940900074533,1.8446988800567397,6.833700768442142,1237.4462379905572,7.882914407826893,0.3603064006250057,Medium,0
334.0762178193642,502.7976923874346,6.1705328914543776,6.97491763818563,Rocky,Coastal,1076.1942742699694,1,69.29890747912066,0.36778732471346925,18.13342389182349,948.5915942825625,4.33869903364185,0.5642255776807362,Medium,1
414.47720898899865,222.18808346878296,1.8925138445980494,9.927510674871453,Sandy,Plateau,794.6788003641277,2,63.1383757639065,0.4710795627131087,8.148076985280204,946.3180800039861,8.101204233990554,0.3461217107174919,Low,0
377.19546782563447,318.93503252230204,0.4230757077190017,8.754860479259333,Loamy,Coastal,834.6853723949883,3,71.10249598078734,0.29592243883345365,2.8360757582811313,375.04032227850246,4.510446760896478,0.558179245581479,Medium,1
462.2811209079484,63.53646489251622,4.018073642598716,7.170119946517796,Loamy,Hilly,602.0718129179058,1,31.84001649880561,1.5898611302187187,10.236980180760472,1138.4918914550087,0.6145337058766378,0.505229304147424,Medium,0
797.1987850010263,20.0,8.485434990689201,8.436542719653206,Clayey,Semi-Arid,1222.5919543499695,4,54.567602433165824,3.2880742412512167,7.41163860052071,2282.5073688889947,11.44767299777496,0.28499122498814616,Low,0
169.91022111123777,381.372925093804,8.748232068462599,6.918357602866429,Clayey,Semi-Arid,822.6035229342525,1,59.606432700781724,2.8992330578808754,3.3051268977320447,50.0,12.263540759880668,0.560939859936056,Medium,1
552.939028556177,279.33276476223153,12.648420343282904,2.7108272709088865,Sandy,Semi-Arid,1112.758116591916,2,73.6184924006807,0.666093446767685,3.596830417244881,87.90677020999465,1.8592488566550904,0.6558244088436099,High,1
208.09261932155226,421.42152277581073,8.09089790716216,2.7373180443296707,Sandy,Semi-Arid,482.2429525880938,6,47.86405205197517,4.196518355825812,8.520882117397766,1228.740741964971,9.2628397169103,0.7390336722584596,High,1
379.21022013158495,115.1916533236301,0.008572857558206906,6.390494413045963,Sandy,Semi-Arid,1506.8590984325128,5,53.91244877770183,0.2456744647565069,8.826628673915183,1575.2685222166651,4.2944552480023255,0.27513119613699394,Low,0
613.3425895451049,342.3882567434503,1.91369941880285,6.5180401409017765,Rocky,Plains,1347.0809134796277,3,59.68954636248479,0.2664084051418097,1.196743369470453,527.5442689711434,0.7945212963926315,0.134670556408521,Low,0
459.6420028643194,504.25814086526236,6.826937011321773,9.552948035520295,Laterite,Plains,231.5708156193756,3,67.13673589077804,4.163483702026773,6.2815012017202205,1308.0672017600914,3.0449740027532988,0.5290556697682687,Medium,0
288.3382833106041,330.3646730028719,1.8244218691234073,9.271912671324241,Clayey,Plains,619.3218837276997,1,44.68859626885421,0.6165918703090928,13.012786529480788,1119.2465481479667,0.4778444596311911,0.28527325060523206,Low,0
342.70444361100476,313.18978067092587,3.6806780422757495,8.815399047276848,Sandy,Semi-Arid,1067.1720368534598,1,67.73978987713596,2.7090762240318016,0.0,898.7908552149217,9.263783230471859,0.5252673513624099,Medium,0
551.9396623402014,281.026729698922,3.7288365135054917,6.159151860768458,Sandy,Plateau,438.0949703478486,0,50.91893503594701,0.1,6.785938161555366,1390.667335893523,1.310678571326843,0.3412512142289014,Low,0
340.4450052424295,91.49422514489055,1.8166805190538777,2.8580434896695817,Rocky,Coastal,853.9420712428359,0,62.504197606363626,0.21620669467143355,8.157743181268621,696.2566326009369,1.0775733422627314,0.5261624911566516,Medium,0
482.4687884372962,442.6687522852418,9.393424223981073,8.236213411198072,Clayey,Semi-Arid,1049.321125091879,4,55.68390995698516,2.0675300298764783,11.306867420563744,1708.9037868934092,1.403237672319876,0.6197154849999794,Medium,1
456.83577598557207,206.6970832233921,2.798499223683232,8.575507939786505,Rocky,Coastal,835.3459308071808,1,61.299468492151725,0.44308346281375993,6.956572895257494,243.53530159821184,1.5381161209525507,0.3634336619525833,Medium,0
352.25994785912746,340.53799076596204,2.500341040093566,0.5,Rocky,Semi-Arid,1088.5935462379837,1,60.545119264717385,0.1,6.06320319568715,1158.8083912422114,6.724267346613196,0.6041935583222271,Medium,1
771.5916133987989,92.43588321144958,23.98791193183742,4.496985440252012,Clayey,Hilly,657.3345333893415,1,73.32413515702412,1.3840947255366642,11.055225450939133,1253.722453870778,6.106635710049543,0.7788526380905967,High,1
545.0878533477016,138.46484025906636,2.7209266963779197,4.926836867818312,Sandy,Plateau,150.0,0,55.17231002035215,0.8827604128367286,7.7442496373039305,1116.80296311097,0.8309991412114418,0.47091987651776324,Medium,0
146.22861200135895,452.2104879066683,0.7859979709085481,7.355050603370309,Sandy,Hilly,1243.7403592577712,0,54.37160306579383,3.5657307565056238,16.838640053510275,943.5927393901161,7.733246148132548,0.4083341083870735,Medium,0
477.96814721541415,238.32372532505883,2.87853487256817,4.589918701702919,Sandy,Semi-Arid,1241.5351287608855,2,70.82061447897007,3.758290565095395,11.108204814423953,1514.441415430795,2.5760001390470975,0.405608154612484,Medium,0
350.73203028474177,454.3930571251053,6.728394340922454,6.885596293526079,Sandy,Plateau,1776.2728248009164,1,74.803543997878,2.096632295308387,12.071105035395732,995.8432670668652,3.6691015730794283,0.6862101289060538,High,1
577.8650002194336,270.61232091297785,5.999829467240106,6.368395178941024,Sandy,Hilly,150.0,3,53.24475161728186,0.7628991611419915,8.377104856613167,441.10640808158473,0.8002281570596719,0.5063472144755271,Medium,0
331.1218892350949,58.97226724505711,6.215667806003796,6.522551585386816,Rocky,Semi-Arid,1162.7912382713855,1,66.30812333592135,1.362246606018676,17.40103571050535,858.3189494170588,7.3988868369953815,0.5333012917319425,Medium,0
432.78953377996515,387.04811196780645,4.924331728315586,4.850817118897762,Loamy,Plateau,210.9612516708146,0,47.753443986162736,2.665346888856384,5.2003253356287935,1247.8034609926108,2.8317658747996703,0.3528334572847123,Medium,0
525.7480918470685,209.21292186932706,1.173286869941901,5.083044837799967,Loamy,Coastal,1514.7726485863618,2,66.37804088418066,0.1580204512846588,2.2543874860240347,926.1560052182142,6.00014751392674,0.43681590665426,Medium,0
579.8632791255183,363.84265762204524,7.924444388868918,3.7591988206579217,Clayey,Plateau,1070.7533917936034,0,69.04125614813331,0.8892653586564064,7.531252321306751,1037.6109203041312,3.343531376410745,0.4772100639969937,Medium,0
269.95553894163356,283.02530410480983,8.956318372567065,8.140202321721496,Loamy,Plateau,566.8249033133114,1,54.69753801509735,3.801711891969651,6.687005367026207,1586.5806012899473,0.30061959959213286,0.4534912177744274,Medium,0
399.8248146238577,94.82581264685555,0.8634440172894079,8.713307885774105,Rocky,Coastal,1173.0778661105026,3,71.3300675786042,1.1460328257287362,7.308371575797219,901.5340875131095,7.294037220733184,0.6193788460114694,Medium,1
378.7582033258566,299.7153718444683,0.5591436987873412,4.688146149623984,Loamy,Hilly,706.4342472990725,1,54.84752341906102,2.1558775513058843,17.88810027958862,1152.4527687516695,4.824581859730049,0.4202935699422276,Medium,0
352.00061511394324,543.5467770583359,14.853503192479364,11.561920288051134,Rocky,Plains,1005.1456348429442,2,58.2884142422251,0.22285090162167587,4.044955893282616,1102.2706929030066,3.4175641127776895,0.4025664888405453,Medium,0
714.8181360421645,339.1583750217351,8.109642572527704,6.056195657673854,Rocky,Semi-Arid,972.0862506731794,1,62.69353798697616,3.3017373301482498,7.6937791241346245,1737.2375527529405,1.3505125434826517,0.5558858021554365,Medium,1
510.7472566441433,273.0978696393444,8.948543467070081,11.590556871389683,Rocky,Plateau,1510.458847651553,1,46.47896735200091,0.23293129309774283,0.0,1224.3464935734307,5.874476146941809,0.38061132836619394,Medium,0
260.86740684974325,409.04120823482776,8.699455649888048,5.07361847850519,Sandy,Plains,1535.2240685302795,1,41.69334301553391,4.3495480885151725,17.464985989453577,1600.6162625451057,1.9311360064357448,0.396378721695621,Medium,0
587.6792920582164,305.2802158243733,3.1208101529066545,0.9202666702016931,Laterite,Plains,690.9571193542729,1,61.35743099047163,0.2479884871863469,0.0,840.1313781011127,3.3640282047533194,0.33050651871883535,Low,0
768.3234295518951,305.14410763153535,4.158375438463559,8.206593474737055,Sandy,Semi-Arid,1270.3369662986127,0,49.09680089063042,4.873932923770601,8.722548281312983,2076.5088327093417,0.3488590316590644,0.6474916252405976,Medium,1
604.869789082672,149.00497934090768,3.153022621608382,7.745635315356962,Rocky,Plains,1024.1940544496042,3,43.3513579313576,0.9948288858455159,1.2938378687425152,1615.315950113343,8.996684483794363,0.2453271474531116,Low,0
222.094505106898,308.0617630947518,0.2102557702884856,7.103181385922749,Rocky,Plains,405.56127654758086,2,67.22796719681239,2.1550730374851317,1.0397919717722433,2028.9936042301808,0.56610858126958,0.23071256959544995,Low,0
377.3648890700623,404.25320997003337,5.473866265034608,5.073302564668031,Sandy,Semi-Arid,656.320066869737,0,76.20205714971767,4.123645004225371,3.582511957407294,1299.7065044071444,13.289621941537085,0.6016508722702582,Medium,1
640.0366723779935,179.67254174799706,2.8154740635967124,6.896283323542543,Sandy,Plateau,1717.6511348598683,0,68.28718036018675,0.1,2.4867558654001396,897.0952428056363,12.130415728902614,0.4198082609655027,Medium,0
343.8495801571829,450.93949854963375,4.173191810669319,5.466221626391418,Sandy,Coastal,1025.2490403866293,0,43.78499968887293,0.6794222632763073,9.34684489518471,1086.0464748747518,21.261390734332018,0.45638814521950066,Medium,0
516.5729142219343,268.9952771025849,2.7937631076072496,6.092951301004748,Rocky,Plains,1249.9228528311328,3,60.139141501079514,5.257231948241805,1.6245278741993303,1304.8164336336852,14.34464614594092,0.5253802345126634,Medium,0
566.1951080144005,173.46765861537511,2.7076099504369053,9.524896767295225,Loamy,Hilly,825.7844906715532,2,54.28632154577678,1.0808835808143495,13.201864338865825,1298.236995121126,21.327697361504757,0.4279703293046685,Medium,0
310.96042926328755,399.71584923042934,0.7539498333149403,7.552651688590281,Rocky,Coastal,711.0203298482304,2,47.766129892851936,2.6960009758026793,14.663879735709209,995.4399676695117,13.096890551952875,0.2976102777028605,Low,0
441.07119659073,245.5846917114077,1.3068766165149883,8.829854161995932,Sandy,Plains,909.5425776720662,1,59.02151548558703,0.33184119895517816,16.270875616886293,1192.992997620651,0.7161387210124572,0.46527876226557846,Medium,0
80.0,371.141786498333,0.6919539045435685,6.30439448012263,Clayey,Plains,806.863580663824,1,57.18962663919136,2.4955885713141774,0.3485247119371948,1327.3020808469225,3.454125056606813,0.49548497537480285,Medium,0
296.3418537998565,244.98896412897554,0.8709641628895614,5.973947962585675,Laterite,Semi-Arid,377.3614741389406,2,55.20783337648655,0.16714588485305373,4.088932263432291,792.7808849354224,0.4752746663980049,0.5062489051616095,Medium,0
412.114777291026,272.82086277641156,14.444324005975078,3.539552407334069,Sandy,Plateau,548.8360898910889,1,69.857334313669,2.779607480313064,5.5922492654275935,1015.8456780471611,4.728680845166628,0.6854727729912483,High,1
262.8325227052726,339.227224520115,0.6647541265540778,5.8898901622954085,Sandy,Plateau,1147.7595800442807,3,73.5984127218116,0.8608021741924506,5.175382159010345,1868.823406972337,4.527031136293016,0.48094907001553455,Medium,0
694.8616955897453,314.90764691080074,1.2548473006645458,0.5,Laterite,Plains,766.7582588141562,2,54.12081243612254,1.3795632229102515,12.009233728955035,1800.1750962527785,15.320014433209046,0.41538977235774854,Medium,0
235.4787933059051,40.53618634579138,3.5721493763096386,5.229334101083095,Sandy,Plains,908.9967087097675,0,55.84732264149652,0.4000345643399568,9.589898274317223,803.055755831954,20.978604917732405,0.47691509768960605,Medium,0
383.99332699545243,145.450751188673,3.76826613002932,6.754377468427483,Clayey,Hilly,982.2230676740237,1,55.02960078813936,2.174602409638021,3.360497262138324,2146.8929701184456,1.8037451437922245,0.34096719917590307,Low,0
469.6110865929137,391.52919817489783,0.6688213613777484,8.691020962810468,Sandy,Plains,1009.5675170865519,0,64.17916757012453,0.9060409765246972,6.588347076443098,801.7992187038722,5.2381354265318425,0.4543018183027988,Medium,0
666.1909933599173,264.14360933181433,6.314033322604036,6.19396636742513,Laterite,Hilly,1301.3026714603798,1,61.977237489936755,1.063687304325063,7.834302099027132,1403.5223821636366,3.746674153238643,0.27078240893056643,Low,0
234.6206773230841,217.1522436674294,6.152245071944099,8.043020626734998,Laterite,Semi-Arid,515.4564647260138,3,49.48498205396106,2.323436136969918,7.1420634976828925,1864.3430110380534,4.747672326552852,0.36856731779484786,Medium,0
624.4745628232439,116.97111816910308,1.083654890483513,0.5,Loamy,Semi-Arid,1099.5884532402686,1,56.45491788318908,0.4335401034499822,4.318763573485975,801.4160708380493,4.55223695025723,0.5781242317938856,Medium,1
451.53495915293803,150.4316414468982,1.3624544963438094,6.829489443379151,Rocky,Plains,1164.2597277318766,1,40.036752601175785,4.203326817201489,2.451872823785104,636.1023498586503,14.729133892361128,0.5380136585288636,Medium,0
302.7737023428074,37.384163204566306,11.121700778768727,1.96149162125979,Rocky,Semi-Arid,1245.048122650527,2,39.14260460096265,2.957532189809129,11.757191624692544,1445.280801067368,13.587446934922664,0.5789080083346587,Medium,1
519.3155211394906,267.846313755816,6.98725407502943,3.375089453022002,Sandy,Plateau,405.47884020479466,1,43.830363020234586,1.8966428063938598,2.087055831115877,1164.2889272488464,0.785688498175802,0.6479823526246389,Medium,1
479.8589543360205,208.1874903302744,4.786625645589056,6.438503356408417,Loamy,Hilly,989.1867264214494,3,54.982953845928385,0.3021653485420339,11.538960938894311,1026.556263392069,2.5397296129166946,0.4520042391595386,Medium,0
359.9674684261808,164.00945308176216,0.3432478982877199,10.828791963620663,Laterite,Plains,1500.626581239481,2,65.33450676465748,2.5561857446632126,9.188919041695161,522.3373161999015,8.384740341008873,0.45466425812089495,Medium,0
460.47031274850286,271.8251889798456,2.1669547259216824,8.113620290410177,Rocky,Semi-Arid,865.3078182951818,1,48.61028888683317,0.1,3.7202576422572546,1858.585193016528,6.911833571354734,0.25365407333160683,Low,0
392.20296047073595,323.67647570232856,3.277580620420634,7.054692991411351,Clayey,Plains,1069.223145687502,2,56.48669338244439,3.58965652553506,10.551364815870468,1325.8189768523991,5.984883612377215,0.3983253238807554,Medium,0
467.0276017876872,531.1837518651934,0.8301207468736757,6.941408831598693,Sandy,Hilly,1173.1384581048146,2,60.62459701352921,0.7966529898233803,4.419399880027655,1543.8034400778718,30.0,0.6730454444316518,High,1
549.319601178157,98.57398965241435,2.3784711672265484,4.859113320386598,Rocky,Semi-Arid,541.0855544606088,1,76.43179873164773,0.2742733150453963,10.826382839769261,1782.5326821498834,2.4652940448023877,0.5051951632934427,Medium,0
687.9025224218028,419.12572519606266,3.675434880227537,5.3680497598819485,Clayey,Hilly,1541.8386551499912,0,58.67007733609885,0.39536576260607936,4.063791182008721,331.1595769016378,4.344715889975074,0.6983396261767223,High,1
264.3276751759727,396.77218732180864,1.5862792360970006,8.28212813641239,Rocky,Hilly,1074.8252789391163,0,59.205147290032535,7.261048017547152,8.545408936515798,1289.4988645164453,23.2225153958241,0.5119716286953675,Medium,0
769.9550061984401,186.50887127479592,6.073726450566768,2.8439184446665173,Rocky,Coastal,1081.8259849676992,0,50.736207999058486,3.2702344347197503,7.755520469913148,442.0205101794138,7.135535359870596,0.17421131814270346,Low,0
157.18683007162474,304.38831455032374,7.341581216516438,8.779162150849064,Sandy,Plateau,318.2904176963127,2,80.04032597303234,0.5976095915108787,4.906073957661448,1575.3650378516927,6.276351388141064,0.5529285866110853,Medium,1
427.2322357446625,225.08401007948618,1.563938647241588,5.834478798643442,Loamy,Semi-Arid,1178.0906793746594,3,67.17488903338534,7.2809409401518606,6.425328124711944,1873.2687321893884,1.0087174329221156,0.1315917459055181,Low,0
538.2475809726865,302.2826296502487,7.2968948116567045,9.476671224608696,Loamy,Hilly,1077.243619482698,0,44.66658231337397,0.33211139598550693,4.78264960022268,1155.3360959884992,1.699407092637935,0.3866404925206964,Medium,0
492.1487801602549,461.09572160854606,0.43736958065928677,9.88328037169625,Laterite,Plains,1468.4669647027224,2,75.9765348108824,2.9094629278832604,13.854332949669466,1165.468989294818,2.8438114938745063,0.547018574502919,Medium,0
356.59507202691094,352.67274791575755,7.273952438585768,1.9807479624827797,Loamy,Plains,791.0571749934763,3,66.60148030001909,2.352385231689287,4.498037140965972,1487.172935070546,3.7512166752235494,0.6375699881132728,Medium,1
418.78166244640875,341.03300478801305,0.6630399119508776,5.255257710318346,Clayey,Coastal,554.3195846405454,4,60.8075268378933,3.790680430980828,7.643881974857317,1437.9323667441092,4.12549900702618,0.3042325325836123,Low,0
376.0498598011751,228.3628816054429,0.346273475116932,4.433416936178129,Sandy,Plains,661.2163518289834,3,65.92375857418514,1.057714753295404,0.0,1089.445334754265,13.945131548808824,0.4932359194756686,Medium,0
361.59528645836826,101.91320020907978,4.106380509576108,1.5618161047805712,Laterite,Plains,723.2576177474454,3,71.6299774068396,1.1305567010161128,4.563756957645216,1553.6837380036923,0.680436673790488,0.6101375766282033,Medium,1
577.4403145531537,254.98381473515104,2.554161507391447,3.9024001713717684,Clayey,Plateau,508.40371865401914,4,48.963780080830944,2.1552856634847037,11.174063474219183,1082.1784437852164,1.7129274487565391,0.3930959159762634,Medium,0
503.5523228947571,424.7929785836698,9.539113129743612,14.32376753579602,Loamy,Plateau,1351.5560083180976,3,53.32445079642118,1.1172472983655615,10.37461114888115,1353.144547517045,0.9303431683656587,0.37247556421584804,Medium,0
346.06356071090187,96.7398572092423,1.8051307146325877,8.828529688637321,Loamy,Plains,1364.6942520260834,3,57.538901093131805,0.1,10.182110007457595,572.9832972037701,7.975192145893571,0.6227769377706702,Medium,1
584.9399813149876,153.3892758187966,1.3539497383281192,12.751863905817263,Loamy,Plains,831.4729046009807,0,43.1199276557688,2.8781555892673536,7.855930233929295,1775.660791948249,21.15644282060967,0.5997779275755579,Medium,1
496.09492813149143,295.1521283480882,2.7784722963281085,9.487295320055008,Sandy,Plateau,762.5340272705321,4,66.7525808205764,2.2534218511041813,9.258715313233173,763.879351312795,13.463678843162324,0.487010015426528,Medium,0
571.929317825844,161.8414258183285,2.434828455197603,4.774470516974573,Sandy,Plains,264.5813303382407,6,54.694605839855925,1.2125281378652506,15.21747395691552,1358.3681852403952,7.708945024041505,0.23777658658488654,Low,0
544.4443262885418,184.8971863461745,1.6889888499697183,5.854686409977871,Clayey,Semi-Arid,1143.5864393562615,1,53.37187861477402,0.7935958044555205,3.378412161997298,636.5584612282565,0.13054678589108953,0.3993264581109527,Medium,0
325.6507483616891,229.16817019261873,4.733300420452817,8.765308540720921,Loamy,Plains,1478.704038089045,1,50.28442453665108,0.8508070124487205,14.131676825815887,978.3124472862357,2.5573525496322222,0.3210843072598265,Low,0
365.97284397045456,116.12591149718207,5.701169312659148,8.312518610419108,Loamy,Semi-Arid,676.9818489591552,1,57.591340007638394,2.972283027233815,3.5916506118469753,941.8962978703485,11.953775242366664,0.30708758113639484,Low,0
562.0940407684893,163.10537845403582,7.668854575730488,5.267973952874999,Rocky,Semi-Arid,859.1254159782607,3,59.86916889638813,2.8737066242565987,9.513460917173035,1461.123282204148,6.35179788309477,0.6537409449051007,High,1
541.5555398150198,364.4113500144771,14.426486118449812,2.4700204882623797,Rocky,Coastal,1052.0020114605059,0,69.95260732831753,3.7593767924058046,3.717486484533966,1939.0660978745946,1.411306825030239,0.649120210318506,Medium,1
446.8647609053778,123.11562613228432,1.2405625798006854,16.863283562166217,Loamy,Coastal,1503.546426213467,2,70.28975763505585,3.1597345882246355,12.238366964310035,818.1809115226567,3.7696325614237325,0.365527176267771,Medium,0
467.5991074963173,88.25534386061949,5.036441034816958,6.576550982971583,Loamy,Plains,969.9216776422832,2,44.39593143218487,3.1208914211044596,1.5591008590665494,743.8354555596,0.5521531500219266,0.33378073179723694,Low,0
641.6497343682637,204.3970024559327,2.005206059654455,6.02278332045214,Clayey,Plains,968.4004706092816,0,63.52660321417167,0.6381082046345314,2.976115810712887,1719.890431695822,4.413842632338959,0.3523570094462513,Medium,0
361.2642916746255,367.8346603011815,4.521427084392936,7.340003391715905,Rocky,Plains,962.7614754059312,1,72.75883162261883,0.23573847011682422,7.438358030739038,843.1966079181607,13.877536922974537,0.3352609912298913,Low,0
532.0646071755057,256.36938304037324,2.5849146127596585,6.271814232066914,Laterite,Plateau,401.2386225837144,2,55.32855638448557,3.1557773448565527,4.060824671611886,2360.3056412215055,0.23693009493027947,0.7542548082930681,High,1
419.6711021349159,224.2502706261258,20.315508427321298,7.368186723116451,Clayey,Plains,393.62327115954736,0,55.96062338488794,0.2284175512705258,4.448283442471807,669.7603765827839,5.7098215553176175,0.6054727549874923,Medium,1
417.34781951591697,285.3230557018728,5.22110160299252,10.860841858349257,Loamy,Coastal,617.2016908097946,2,53.238808116201064,8.851902260366224,7.409637307094809,1562.9786897008235,1.5924142936546237,0.44414755552401985,Medium,0
614.8165277980785,70.51510805684177,12.187369743840653,6.626354560940729,Sandy,Semi-Arid,1254.5117009130804,1,64.45861374100782,4.576343060077895,1.7444464346761883,431.6750039585354,27.866630441225134,0.6639436146248396,High,1
573.8124523482045,339.3646784530039,7.20650109403872,3.5118686820167158,Rocky,Plateau,782.6250253089024,1,61.44808188995873,1.6773128923932983,8.640043810420934,691.5032316440113,0.403905286848266,0.20299187181127934,Low,0
572.0264454000958,326.0122037684373,9.32809726947212,6.515068616564167,Loamy,Semi-Arid,714.6385829191976,1,69.75576237154547,0.9551253849273778,9.840774702040227,710.090938070648,5.762888224151039,0.4028944132993145,Medium,0
645.8218210731493,230.88298310851346,6.737059588993396,5.606794655770267,Sandy,Coastal,708.4888885496813,2,56.66563175329684,1.6463218148261867,0.12764011945287823,901.131141751863,1.7772756272721968,0.63686798086046,Medium,1
453.15057624491385,400.71094141557,2.458520738316371,11.271696811740554,Clayey,Plateau,851.820092534563,1,73.11998329451777,2.9158675158518768,9.220922828134404,1614.0888157496013,12.84601580102936,0.43317240103527355,Medium,0
552.2929456942446,144.70046812563535,1.1602780984460126,10.513357194212713,Rocky,Plateau,1495.737776935574,0,65.17011231128033,3.1062687482599287,9.015708821147468,1180.6089070970472,0.7801724000914789,0.41537544589594927,Medium,0
403.4599865109816,415.34907919042826,1.8501752151296085,7.322575001292396,Loamy,Semi-Arid,847.0809150060074,3,72.11607607416028,0.16834491688787528,10.183750640768643,1770.8571771823488,3.3648514285563746,0.48909978799950465,Medium,0
498.6249528732663,298.53923987143014,0.0817751603594839,3.1637924355422307,Rocky,Coastal,624.7959081187996,2,50.84988910015704,3.5948170915695545,8.578705934986871,1603.4557527009658,1.2300652657082507,0.4422205748442734,Medium,0
430.4785418448473,239.6136892146192,2.9692922831516415,3.3223232096801625,Sandy,Plains,908.8359701785715,1,76.81179700553768,2.25680065310291,9.758515405465511,704.197049771426,9.639962311619069,0.4107764267644968,Medium,0
464.54939474890773,277.6151637558026,2.8132571658177374,7.045369784753661,Laterite,Semi-Arid,1514.2792620165378,2,51.33418037996816,0.1,9.741935918971675,1146.5127098962587,2.5980375428889126,0.6602590436311538,High,1
539.2735538155371,267.128228102687,2.9798716335841657,8.008968907963842,Clayey,Hilly,724.0113483725345,1,51.896370767269325,0.8264424654957161,9.226934376030137,1811.8468032491419,1.2400287732975253,0.5360241154950426,Medium,0
327.2668975149791,426.43394757012607,14.603441692622287,5.876131542021835,Sandy,Plains,486.6482470491692,1,53.27610311922141,1.572251254108805,9.862018149894851,772.8202333611994,7.765597034092449,0.6959638888282831,High,1
763.858091352819,150.7985047034784,9.696932508040511,5.559491247378298,Sandy,Semi-Arid,724.653055594354,2,51.99628876774748,0.4593844603550606,15.705658464869796,1487.0818837892505,10.196744165669575,0.625326429310316,Medium,1
299.0973927750447,188.4976913024082,0.7055779624059078,5.22160230046406,Laterite,Semi-Arid,945.0673077219516,1,80.72263769418213,0.3711473517422521,14.548279420785821,837.4588892176696,3.7237925746724634,0.32128785786069697,Low,0
267.8717080818402,404.35634704869756,1.8410530222803019,6.929818119268162,Sandy,Plains,1140.884332788869,4,64.2618486994027,0.1,7.431408569569026,723.6997382152063,2.857090308056346,0.5235048497669301,Medium,0
623.7166310250102,208.5358077779369,2.20628617543701,0.5,Clayey,Plains,1252.409252538786,1,63.95055794717602,5.335715044196852,4.880459847685351,1050.9763382676515,6.000385468254979,0.4092009071495963,Medium,0
568.7494040944404,388.06396927979097,1.7884805345825254,3.6960201136908704,Rocky,Semi-Arid,533.998954113185,1,35.30182573931293,0.1270356527402362,14.352293911851865,645.475743413769,6.322922165495408,0.34932523785547487,Low,0
543.6179725578232,483.93231796104516,6.407783464214661,5.118847463657948,Loamy,Semi-Arid,567.2041329393255,1,73.42587572350081,1.0025935471962795,19.441702555871274,1821.4150219309304,6.486026449045246,0.4038321626166532,Medium,0
544.251826389642,231.78459676700396,2.9696662650384287,10.622509584855763,Loamy,Plains,786.8582092143785,3,45.53846076655793,0.5068453469148566,7.858618959503296,50.0,1.935775163706181,0.5295225285676262,Medium,0
448.1629840729628,361.7634791890366,3.3954613112925154,4.558559074213212,Clayey,Semi-Arid,1139.5725586439137,1,57.56375354459099,2.9723210730424983,10.498479922557292,1460.115142107879,17.012146055738874,0.3599637303393118,Medium,0
315.4118442771253,141.55692623921698,7.669659737882747,7.541404425493619,Sandy,Plateau,458.99723582171055,2,49.54970386632761,2.702068817703369,6.371521594665332,1457.7356155060834,1.4405500347936127,0.42882361891087767,Medium,0
461.37068372905895,370.5679957681371,6.5581073810365265,7.679628252792988,Loamy,Plains,687.435581353806,0,60.87592635139357,3.6102973082253236,10.655310860641872,971.4680673495527,2.8119466603966528,0.48927518892316524,Medium,0
348.42574327318323,303.93087831841206,0.5672291356165181,10.893749516982286,Rocky,Plateau,692.5396947058182,1,76.40873451844497,2.110283771368779,0.0,199.4012462587824,2.001886491095194,0.3740062365803515,Medium,0
596.2679600126627,336.76459385922584,5.005859422804775,10.787732220892451,Laterite,Plateau,1229.6120993775298,2,46.46293358121174,1.9704044106642562,5.377957539888049,1427.4976846666245,16.052642110609625,0.5344377172834917,Medium,0
427.94139277467923,202.5313513557526,2.2868070218896306,6.827491093615251,Rocky,Hilly,1084.891266232553,0,49.372686758059295,1.1500447231142723,11.618025007534968,976.452006812308,10.574490673091688,0.5700740594966784,Medium,1
326.1754204811233,80.6699901319393,1.3962383611807534,5.573545776431672,Loamy,Plains,1216.301426367472,1,59.67497774363535,2.2254921415540063,3.6251246781160695,888.2316274634293,10.004688729831681,0.48059490020476164,Medium,0
401.792123752051,340.3902477699406,0.20525242423914417,5.008500691522929,Sandy,Plateau,1368.537290981569,1,76.83999249436928,0.26927991278617636,10.772790732650888,1795.4800782318146,0.02832725559069538,0.4113116762338479,Medium,0
511.93971814134363,32.39162170246547,2.671864098342982,6.276810332602658,Loamy,Plains,793.0224667188218,3,52.90463899592034,2.538002113466746,10.600566548227668,1933.8113021881668,6.948272789710588,0.3381953919797324,Low,0
365.4413170794038,241.91794093089584,1.756728863399925,5.6978999370292005,Rocky,Plains,484.40784580121135,2,49.40527563582381,0.24134167857667985,10.895695257184167,945.5821615542595,1.5703216532410589,0.18474656822760288,Low,0
326.66694066503527,392.9418239703964,1.1588059854062343,8.660882228074696,Rocky,Semi-Arid,486.662733753543,1,59.9668673242818,4.352960927718523,5.463235666636935,812.6891080939524,20.60435508040566,0.5179445777029927,Medium,0
486.5530817237868,303.0277283047643,4.745471139052071,8.260929452455613,Sandy,Semi-Arid,256.662352229406,0,58.08983124081826,1.5500713236371584,11.826230287289377,50.0,4.539735624770184,0.5279609822868772,Medium,0
486.7449856663084,513.8011173747775,5.869764091843468,8.775403573435048,Sandy,Plains,739.4316096168325,1,45.700133665144655,1.6627209370176474,17.24210279397306,400.32054839900456,4.990360352774769,0.5971122725638253,Medium,1
373.95852369433055,403.0130983098128,1.1230351433732664,10.777851134308506,Sandy,Semi-Arid,765.5220848088916,0,53.13603496224619,1.9340941188576044,5.54622419994713,807.7839617496074,2.6448393723051185,0.48523256810588555,Medium,0
379.3442541572516,201.53219340093082,0.20284727150840778,12.58860736420053,Rocky,Plateau,1175.6436923817666,1,34.38450263787539,3.2919559750824283,4.650556718436625,1737.7067410772208,4.616679508795531,0.4853762419273526,Medium,0
484.8074906036454,283.27760558217267,7.555356148829394,7.373990180222671,Loamy,Hilly,905.9199760118114,0,57.63503434885692,1.4321772746875392,7.148420787460031,1425.9462856928876,8.311461982753668,0.4271675780565937,Medium,0
232.78734877540137,274.3155156946677,0.04003868492047911,10.29839131418696,Rocky,Semi-Arid,728.3850444800878,0,43.04872813049481,1.2273720708048776,9.375883731467278,1729.026391000817,4.95212453178833,0.3567337481479848,Medium,0
238.88043384351673,90.13878839846473,11.065631066030125,5.945019448497355,Loamy,Plains,859.400445843795,3,87.62742229420638,0.7483207939656279,2.8492965160018544,1547.1443127498271,6.150992655392907,0.5546229220811087,Medium,1
342.2333668121346,167.1521300218776,3.9513604092152375,10.555020950749046,Sandy,Hilly,536.3592806998325,0,64.6580216173598,0.3014241627344741,5.728010529551898,1200.3842460360875,3.837275398425551,0.4946213334164813,Medium,0
417.9829272432229,212.70869116241676,1.5535272594141594,10.184527471527533,Clayey,Plateau,1258.8922997629504,0,61.0452722400715,0.46451682414777806,15.27872650916519,1247.546337560487,7.561136785838727,0.46927956805888077,Medium,0
496.6361348397007,35.65353965728761,1.131987777042803,10.025247909828973,Rocky,Plateau,624.9295530166721,2,64.32343973888067,0.1,13.67982625108008,1468.9664526477786,13.789109752098327,0.38592105663506354,Medium,0
671.3034325424328,285.69921619019715,0.03618584149724586,7.282209523574571,Laterite,Plains,501.02405482243654,3,52.103683166265064,4.478720031010708,3.046074521350368,1088.4062096243686,0.314402599570468,0.40072690460567223,Medium,0
578.6489434803029,250.1113786416351,1.0739834659638745,4.994925508027334,Loamy,Semi-Arid,1186.2586883476145,0,56.29383601393036,3.1855840225544636,17.32953489210511,1358.5749798202621,0.6810048869031426,0.3988882732396973,Medium,0
426.0092205054859,79.2527318426111,0.5927394501053731,2.8164146864035704,Rocky,Plains,1100.9574729273481,1,64.06471281385095,0.5429018992318472,5.850374917431177,1380.9055194921466,6.942709253988838,0.3758695446369698,Medium,0
447.1475688145967,328.50554383327983,3.788713740302701,6.879888377436703,Loamy,Semi-Arid,296.71011750434593,2,46.289373478545734,0.1,9.677297319276231,1321.6264743626386,2.8460404950951155,0.5961726123349113,Medium,1
299.6205953043287,365.90472936291513,0.7287050946424869,11.599037626747549,Sandy,Semi-Arid,1199.2505721485777,1,66.19720837079223,1.490506169228431,8.208359269709115,916.4250500203168,1.9845265660924336,0.42797114107095224,Medium,0
447.2230296011415,307.24413746378667,3.008446344255183,6.0704652959077805,Clayey,Plateau,640.4425763170802,0,83.2854574997789,1.1704079976714747,12.593165554340061,1869.23642830074,1.1804214033250298,0.3600933806556012,Medium,0
406.70120416197926,241.11181897492358,3.5675284661796884,9.355379756380163,Sandy,Plains,769.063415352628,1,40.241219104978,3.2915053316788536,2.283008599720838,1862.3546635131438,5.100718904990352,0.49698247996598766,Medium,0
498.4077840507134,350.9730582102226,1.4155251043004662,9.531854201556794,Rocky,Plains,965.4570376928781,3,64.39331931013656,1.1344589305460164,5.36443502575311,568.2040067719358,2.561962736595272,0.3510268564322023,Medium,0
325.9153584671516,361.62644325720294,0.14277793836329186,6.148941337218481,Sandy,Plains,1105.3187089158876,1,48.17867720565448,4.391046449967573,3.4163954946558883,190.10226465109236,4.255181663607855,0.6314730492329788,Medium,1
527.9019771361759,316.88842836636263,0.1518621482209946,10.949034512558558,Loamy,Coastal,1055.9177111406343,2,66.29135263530338,0.22164336579125837,2.718115331377125,979.3026951239228,19.101229919006308,0.5590226871473384,Medium,1
679.9108369503866,181.04652994782867,0.10680257133233459,0.5,Rocky,Semi-Arid,882.5635841828991,2,62.06684716931321,1.0020615239242978,4.285257353552319,799.8201150373832,8.519544832148963,0.5207282084653007,Medium,0
433.6859777314714,313.1920918613417,5.374850550542383,3.3317491637854753,Loamy,Hilly,751.3748348794313,1,80.55526952894971,5.977852018463161,3.8205007758553515,376.7972152544147,9.536366863434992,0.6284797860092805,Medium,1
510.25675831484125,423.4576780990575,1.5309594046916395,4.253103110924621,Clayey,Plains,1044.2772427479065,1,78.41848960384918,0.1,11.206715743521077,1011.8833319952137,0.7956907818443335,0.3354552996122644,Low,0
553.5215987566669,208.4045129665924,6.364431474794238,4.54085493139783,Sandy,Plains,858.5642569295202,3,40.62287069102716,1.0903008548309614,6.063124954247595,1913.5297019751633,2.3580805871804147,0.4631268711204294,Medium,0
389.81692921712454,531.7527206958918,2.260654361187507,8.008788853557686,Loamy,Coastal,1531.8740606940735,1,67.17089307894827,0.6615491811561709,6.730891017445677,1428.6118826237378,0.6738775801603474,0.5044622457169831,Medium,0
483.6138722715625,216.9242879217539,2.4132120183668446,7.870113409161705,Loamy,Plains,1105.2431534894656,3,66.96490890683344,1.6697767365877696,0.0,1609.5387973961313,20.75059441998129,0.44298639404460455,Medium,0
451.88886011726925,283.88884160081636,2.8770004893671643,8.181971716525023,Laterite,Semi-Arid,576.8045312533759,1,72.26700577877982,0.7189440603657704,12.941228716399124,1861.3489338691377,6.8777643300421065,0.40223186746176165,Medium,0
464.65141478232476,199.30172847923967,4.993530693295689,8.788244482397461,Clayey,Semi-Arid,732.840017019222,1,63.66897437292409,4.486930219137013,0.0,1585.6359613717493,0.11652728578625512,0.6069359707132163,Medium,1
334.04853242168,306.7925003104313,1.2780829627467134,4.149686292563052,Loamy,Plateau,916.8672620409403,1,65.15825777900574,6.0869983982417555,8.47736885469589,1117.3721888803757,3.8719142661879595,0.3714793500778749,Medium,0
453.6765261388414,70.93339688376699,0.5185552264622204,3.345471799578043,Loamy,Plains,1354.8009252746592,3,45.608796290851856,4.161003489499966,14.643339784321446,1784.1343129494908,1.8352851138496296,0.3949514593380115,Medium,0
524.6997436868174,214.47498414199345,3.248239432809756,8.188959046023589,Sandy,Hilly,1393.8867531892472,2,63.0635122165784,1.1185713953160592,15.686613830422434,800.5410583852279,4.658636038395079,0.5454668428330699,Medium,0
667.6715411692562,148.94545595817195,1.5839068024892293,5.109303779060683,Sandy,Plateau,761.3528478720525,2,55.40106733603644,10.1168508721513,1.0828863381911908,440.35446616261663,1.1808918562672268,0.6412296357870623,Medium,1
593.890623912781,296.2406017470749,2.337108779618947,2.2885748638960886,Sandy,Coastal,573.2280241936949,0,66.20358132731668,2.921957513754747,7.10429917763039,1899.584759769901,0.3512145827780447,0.5050888878587948,Medium,0
772.9773686267334,399.3336850610689,4.1645450622414275,9.914032853624445,Rocky,Plains,528.4758255778345,1,56.865812618063565,0.9667888910113379,11.850299475539748,1968.8646220094279,2.3420776455169654,0.15729044884144366,Low,0
334.8978655667926,357.52074245374615,2.7258685634206916,11.185305719506893,Rocky,Plains,988.350065025523,1,63.3664106973115,0.21642935809875669,5.97491597591503,995.7626486199351,2.1016622457520326,0.40655537940779274,Medium,0
580.8480955081018,20.0,3.8732720991418845,11.671482669095978,Laterite,Coastal,1706.3245082261226,0,65.39356768709452,2.4194548119519754,13.40410877978071,932.8226426475201,7.573078282536336,0.5559327380634177,Medium,1
477.50130086075274,525.0483583513457,3.1428046672309433,7.561023164424161,Rocky,Coastal,1088.6829364892858,0,65.61986314596071,2.868891484458528,0.0,1479.219607706852,3.86098841645566,0.23361242701104684,Low,0
778.4704399826508,315.4335928745042,5.38516307853872,8.877796287918708,Loamy,Plateau,342.1306156605974,0,49.07442693909296,0.2873898555433085,8.760542662039686,651.8496775882841,2.0661732323550686,0.612571550368208,Medium,1
328.75525719672726,186.82010314083996,4.895839795455531,11.109604670085734,Loamy,Plateau,645.8985638638995,2,87.02520831813008,1.7554283623450542,10.24423370441828,1079.8944495200233,5.069830664899669,0.1167785802587521,Low,0
324.04172367288356,298.8553502789129,3.0559088842237223,5.075752629929697,Sandy,Plains,681.6300293542804,1,61.04655276661847,9.569113251425593,2.2706225024064457,1317.2838041352684,0.44392946142301976,0.5389097337832208,Medium,0
360.0911031833967,301.1427787003231,4.54404834311213,10.332033052162275,Sandy,Plateau,612.2991179597822,2,65.58093768503448,0.8687457572628631,12.00406833916094,854.3922844012222,6.514518948498081,0.2906468165346588,Low,0
131.41564135352894,199.97815396581234,8.271936984230695,7.826188702429626,Clayey,Plateau,764.2371612730229,2,58.708017965225004,0.7906487377089518,2.8777537209327413,1749.6863928943385,0.9560101394172904,0.5768749705187575,Medium,1
371.1367467478858,303.75000008104905,2.264446374811215,9.741134957027773,Loamy,Semi-Arid,1029.2882013569797,1,44.70121164687187,5.139561409197254,16.11743560358233,1328.6019530653152,1.9685196690529225,0.5294422828033537,Medium,0
336.1301007669453,207.10332548556312,2.129307666603804,7.558279062627806,Laterite,Coastal,1138.6934092629263,0,67.39447269582875,0.2747829945862664,6.385682495872464,1131.8677987596413,1.9887412597910745,0.6424186242223043,Medium,1
472.55906797143115,231.47656087719727,5.779859129014078,10.888770129244005,Rocky,Plains,1282.1172218208253,2,61.220269895474885,5.964127403212011,7.202661021448156,1691.314096680828,3.76249304879567,0.49298033945729025,Medium,0
501.26339636657394,197.64650370938986,3.4943987760196396,7.670571287624611,Loamy,Semi-Arid,1083.4709005665122,3,68.66578553108849,3.3259575849502374,2.831875505183736,1275.7603072538357,18.36576910214535,0.5483161859840946,Medium,0
731.425625882383,108.07944523124166,0.2946153544184303,2.548062821597747,Rocky,Plains,216.04741588490572,1,50.021305430210546,1.0904849808712855,6.249556632543706,842.4258631346531,2.3552274078940747,0.3201235030504447,Low,0
592.5635757279075,297.50037642584607,8.906647089714147,11.355779896944167,Loamy,Hilly,529.9433943640404,1,54.01237399195361,0.1919393783437685,4.465395046736122,1832.3323792082087,1.9820500967165504,0.255433882366847,Low,0
363.46445165063955,350.23593238196054,0.12506742175602212,4.157407777083664,Clayey,Plains,844.6670870992831,1,61.214249433994226,0.1,9.509717568800546,1187.0858255674664,1.1093233660222848,0.6533341288362041,High,1
315.2377992977463,341.7860315291647,5.51960108715009,10.759174630731742,Sandy,Coastal,951.5479495186177,0,58.579072868350785,1.0369357430675141,9.293539569740073,50.0,2.9851754829005124,0.4959793895858024,Medium,0
523.7878757259758,378.3910303162281,5.688418121780622,6.729271355679034,Sandy,Plains,1201.49642595669,1,54.56604581897919,2.6883543125438267,7.558965991396043,1340.280826339146,1.2056592159320345,0.5071959723807492,Medium,0
251.96501894690368,318.92082520178417,12.239895965692773,10.528032955593119,Sandy,Plains,915.1144616758704,1,61.226155554509496,1.470725457266525,8.849507210886124,240.4217565539775,0.8893947170006042,0.49112176442754524,Medium,0
724.7188148781531,216.07294021397158,0.22261920315295686,10.404305844600295,Rocky,Coastal,917.747538852286,3,75.15762949510452,2.952184435827459,2.530569843541212,2244.2276670804094,11.684529187930828,0.30094825872618935,Low,0
626.916018108193,380.75966373174265,3.6338543837632966,8.290428922946115,Loamy,Plains,983.2290770986708,1,63.49410220863526,2.442866727521177,2.83469910844547,1381.1504053866802,0.32444864643869437,0.4043459042579707,Medium,0
379.6236521842943,117.0978952189678,2.233350415033247,8.525605952881392,Sandy,Semi-Arid,810.7423914265794,2,72.07619709458089,1.8716586553774994,14.027536861898554,1381.1513255594962,7.4443419054417435,0.569725810269286,Medium,1
193.02982063636836,171.9194340985024,1.6056908874450382,8.267885851577699,Clayey,Plateau,930.4097989572341,2,55.98580989673547,7.538271190246228,4.271334392677452,1576.217169546704,1.3581741142544632,0.619492795399179,Medium,1
653.0808561248119,164.29599142921063,0.37864322808582657,0.958525731156767,Rocky,Plains,1294.0412626541129,0,58.65436654415031,2.8674086628382396,9.486205706220414,308.522161964651,0.07070510914111607,0.5001704324070609,Medium,0
432.8190232121073,409.60672709671724,3.3081236351271452,7.354990656694606,Loamy,Plains,870.6311854255989,3,60.917462073294864,5.413246685329606,0.0,1398.8657644061386,9.512715996305724,0.4561361115450783,Medium,0
635.6724467960192,393.13462169680906,2.6083336342619106,3.651807471784315,Loamy,Semi-Arid,889.4255456255008,2,52.66626148126255,0.6100242325272511,10.128595572413449,692.524115864019,7.269722219790663,0.44767660699967127,Medium,0
210.83585118084494,338.4766284453994,0.44173548981147454,7.5135614312369885,Loamy,Semi-Arid,888.2451083314837,0,61.01902091557801,2.751109273265632,13.81177684388259,996.0697105557116,2.4414871053375005,0.4939237982816475,Medium,0
360.0937465569341,408.63158382541565,3.7920494083848424,3.571172360850354,Clayey,Hilly,1354.2208348269091,4,76.81383137434841,2.003788426310505,8.604523519000537,1417.964045320893,0.49593819210588636,0.3865622419485988,Medium,0
450.7865549577275,174.4860661105614,5.356927443579467,3.445144176321775,Rocky,Plains,512.1813356096952,3,78.93224941279033,5.678036229699944,8.850221387936946,922.9076088084116,2.6840218309563744,0.4683783200630331,Medium,0
457.0470890647113,321.8314143833177,5.831647857734385,11.814803505261706,Loamy,Coastal,1521.5464131769183,2,74.50282058609233,1.571404650813868,15.841026524061569,239.81926355885776,1.2004275065357506,0.40381733654849794,Medium,0
382.4901792781135,264.9790685940203,9.431257683630838,10.208342164372569,Sandy,Plateau,488.2663509195704,1,61.66825664109307,0.7216134338452667,9.419788142118449,1439.6619489443653,16.174081950185343,0.5051475378715016,Medium,0
543.4274898521248,381.62585246618966,2.1069443861720667,6.987572245167537,Rocky,Hilly,671.0229085352844,0,49.370345645075,1.0689166233022689,4.578424889138479,1557.447191478113,4.5253259732397835,0.38680750823738363,Medium,0
289.85693559261085,266.1730920937363,12.23662858253808,7.554305950747072,Sandy,Hilly,1160.6583944003619,1,87.36375650614184,0.5433169150087873,5.805424053647626,647.4891628232451,19.91941409624384,0.715485474261942,High,1
428.643077246806,233.80685339079025,8.022665393448927,6.256251922770973,Clayey,Semi-Arid,1260.610843415785,0,51.833554385968476,0.5465388362029948,4.960851488924231,806.2478329346791,2.5968401312389457,0.5083412695823495,Medium,0
468.0443447567848,344.9090222273188,1.406758542337316,8.70962912793857,Loamy,Plains,408.7753440505292,2,76.29278007409161,1.3984828754683594,12.874086696266046,1101.2660977502878,4.8778418676729975,0.4383814072147971,Medium,0
527.1658251088123,385.140300062948,0.694000896907411,4.971836900353585,Clayey,Plains,517.55434786352,2,62.39178135646773,4.907990922601486,14.444731810545086,2160.728707249399,1.265240554564203,0.307085798123457,Low,0
556.7422317133335,199.7985766183838,2.286475928510638,9.981220788603872,Rocky,Plains,997.2449833151468,0,45.604430654494024,0.46866936413913435,13.336454255119296,2065.6390383966095,9.914983636622736,0.26071524015524283,Low,0
281.3036862243196,272.6709194377149,2.055980618745812,6.240739476957668,Sandy,Plateau,1720.5467857173285,3,40.21805251387108,0.7468885973826669,4.357794108290751,1744.6238918348906,0.2518128634837882,0.364202089183951,Medium,0
219.88287438965665,152.98712396300166,3.42944010823054,5.740459012506314,Laterite,Plains,1336.1919733495383,1,74.68541450299176,4.217932254602617,8.361032374522678,2237.859245182626,7.136779925724317,0.25850837212415567,Low,0
641.6515232847763,20.0,3.5023828120011666,7.065139055454528,Clayey,Plains,813.1660326288664,0,51.108966753527426,0.9116562976443842,11.504386842224035,1738.6705185111468,2.982128967664816,0.5346557616305273,Medium,0
499.8471017969388,304.05515576964746,5.544969199979982,5.226559510223169,Rocky,Semi-Arid,150.0,3,42.88045805336795,7.218437001646891,2.1622904579977043,1336.2998578946026,5.182414182752504,0.3041115641035243,Low,0
337.727019516517,353.06864275055585,2.852501270386013,7.986047048489449,Clayey,Plains,928.5749570474057,1,54.77465396641266,0.6891120813580975,12.545093402020559,646.9549634379327,5.382740645765007,0.3950211529547884,Medium,0
682.6727963283785,311.44801709040706,0.44293365517218997,5.387912232059801,Sandy,Semi-Arid,1026.8038812762939,1,57.939006712095185,1.284037431098114,12.256930501580479,335.1498346704251,7.443719366533469,0.5743967067688476,Medium,1
467.3511951439288,46.05259386947594,7.815927950962623,8.405570808456508,Sandy,Plains,766.0567006210188,3,62.45174544926897,0.22108796260802738,11.00058211664006,955.2466589507906,1.3709132906789447,0.6033888988933229,Medium,1
626.894577609574,237.89806839082306,1.4828902231648076,10.64801961673443,Rocky,Plateau,602.2466033086916,0,61.83028747707377,10.671173003315475,12.107444293311577,1295.551357322911,4.547854254033506,0.5102090910262927,Medium,0
460.12777221151634,20.0,14.203078676288614,4.842034939575479,Sandy,Plateau,955.7078411124859,1,49.210144997517745,4.85884754236007,7.587409989309796,2351.4010867689612,3.3404418885736087,0.6455859431145308,Medium,1
759.1121887322981,444.36413291850215,0.5016185144522415,6.608273628114486,Sandy,Coastal,570.2085821371138,1,58.01920348118429,3.742961806763084,3.821727990014133,1087.0191367282382,1.98922789502735,0.7921110970364628,High,1
713.3011263664807,149.6734501458297,12.70433562201871,8.383992139106265,Loamy,Plains,1555.3570312830534,3,78.61017914490262,0.3766282424767529,13.851699014387933,1276.3926856763778,4.107834734876342,0.38836066323407803,Medium,0
412.655377728139,430.6484331351876,0.38169269503467984,5.692427935055779,Clayey,Coastal,1430.860679136836,1,45.3694652427495,7.667848209898505,8.228847555328477,1372.5277414836232,18.221206559631746,0.5586429988370605,Medium,1
595.7356426431534,393.50435724209746,1.0508452160396997,8.392961682479996,Rocky,Plains,1130.2694210574664,1,63.65136246863123,5.823858610934615,5.390430552393244,1302.8830800051064,17.84205749639046,0.5286641130876503,Medium,0
546.8063924377722,171.9291576956726,0.19079879253824536,8.66619658195522,Loamy,Semi-Arid,931.3986991917608,2,45.35245203042193,1.258661024391027,8.642575515702738,2088.884956275592,1.9611768205078601,0.45079626865268146,Medium,0
655.2947336298523,144.0658058478706,4.884654176577735,10.249785328882911,Laterite,Hilly,668.942569685254,2,53.06032152769702,2.5180388883950564,8.606911303331293,1863.943175508493,12.935715532990706,0.4476395744633754,Medium,0
305.2614809129843,322.04442596636056,7.596454191431915,5.1820298617452645,Sandy,Hilly,892.7244856381845,0,71.58895712642375,10.752114097549358,5.684248595459302,1202.6018680403415,12.5614769293039,0.6708585218028071,High,1
552.9077189997658,178.68111553803146,2.2771471796515295,4.171674279308577,Loamy,Coastal,1473.7539973225466,1,33.5996413203398,1.1598422086637268,10.720568264941706,887.9003172656842,1.7227705352752773,0.4703596748206585,Medium,0
608.7636730274381,292.2981570589849,10.553466475219665,6.0772678313087685,Clayey,Plains,1204.0289204528199,5,83.17702226610231,0.26391597681473494,17.58062729136708,918.5931736147065,5.482026194057919,0.6741001557501565,High,1
186.18907703653286,222.0606891031698,3.5693113150533575,4.0967429813587,Sandy,Plateau,971.2922974667608,1,42.480082641500275,4.451217710043286,1.7839791256025563,1216.402627328408,12.238360747118215,0.5250025410365343,Medium,0
272.51122310013375,66.26099026412399,3.977086234081712,8.69349461214249,Rocky,Semi-Arid,1223.3910169586584,4,33.88697090702526,1.423817608469619,1.903197755710229,844.5990977136813,4.341574022861636,0.18262944877854886,Low,0
144.11517333598493,20.0,7.4681534120220645,3.5147460994707664,Rocky,Plateau,1090.96373218329,2,58.23283394748269,9.54900994677172,14.175673604958444,1652.7278350716083,2.7700176058621753,0.5459396574891724,Medium,0
409.58897483331634,307.2021098193517,1.4084568968375621,13.999049254758065,Loamy,Plains,1038.697138960405,0,52.85195742450349,1.7610863631957,11.941776864121039,862.1308620677462,6.312412395858669,0.3718946138172316,Medium,0
557.6313383693944,212.61307044032495,1.7494687725791638,10.887783584721252,Sandy,Plains,1243.1971406470375,1,50.57780753878062,0.1,16.353993997884302,1977.7091664043414,1.1355337083505368,0.40331624694477713,Medium,0
675.3535578144042,213.62922197030412,9.455796518213171,7.037727308800942,Clayey,Plains,1080.9596756886651,4,65.69806278025024,1.4888203056560425,17.451372543845658,1545.083812091607,1.0585000972995793,0.3414025546222424,Low,0
461.1142170629663,363.50366069125425,9.249067079717696,9.602183478993929,Loamy,Semi-Arid,1200.4930145361825,0,46.8925720797991,2.7853508079907217,11.871317379260361,546.817427792759,10.725868422042955,0.602488553153434,Medium,1
694.2923318356937,420.81307319589337,15.000088794679163,2.089594407067626,Rocky,Plateau,956.4854673720782,0,64.83762112461109,0.1,2.2685366308800807,1936.358015027548,0.25666164972150596,0.758087434874266,High,1
242.9847812677663,247.2946334365829,9.284557310247363,14.570119994198674,Loamy,Plains,811.0559618834637,2,67.92706520174592,1.173689376572349,9.778458080582425,538.5080973662635,9.766527230571821,0.6623212700925901,High,1
194.4926340967268,239.12815517081663,0.5449838883501034,5.229356163398531,Loamy,Hilly,708.1429923709479,0,41.53358080074096,0.3719800273064114,6.261426064560057,2002.994895195724,2.0591192914760192,0.22956213759830585,Low,0
441.6678451655072,340.0171639736661,6.942823814692254,6.638507758301921,Rocky,Plains,666.4416380851644,2,70.31747797679671,2.2666396309229224,10.509154103939322,1572.138334388116,3.9596961537087294,0.41767096971214807,Medium,0
507.6098173408961,117.16773163605097,2.10943605453392,1.4322001384346903,Laterite,Plains,338.19034514546365,4,67.27875466788653,6.940187490490865,4.349020113289976,2320.9800317850822,4.7051973527125215,0.5559779512156939,Medium,1
445.09578778588605,306.77836656972363,18.754796764869887,8.458861914222684,Sandy,Coastal,580.8210186159174,1,76.62979427607726,2.1553904768250307,10.75889980784892,50.0,8.74208508367293,0.7669165126880555,High,1
139.8836849940185,346.2263166186585,2.556765065270339,3.680967528768673,Sandy,Hilly,570.7012646462366,2,58.064578934217586,2.6114937641530305,11.675172607067315,1270.971987015007,12.917649496361964,0.2394516846343484,Low,0
436.6319940730817,361.6276250101155,3.2282754658481037,7.304967284698088,Rocky,Semi-Arid,722.4291814055873,1,47.982609548678305,1.111249633854386,9.495081205760956,1187.0965569571824,9.784708625782802,0.39293973992994247,Medium,0
254.329574924272,47.5896756997042,3.0181751808275035,5.367176701226386,Clayey,Plains,1446.785473723402,0,73.04861594753329,1.8219178789569945,10.189857831506085,890.5683540979023,5.096613716526319,0.6170284051060724,Medium,1
550.4508823245058,188.63736762292712,1.5528808186985312,3.7667681952089698,Clayey,Semi-Arid,844.8533155561779,3,58.58358594887384,1.726891051555052,11.751752577489261,1694.7637796807483,2.5663901044127804,0.62333633066728,Medium,1
504.98973691452727,174.608409661184,0.3119416865563068,4.586915494712149,Rocky,Plains,984.6184114595085,0,79.87418141104905,3.136050436848604,4.3198024677716855,1039.6456154657785,4.486352977309874,0.36909144112640646,Medium,0
309.01803205089675,291.98643452910557,9.040065746538057,7.677364102256564,Sandy,Plateau,995.6618755791744,0,66.51207497366855,4.277444570321748,9.626774923326021,1920.4294744758708,0.1828893781238711,0.48892720536735407,Medium,0
372.91996239949594,337.68934957215805,6.491629124407589,3.155527081393527,Sandy,Coastal,1455.6533194948283,3,57.689363948157364,2.3921347155756982,7.698237553322819,734.8262415279728,1.686067155894736,0.2180954654871192,Low,0
291.1179717166573,459.6052488935178,0.6010911436250721,4.753564986929269,Loamy,Hilly,698.5450911541479,2,47.42232041903185,8.585518718371945,13.697862972558589,241.60311272729643,2.7357084670872114,0.4404853342906257,Medium,0
440.5981354090242,220.60414235583124,5.998179620513324,8.989820143793434,Loamy,Plains,822.1172719096784,2,56.74754200394843,3.8762656022824946,12.041318846796237,827.0529885523038,2.311809312358541,0.3761470999901331,Medium,0
593.2713480751858,220.29130020289435,3.9323583270644398,14.80743962462294,Clayey,Hilly,862.8302198790358,1,69.24755680924868,0.2928810688588261,5.241479194212587,1486.7240391694415,0.5998962834821966,0.21130133209219895,Low,0
302.1410930496684,417.9606422654497,2.104730348584834,8.432766458659014,Clayey,Hilly,1297.7871995211688,2,39.902277292693014,1.558063907624819,11.617816020306954,1700.9343760599193,0.3125242769952928,0.29187517983023675,Low,0
525.6069773276766,315.58923262363663,1.1722321166971872,4.248215073468137,Clayey,Semi-Arid,1370.436992814059,0,53.13942190945563,5.138058349497186,15.010961829172151,721.8018277047929,3.2757618841244818,0.3234513800124196,Low,0
370.46135724413386,432.11818134255685,7.856709878976065,5.8986574897830675,Sandy,Plains,1066.1043368928806,0,38.62649859978205,6.3387306525492955,10.120614626951937,1460.4301175238852,0.4664704918675099,0.5305106733793143,Medium,0
331.06907516064837,314.64736036118035,4.81840212914436,7.094767018457735,Rocky,Plains,1331.5182809216578,1,45.50782342118519,1.0524096327401193,6.4700533710997306,1375.7103843964792,2.0229825457494286,0.5731614460566878,Medium,1
433.9454460068163,141.1460057544075,3.173991372451734,5.951725148092878,Loamy,Plateau,962.1813487641463,1,50.66466281889036,2.845804913576551,2.6751304684652952,1303.655888974496,3.8641499577074403,0.3574669104948065,Medium,0
294.7136516370939,120.0245974266632,3.762011312183396,9.7091745002108,Clayey,Plains,839.5888633341121,1,54.75121948100457,1.1628269802322748,0.0,2074.018933519692,1.4140398667526881,0.4405897594494471,Medium,0
366.9526041979227,93.81853011292853,0.3819319801056571,7.6524204490426735,Sandy,Semi-Arid,1312.5534303049676,2,62.24027260880368,0.29040180063471416,13.593683655158998,1056.6548051408,0.49725733096120117,0.7627132847863966,High,1
270.31831611167274,359.44622017101676,2.5692061283285637,9.72355715472961,Laterite,Coastal,1070.666186331829,0,66.42118297885168,4.75078756380665,1.249652906941182,731.0522293768169,3.3952111152593583,0.2680951445123634,Low,0
744.7087699374583,422.631618770441,0.8611990416550566,6.0566686291071115,Loamy,Semi-Arid,642.5642669323463,2,74.60137156260032,5.912628566758868,2.9246172562642254,1237.8936321729184,3.5704249644081782,0.478425361253517,Medium,0
455.28953279575927,501.92345696636573,0.9347137909647485,10.97650065916377,Sandy,Semi-Arid,1249.0973283435228,2,77.2384736915528,1.5459260654783635,8.520573142430363,1118.7637782319382,14.834143677054012,0.6877020336804922,High,1
345.04117380111217,381.1726398787888,4.330608870965422,6.500543247155362,Clayey,Plains,827.0275791429021,2,72.22316122165506,0.1,9.567114084992191,1651.941422743449,0.820678096190539,0.4664486251141815,Medium,0
482.0969866101333,419.5406293041983,9.688004677887161,4.086430392586025,Laterite,Plateau,784.2117670465284,2,53.44696615450968,3.7246364219606813,15.357208600422556,1203.8750962035756,5.726999632405743,0.3195812570523007,Low,0
433.15079254637556,210.39804008155784,2.0684252943887254,13.531961143126663,Sandy,Plateau,1212.5515288698994,2,60.80566000446192,1.4258156796466168,9.844219119142004,1326.5919104978261,2.311351044243986,0.659545682614623,High,1
416.85456007001653,141.23010199073718,0.9315094511491241,1.5250667591166494,Clayey,Plateau,868.9087507042805,0,51.25262558793643,0.1715828372309413,6.6589157202430265,1056.7131687751566,0.7915811740707069,0.4731561543315507,Medium,0
542.1250050065138,382.0095198901064,4.184993355044993,4.7837838240852175,Rocky,Coastal,1036.1354876141013,2,61.00773617389992,0.46193412683609375,6.665013355197657,57.19467832526061,2.996813206980672,0.48250642988161524,Medium,0
563.6261565070957,330.12169026872806,8.197575594218346,5.118916444508816,Rocky,Plains,1131.6788544247797,3,56.07181922023375,0.3630338458947953,0.41929972796529746,1291.0501857564009,3.3510430623539027,0.23134736047833118,Low,0
370.4248278584209,292.8933249209071,5.518368304736774,14.52491881916969,Loamy,Coastal,625.9699222546654,2,44.29242167194086,2.550351753345111,15.205505263591235,1790.5463262987357,2.7112333440117453,0.7605296194368198,High,1
363.627263903298,326.4845776759588,8.122825875321887,12.420576652439536,Rocky,Hilly,1034.6976976387707,2,75.42350294194107,0.7828297794588426,12.433805247568987,1491.9346629978506,8.707756095641072,0.5650011644986992,Medium,1
408.7422454272534,318.7822578949847,3.0762674139661446,11.481784430926593,Sandy,Plains,1372.3155868415683,0,78.49689448436615,0.30054421473824267,9.383303290693451,442.6282355922315,10.96580495447222,0.5740958095291633,Medium,1
104.71182528966227,434.05802318242735,5.575310570572784,6.0080240128710045,Sandy,Plateau,565.2364996911365,0,48.903055002572785,5.492877652021202,15.164246130727676,1030.7364920975028,0.9661679790389053,0.5722828447990844,Medium,1
222.72134067021716,435.3982701780347,0.6035918462976914,14.278534011525325,Sandy,Plains,1057.4681110909298,0,64.24906104170172,6.898558911794981,13.37562930833344,1075.3702732321717,1.102852488422714,0.6022489600174216,Medium,1
655.0311401166787,345.3064422808417,1.7125279799516857,8.105056011522914,Rocky,Semi-Arid,609.6862928968994,2,49.42170077196292,0.3281702543434301,10.697522599077697,1477.1072886676911,3.2809721353163495,0.42777256690729015,Medium,0
696.7451570251926,381.4963447075514,1.9742300807019135,9.931790110909366,Loamy,Hilly,1257.4891893441395,2,57.04913448594413,0.5756764509200981,7.832945496375171,1272.0007993002555,2.3156424204104447,0.36782403231442123,Medium,0
412.6445940665433,341.6875062909731,2.863991082082121,7.539086143318621,Sandy,Plains,1254.1669543124199,3,51.62020262418227,1.9729248654451246,8.189289035805539,50.0,10.274594222902195,0.2080344231021945,Low,0
536.4835444583649,224.6596321558457,10.584605909109012,6.851600286030245,Clayey,Hilly,775.9871809128155,0,50.47403975890484,0.3588564717150688,0.6082851116925552,685.419552527521,30.0,0.5542425302597437,Medium,1
496.6875231815304,370.7877609895768,8.295319195126499,6.244663978220862,Loamy,Hilly,1673.370028266802,2,60.28198755200682,0.3798921168435821,13.365959554025187,1018.2588553637227,1.1988358072004823,0.697240140469584,High,1
911.8321212682856,112.66059173688859,0.5779094345154377,6.3710800197425135,Sandy,Semi-Arid,1287.3188581980496,1,36.21568546405774,0.9027502852874923,7.017761868269487,874.787932524559,8.626641426369126,0.3837586109247776,Medium,0
617.9362367151865,406.466986275506,0.7587850619717984,8.825474946034237,Clayey,Plateau,1147.4251447976592,2,51.725037933960834,6.554405211633928,13.329691710826628,1098.5787969452526,5.607443372955574,0.38748513964285436,Medium,0
430.81236127788503,136.6572472280758,1.7704289614677757,8.101599396326165,Loamy,Semi-Arid,1127.7138136371475,1,106.18693105082659,7.22012302503987,11.666950412012339,962.3961930436382,6.204098739502927,0.3803685554685146,Medium,0
306.66893390993613,314.29639441536796,1.3741542264159898,6.905585889388949,Rocky,Plateau,1244.3744182221783,1,39.50676633901076,4.056406094907886,8.508233997348409,1080.6726215319518,1.842750973407629,0.42022367937516275,Medium,0
209.03305196136412,178.58152498886093,3.815668778905329,11.528571978096563,Rocky,Semi-Arid,551.525157464544,0,53.43649071510182,2.617524083405516,12.205629738436643,1594.5920540930674,0.6135002966585,0.42710582540437825,Medium,0
480.51954538008346,346.4066779689312,9.322952702788948,0.5,Clayey,Plateau,968.1126594613585,5,61.45729810834468,2.805821590520284,4.101775664207922,1781.9459241130326,4.701794711764664,0.4129600686697157,Medium,0
336.5473882073545,275.92897288865095,13.111483403502085,8.529661743763585,Laterite,Semi-Arid,1034.1166348820645,0,55.84475490293327,1.3949598093323028,0.6293198735480878,1120.110374868179,5.703831264404778,0.5170582849102533,Medium,0
236.66194356034887,88.62928502040012,4.240678503260988,9.153216119976939,Rocky,Semi-Arid,759.9523778441039,0,48.8333128939811,1.6617735958664515,7.242129420510491,1492.7104902489277,19.788965648419726,0.5742307547735833,Medium,1
353.014067363621,330.48395572221744,7.284568606553292,10.440888604765508,Rocky,Coastal,1062.678344305388,1,69.61622787719597,2.213990871382404,10.190985559142444,1409.6687896065646,6.747847895617194,0.6824981511924109,High,1
287.76779945784074,210.64950678007472,2.9794650010934474,6.805385676839917,Rocky,Semi-Arid,1331.0930051519022,2,59.79253661440763,2.891042075668341,12.297634938311438,1884.9597587175358,3.5185160425510125,0.22007821435384883,Low,0
703.0712452608848,385.7376064976043,0.9344271363595354,7.623760202151873,Sandy,Coastal,752.3808192819328,1,50.51862863033398,0.2240972546543784,8.464548096463597,1535.629399126519,30.0,0.5449810830334673,Medium,0
582.2459635424176,280.15908264812884,2.9751388618588157,9.957845149944163,Clayey,Plateau,880.951494870043,2,68.28723450627012,0.5604422258464314,3.4935105201561694,2233.192032671481,2.80313970694256,0.3784848822589736,Medium,0
448.80410380250737,327.45051824656457,3.2394665410154007,11.47349921284054,Rocky,Plains,612.7951464511194,3,51.671911893646715,7.249666981954719,14.5216001041064,1548.841697991106,1.064423224177726,0.3145487835867826,Low,0
671.9916208335039,165.09172539817456,5.426283093142335,6.098392044463695,Sandy,Semi-Arid,274.55384656622266,1,47.50130865064474,0.8980008273206154,6.211020957801487,391.1065263112838,5.773694723385941,0.6932640555218035,High,1
461.60524614714274,209.28013222871658,0.9932454294145905,7.800927349382681,Rocky,Plains,1172.6262631821787,5,65.05359396870556,0.68777016863641,9.937063679319225,1871.703051268372,1.8575266266410084,0.47433883104125446,Medium,0
320.80736980076045,224.96336366786986,1.8374284654658468,12.035721893046272,Sandy,Plains,890.9931718062634,3,42.31536323727721,1.2056615622679752,10.520895818821849,1660.066151507825,15.322056124140651,0.5021302978638942,Medium,0
678.4686115904486,382.8042976291067,1.8103996286547839,0.6279187723634472,Rocky,Hilly,916.6527960034757,1,79.09418614235905,0.7563335607447701,8.346422786497115,1649.3443297551414,3.350317092222277,0.30510995913680455,Low,0
530.8365065526988,481.28525053665874,12.819851811260298,4.929962200556244,Sandy,Semi-Arid,554.6292336392655,3,76.19306472168317,0.21033855938776666,0.0,544.1781325306154,0.9724060694726999,0.7676921488869425,High,1
294.4130768510315,183.37938979085484,2.3475519896513184,11.397507935808889,Sandy,Hilly,835.0737648373332,5,64.56271802197809,0.5129185874853954,4.640613868607339,1746.9327867067686,0.9163242075608145,0.3790677602561923,Medium,0
421.4491982874588,409.2217773589216,5.6275227280004785,10.27761350082491,Loamy,Plateau,1283.8078262137433,1,51.01379345889008,2.248609502149964,10.33309532260548,1693.8370902260465,6.292754317910463,0.55006813777945,Medium,1
318.6572619922864,20.0,5.558180659035388,8.567335632780082,Laterite,Plateau,900.287467872811,0,45.18627241148258,0.5556097962396432,15.867852885253235,500.3721015172032,2.7332661771853566,0.7797090013259328,High,1
242.58004035534958,136.69727186892527,1.234501765915526,5.65420938067264,Sandy,Coastal,910.2143153193945,0,30.0,2.294993989460528,11.391640382848307,1554.3915233291214,2.7127422436961885,0.47133304903246104,Medium,0
588.9266321297462,164.946585257587,3.393310662621544,4.3545445030437415,Clayey,Plains,972.6348972521979,1,77.39165973396433,0.23199088643201543,10.431722578584635,1346.4027820660938,5.685511346488396,0.4568095723371108,Medium,0
736.4124960705196,117.69895726711331,8.98871103764036,5.226353142272879,Sandy,Plateau,467.2662550577404,0,46.366754591600895,0.1,0.0,1204.6513931952004,1.5024092603732206,0.3982409158424141,Medium,0
240.21486392712882,89.96939322549039,2.578934783258913,11.644024662456077,Rocky,Plateau,1118.7221624358249,0,62.249202304314494,4.350222263770443,13.284570092996086,1158.0796281649841,0.9429289345542906,0.5206651718527533,Medium,0
534.4453855035856,329.5598694565357,11.61024350581144,5.114671932533961,Rocky,Semi-Arid,460.6806597794593,2,60.387768782475874,3.1398961213127636,12.618833205665947,247.7989924541273,6.424742773418405,0.6187717108929638,Medium,1
352.403614631726,254.31187627265663,0.9655265820764399,7.304268892718974,Sandy,Plateau,571.1345465523408,1,37.92986753356096,2.4127337788707477,10.848498353790188,1165.6510996125205,0.031504787840220955,0.25892714950466705,Low,0
376.9311924352956,325.5286477126132,0.3082115183564126,4.738877065414762,Loamy,Plains,532.7748308474924,1,50.74679561198189,0.1,9.349430138981944,1588.0535871029724,14.27452825197977,0.3216551155041486,Low,0
361.1409113641696,362.85672233458155,8.882320256153198,9.528322090297081,Sandy,Plains,838.671261679309,1,44.40339554826677,0.6018916672903696,10.527397612790306,788.0146901537072,1.2124835525526985,0.7649263491659081,High,1
320.40138454802764,311.874039180704,7.527118290971861,5.383821158960677,Sandy,Coastal,776.6415537617498,1,67.51701819391062,3.6805706703984984,14.140016304547352,1171.6025340655508,3.5636790366606492,0.5292726901364618,Medium,0
457.27824419172407,358.93158113804486,19.619632386973677,6.707218329536757,Loamy,Plains,899.571236592111,1,68.04608784412576,0.3437834174061648,7.736170533990165,945.7801652311313,1.4255739033425678,0.5014621534609012,Medium,0
325.35748253834436,271.65612565092766,4.550162909793905,1.9498536008715233,Clayey,Plains,583.1603440782449,0,55.07131216397607,3.6868990954637444,9.883837989900668,985.5188182945183,1.4770889052146439,0.4702917997953027,Medium,0
490.56852386697585,137.56079340331064,11.03871694424988,2.1598952913851805,Rocky,Semi-Arid,1251.9233621072324,1,47.88691109084955,1.9307895066787177,6.466988993384378,281.6015092525828,10.81090854027727,0.504204090477313,Medium,0
442.46428358262943,406.9377016984955,7.016676300771746,7.023019579964519,Rocky,Plateau,1191.9096490542158,1,60.25553051819574,2.966681193948499,8.078737957348476,1530.2330211475544,5.277345100010084,0.4074818401540617,Medium,0
414.15779297003854,209.30654406626476,7.44254367020059,3.0245285344067145,Rocky,Plains,839.1652704878978,2,71.28573999742339,2.275349870622688,8.572859300835605,1209.6331187970907,2.239007048133078,0.4964770834950787,Medium,0
313.8654506937603,167.7284441485089,3.367902850271474,13.315259918003507,Rocky,Hilly,732.5716491942217,0,40.221416865832,1.1870104837023376,11.065118643653964,791.4204237805322,1.7348887189955127,0.4663498989257153,Medium,0
363.4843004147501,258.6498549034722,1.9274278395534563,0.8154306636632516,Rocky,Hilly,697.2248773291802,0,83.35203445685441,0.759614223976839,5.513055672800944,1798.6897352462795,1.436113532094475,0.3946000818501464,Medium,0
563.3086838738634,170.46268968441842,10.906368533282778,4.599474104007688,Rocky,Hilly,791.4492517462622,1,55.074500815576314,2.4573279518156506,7.403704228817653,1628.3176559306507,4.850652650521289,0.41844699602544433,Medium,0
525.1375781436572,229.90835416126814,2.2633607065646086,7.050102601802651,Clayey,Semi-Arid,409.91416993708816,2,56.57403055746752,3.618150365084088,9.657718739892982,1166.5953144060443,7.873568119776317,0.26856486534293944,Low,0
303.36671328021737,321.286470587616,3.0958619385529786,5.904601186612647,Loamy,Hilly,564.1374407258559,1,77.2318691970987,0.10068083420849536,7.354967864661058,1824.8573645097288,1.7543780619486462,0.6509347557826816,High,1
464.89984581438387,321.8010087095352,2.363187776299241,3.687563630008243,Loamy,Plains,1201.0421371947382,1,57.33051891230577,1.0513556474044257,8.78179643997052,1991.6249489120137,2.4235031938291645,0.6011486974532437,Medium,1
562.7080685057683,172.26039202892449,3.3279666641435037,4.126216481514196,Rocky,Semi-Arid,1005.634370126554,1,56.73855759011128,0.9501938418164636,2.047876186111459,729.6896446473829,7.645633374680296,0.4463396083384946,Medium,0
199.58920783179423,221.47535524615066,2.5433268241607117,4.028037767502284,Rocky,Plains,1471.996070091786,2,47.038576442464766,1.8035130065363603,10.75236723295549,642.3806836993572,8.019953421003176,0.4937584377151369,Medium,0
531.5040288569903,408.91996057242926,0.19662467059593758,6.1398349155398115,Rocky,Plateau,795.2816974407375,1,51.07488038752889,0.26609824006598315,4.9562182699164,83.94905981118859,1.394037874797046,0.3621193194458837,Medium,0
350.606436158123,339.56801412807295,8.549916375655735,12.855787268552271,Clayey,Plateau,773.4703705125964,3,49.52629555697638,5.96055281238216,1.1013068017201455,845.6701837074914,2.8895656201706164,0.3935442432276569,Medium,0
535.589800288974,529.007804721825,2.3507821724088878,7.233811889674629,Rocky,Plateau,757.2353764097231,2,36.81178499482737,1.7494458284947068,9.445652781786551,1006.3240216197731,12.239374137462892,0.4196729752505066,Medium,0
335.51112651862246,421.6153808489833,3.5560998625190163,10.548701468162571,Loamy,Coastal,788.292430873641,2,33.03693047108062,5.662304211658837,9.688010506424334,384.37538760661175,8.086879990169763,0.5225833740976122,Medium,0
179.26768490032214,417.31516822719266,0.5995156800661338,8.520929037484425,Loamy,Plateau,669.0160953986907,1,55.22081987037473,3.7354819823701457,10.17664574827564,780.8058036309272,1.0639705922907705,0.5737523186107133,Medium,1
205.8686343175256,113.45577394530378,0.01357439893598485,10.341587193946662,Loamy,Coastal,994.84587514052,2,41.427310454394096,0.4680420090156205,10.250854993242404,1569.7789165753659,2.9261998491160113,0.4090704635048084,Medium,0
457.2127419992073,371.66324219601074,1.1256873342397975,0.5,Loamy,Semi-Arid,910.186423501944,2,65.83190516520213,0.31229925709573636,10.114301835774228,1331.8241209199864,21.737153121797544,0.7038388827306139,High,1
488.9583752582223,273.62718379637073,4.877510501667694,6.086625936555311,Laterite,Semi-Arid,721.5299243566046,0,55.350964057212074,4.345183163405719,15.342063075796103,819.9555673528689,4.471414483652842,0.5244454928082734,Medium,0
314.3525062343387,213.88218357541007,0.41786379744139956,10.921406269452142,Clayey,Plains,1337.9021195566158,2,38.85173776218876,1.6897908434777271,12.177377337918006,1819.6645455469961,7.623799502900887,0.33856914451929526,Low,0
545.788868816606,300.1618408639034,9.582638471956514,5.284792531751999,Laterite,Semi-Arid,1563.8040228702075,2,76.29709966874614,0.1,12.692719956697259,526.4176510724743,0.5792968034940806,0.7499138173919206,High,1
200.771990659656,393.425384153378,0.9684012495409986,12.287419494608837,Sandy,Plateau,1308.3020219506902,3,52.8831591213854,5.9873924759779396,10.865261697111364,1450.2379496852543,10.720988427070417,0.6297410393196301,Medium,1
440.08803020290253,340.09979092050537,0.9156084717711188,11.451670461303284,Sandy,Semi-Arid,1095.3434045791882,3,64.18119260613113,1.4093389655052873,12.328953926877556,1083.9286833485405,5.569950966347852,0.4975594988191926,Medium,0
268.3475700356315,174.58314383895282,0.8011664372248648,5.592607851617613,Clayey,Plains,1166.6194041923209,0,77.72962340060631,0.787629509086696,5.851428563155416,1247.7369719566846,1.1585997247866269,0.4450767845718518,Medium,0
352.22458382967613,369.0950696311144,0.056321511477213454,5.49050944286093,Laterite,Coastal,1549.7454312392174,2,57.59399269177368,1.5991940950817887,11.243166785650825,1350.3494667309913,2.8702645529366233,0.4651254509400969,Medium,0
457.1098006974621,203.48949495088434,5.910227221497237,3.959182472936594,Rocky,Coastal,1166.1117605157983,0,58.167804698072004,3.8085180796858884,13.812669512248394,1798.5481242599756,0.52006740103629,0.4835089920626292,Medium,0
320.93799520740714,306.00197427571436,8.318871319223815,5.111217304408607,Sandy,Plateau,695.1849515902504,1,75.25743455809719,0.2570981294885495,6.949344511354975,1554.6804734432985,9.00378432053078,0.47497755818114495,Medium,0
392.3166683655262,243.5979919027439,3.8093580309829678,3.3022328074932545,Clayey,Coastal,1037.2953843276919,1,54.47302269365727,0.9781665352867586,14.874748219176482,1746.7996511929616,8.196104018849411,0.7714709995617698,High,1
600.9439213821661,253.73604979172492,0.8340050080401422,8.286433541299017,Clayey,Plateau,1119.1854931221612,0,70.87818823623803,0.8447938645336661,6.319906874155183,691.1477435782909,4.042785820062701,0.3666890115893892,Medium,0
363.4662195715277,371.94915700486115,1.343446475213821,2.6318605199607,Rocky,Coastal,551.8489540874281,1,57.11116232252776,4.026865391056568,10.369721017733493,1055.7501352093655,3.609059465567246,0.49197666971493315,Medium,0
575.3538168097713,155.17675362209224,2.5844948556799308,8.811199048570666,Loamy,Plateau,800.2742134748878,2,60.043750596454856,3.315806916746069,2.9372991596504487,726.8559424964888,3.7352893343038147,0.4158972352309742,Medium,0
280.5439718013573,513.4234089132319,12.346651971690264,8.884236090700746,Laterite,Plateau,1285.137138419413,0,59.87613167464143,1.1241978654752887,12.010518108197447,546.4697015314982,0.22912018652320987,0.25848477818555626,Low,0
529.4706266872925,61.469671684660426,1.1366271573103113,2.0163867844482324,Loamy,Semi-Arid,261.77754273264486,1,53.56226228327415,2.402616653053092,14.125634460107484,1651.8068504561224,2.755521396726967,0.44841946059240106,Medium,0
666.235293098685,208.27987800941713,5.261791666116144,11.649455818985018,Rocky,Plateau,462.3500092357921,0,51.5824869834335,1.1035435015964183,7.873483927361976,220.88256037453903,0.8252638946768687,0.3970256105864377,Medium,0
80.0,324.4254267930089,2.31533465923729,8.540827883245665,Rocky,Plateau,838.2575312300853,1,50.16879941778299,1.8634664083636399,1.3447918854690775,908.0337534096502,1.225874567323216,0.2888985505738388,Low,0
330.46571167942847,350.1176999722372,1.4144177844683514,9.249094064334606,Rocky,Hilly,1023.7878584269965,1,42.45258446463522,10.416434809436684,8.183705439822079,925.6470751104891,19.639470759063965,0.3739944383107023,Medium,0
536.560819077081,267.9429135313954,2.4346060661258586,4.724004395371683,Rocky,Semi-Arid,424.82864426788257,1,52.64088363691752,1.6872989112250993,3.5756104354140765,1093.8610943382055,1.821122716413449,0.639541999293653,Medium,1
419.5431920935511,273.1131156398149,0.295476324477908,8.867137355419356,Sandy,Plains,855.6237619169206,2,54.81574836394189,9.838241507241246,8.46019798686515,628.0669317203784,3.965531903001135,0.3376771007666967,Low,0
505.6718810056963,329.26601023931397,6.411584843000893,10.379180349166196,Loamy,Semi-Arid,1303.8189886809982,3,62.89035266932117,3.0253367790151535,12.178281910912641,831.4028460708737,13.124431546752039,0.5109935225656083,Medium,0
359.4022219926269,252.27166270507837,1.1151638126711048,6.7041748029859685,Rocky,Plateau,924.0280099759993,2,56.89253153300324,0.28303988444106015,10.361748509366654,2132.6100973497378,3.2014075220923615,0.273427602949638,Low,0
462.988468120935,447.18175095218874,5.169935740707983,13.005767377745084,Loamy,Plateau,1228.6811302708957,3,70.92875033947074,3.4968328091257153,0.23931195137008388,1069.1995759944211,4.512520617196124,0.28990814084703515,Low,0
426.64841469118807,380.7218937077923,0.2831852931224506,7.132193904738813,Laterite,Plateau,692.7600575327489,1,70.38895565601517,0.38694718734053496,6.373306831678207,758.2656028341628,1.1092204482345267,0.507455259385392,Medium,0
625.1673092489712,384.73892212067614,12.413141312338833,10.422357401357424,Sandy,Plains,616.5291001237864,2,74.14286372160831,1.6719766455981264,9.031173174277505,1317.75194653398,2.0135026855325395,0.6374653636052032,Medium,1
488.163126495182,164.06119319554995,0.8578007206422321,7.879026421775965,Laterite,Plains,1197.1058405997667,1,55.57190880356241,2.0899218287257173,14.927223096774854,1237.8265835614006,4.232705288303219,0.35958771599410744,Medium,0
500.6403993112803,270.47338907131564,8.57351717446315,8.756564598570604,Loamy,Hilly,1029.2429371296664,1,51.86788918145032,4.901072388018239,7.261481385362322,2162.459571457967,2.723850912035953,0.3686483439513621,Medium,0
388.2184550816299,243.94408615351557,6.631849849452596,1.986003197095684,Clayey,Plateau,485.0413972789393,2,41.59027171867695,0.519770796056133,10.489116726277487,1063.3802742833864,0.2340399884486157,0.49046986897378614,Medium,0
376.859066389126,159.3278349172641,13.750606226216362,8.11316121464609,Rocky,Hilly,619.7056793430238,2,73.70110160208228,4.591414661032424,8.880414950885491,1443.4852645849833,3.073249809151162,0.615627291875229,Medium,1
385.11627182705683,323.21970207349204,2.599513004975218,4.795074696228202,Clayey,Plateau,1447.603434370095,2,44.14641860149846,5.9963422580995855,5.065047157437892,600.0358099276449,10.127827888156235,0.42373497146969635,Medium,0
509.1678213567445,215.48250906642204,5.19895933028577,4.460805082666937,Rocky,Plains,576.4056731857394,0,47.186778914315575,0.2062444732242847,5.731114133289738,840.6707604847466,0.7401927708164644,0.5790591836856711,Medium,1
386.85232787696054,358.64845958202847,1.8526564933680896,12.232309553397936,Clayey,Plains,1227.015061354099,1,60.7088588086987,4.763672135643363,7.04370642274503,889.3813130337045,0.11345429353163339,0.6252157039701428,Medium,1
493.46622853446195,151.5770124526802,0.8151691918195131,6.358689255812953,Sandy,Hilly,732.6346559682052,0,54.29372451584895,0.6599948603333134,14.360332191840712,458.778192388427,0.7581619016200616,0.3980448410753936,Medium,0
761.3101197968158,486.28487354101856,2.341305492734253,3.9900945070735103,Clayey,Plateau,898.888450131504,0,75.36766724359988,0.18583441731135802,4.112420211389386,1223.7032088896688,6.966824764968492,0.6848556921708271,High,1
580.6687055147538,172.4400809689526,0.7248839244630206,5.922605115673376,Sandy,Semi-Arid,1003.1074173301803,2,48.78947134143962,7.004481368832104,7.100615065013602,1325.8420863532253,9.498079987166864,0.4732647840743545,Medium,0
401.0964701748238,306.31628046405234,16.07946257076274,3.098649313234259,Sandy,Hilly,164.65657632514046,5,58.348906550596794,1.0954132992244587,5.002643806200616,1263.6862278817207,0.29972234531001607,0.5594036512999252,Medium,1
630.1820883245917,375.0231172465681,0.4047944918459031,11.301653404588809,Clayey,Plateau,388.0489326004453,0,35.76718465981626,2.1460259469856324,14.525569338515748,394.44119432241143,13.111527813666491,0.5724182936034901,Medium,1
388.7886940467673,211.52314837598647,3.5587093577509172,4.912957767500455,Clayey,Semi-Arid,930.216556575507,2,72.78596228932736,1.7708083278891642,9.918386243196677,717.2330694518599,5.922297138354039,0.5442109075798324,Medium,0
144.28131972332193,382.29623721195406,3.9389620240398693,8.587899801831007,Rocky,Hilly,646.4923526756419,0,37.89044488793113,0.5274680828946111,14.85326524759139,1002.6911738166582,4.380502255451409,0.43596935225249694,Medium,0
298.78705336238943,132.49796826395004,3.0894502937861588,11.068320142630975,Sandy,Plains,1248.8034533461177,2,87.85256873779689,2.4361645316949794,0.0,616.5265804397973,1.754896568155254,0.23310734557869045,Low,0
169.38121184612163,454.25412390190723,4.341037970034623,5.499541956355812,Loamy,Plateau,337.8576916961564,1,56.59124482618566,0.1038667263682288,12.638847036764105,179.63237288827258,2.788428123032878,0.23845749229509627,Low,0
397.27297739380367,281.697911795891,0.4940109355062582,8.596067296818358,Clayey,Plains,1097.8392696902954,3,54.55136736289628,0.4994433659983167,3.5008223064704866,1679.0082206566717,17.621755220855267,0.26836845566062856,Low,0
452.76275687843275,208.43063104373445,3.2388905004398505,3.9097418352867104,Sandy,Plateau,418.3225728584858,1,57.62031632054556,6.367519590777672,5.0512207529590505,1955.0878485595576,14.551665231758353,0.49945611739816315,Medium,0
701.4655968412924,244.09818730870785,1.354288156971155,14.337308707341052,Clayey,Plains,776.76325204945,0,45.111592387935744,6.750622557006306,7.05280152886495,1772.1672399385216,5.892412981850397,0.39172931615338,Medium,0
499.0391060646244,377.0703123271263,11.26539767547749,9.809140403849867,Rocky,Plains,527.4677825167126,1,65.8947003088144,1.4499005100362397,7.906380514520521,1345.9850123601539,5.189469498800014,0.46506503688462786,Medium,0
417.13492067867037,209.86536497794742,5.743142862050346,6.422180683717582,Sandy,Hilly,1565.8504581649192,1,53.09733873891593,0.40746599579246096,7.915713728549577,903.154752279946,1.4184721175994328,0.43039390613258577,Medium,0
574.4108371775234,190.07707726926668,14.376384148061483,4.681498807333108,Clayey,Plateau,431.1777429604875,1,54.24828152929435,1.2045534433008211,4.446879051379184,2283.9478180341493,18.38130986981034,0.7334725418927593,High,1
118.32970364881726,253.41560828995142,0.15311787517026232,6.658010341481121,Loamy,Semi-Arid,857.2791066208418,0,73.4213323446218,4.611523333811865,7.475987554288161,1735.8695760891173,8.448583061670053,0.5697426402160767,Medium,1
485.3421837162849,138.76454646760382,1.3426360505219528,5.980048832945442,Loamy,Plateau,295.6073481929468,1,37.36285339503134,0.16030392059320173,7.524106904505666,789.0629937634895,2.89012279823603,0.3218027594473507,Low,0
565.629779083045,498.46526895301787,0.8697523669802869,12.85883366199852,Sandy,Plains,1459.8495427247065,0,55.650899116062,0.3009933347682473,0.0,1954.7918856932697,10.15142563270302,0.4128983692020217,Medium,0
228.21206313302378,212.03264905423322,0.04486906504783019,3.3233958333552933,Loamy,Hilly,1040.4488456620218,0,56.68719578499182,4.972070219709778,9.721599754295346,1282.6311241584033,1.428588862414014,0.28552612301582264,Low,0
621.5631064810393,379.79401434164845,1.1100068359095252,7.404404269870611,Rocky,Plains,947.9405813595338,2,59.65672283887877,1.1809578712998003,8.067667803435489,1860.093342775247,1.4389056679181274,0.3122145770565225,Low,0
500.77446112416214,305.13641003773273,4.542466114390968,6.94498580009887,Laterite,Plateau,1416.009528752104,3,51.325573522051094,0.1917257022643582,8.961117772915095,1997.0087043166325,9.391413381770118,0.585896412932476,Medium,1
387.70681291487983,161.85591394216385,1.0511197985101448,6.647769098965392,Sandy,Plains,951.5978544979143,1,54.171620415523364,0.32978799628354805,5.513194809961327,868.9801378498073,4.9164541009320555,0.5400749669782544,Medium,0
544.9172799159427,279.2854348944725,2.8452726739537835,6.674150035184972,Rocky,Plateau,976.8499746493769,1,80.19065032238771,4.709927208789728,8.126990460448974,1132.6834173461498,4.86935888134143,0.4544134827853549,Medium,0
790.6039286706593,374.0803335172898,8.750535005517436,6.651787569638549,Clayey,Plains,946.103850822803,3,63.99341390687839,1.4818039791893296,0.0,1323.85812338054,5.115261152358518,0.3404741846001467,Low,0
477.2799382587743,257.4086397896432,4.733517519287857,9.6191981989963,Sandy,Plateau,1097.2720139050919,2,48.651223828750545,0.3914336973186454,5.305774109914324,1246.2947235753963,0.8067233675325387,0.4151646659063205,Medium,0
487.23308794505044,423.17355350212335,2.007655604926533,8.826953339477306,Loamy,Hilly,727.6455156275581,1,65.82609151826662,4.938736153032223,5.7561281432334805,685.8495532335951,2.580628793904775,0.3942463751292448,Medium,0
381.09586506896335,402.58184713382366,1.8638484378384392,8.25673483411836,Clayey,Plains,824.9994424228337,2,58.547772900465496,4.105488349038425,7.749703226451043,1256.0613343501439,5.106947181527696,0.40786295136842454,Medium,0
322.5233445802812,390.2697825589995,2.4332820559815382,0.5,Sandy,Coastal,1183.617119960106,1,66.90330139316197,0.1,7.85029371548007,1053.715149344151,1.7068307979632282,0.55903686862806,Medium,1
574.5503724816368,224.84118732724036,0.7793977329203704,7.8993846224894915,Clayey,Plateau,997.0805330452587,1,55.55209429610075,1.9136936503275521,12.76932062201732,1061.789172155031,4.207136108103539,0.5324177598903602,Medium,0
321.58742611366995,150.41890626622157,4.020496169391856,2.033081919489753,Rocky,Plateau,860.014630064256,2,48.30639831646987,0.6163504747764936,2.4399611472434675,412.82203065007127,4.885590340153714,0.6785644068679516,High,1
460.73493558290886,206.36948735646467,1.8111881045011249,8.938960489407476,Sandy,Plains,409.8171631392507,3,37.977725843310445,1.6757771394199286,11.603689430389885,1083.5602917107426,17.168664235153894,0.38035496661668033,Medium,0
378.3513829852325,303.54891288000647,7.652058533082297,11.423492102711544,Laterite,Plains,1424.3175995878082,1,71.8282330968614,0.7204744309151433,18.017098309907837,2271.511410785326,1.6923937182194453,0.6523603016737303,High,1
521.8469738619588,345.4944056238827,5.651418491675347,4.221282662234348,Loamy,Plains,668.4910615172303,2,66.20939861179535,0.8351563040187989,5.560261459246211,1427.8862430146883,3.4720287582131046,0.39830824318799696,Medium,0
500.04931579304224,20.0,3.771700846619829,6.21465783297188,Rocky,Hilly,1245.5330334467399,2,62.28045710381437,2.026052205754872,11.664705972079517,1041.8704335784319,23.943544235611306,0.4046027055152045,Medium,0
605.6309916386849,279.02641580658997,1.8114989053712267,5.201932884841009,Clayey,Plateau,961.5137780908299,3,65.78651926553191,1.7029139851078121,15.165364296139337,1469.1080150847142,1.2405944879492852,0.6540283897950985,High,1
373.49754017178793,298.9707070387821,0.9425441928913898,10.706295327270402,Rocky,Semi-Arid,447.2923170445454,0,72.8403381962251,1.1062587456556834,15.030513399744569,1904.3318379789193,9.08529785385571,0.6932279235189335,High,1
409.5187597059943,246.69468924213382,5.987149687225494,7.285083655816219,Loamy,Plateau,1338.2964171357153,0,37.80286472294175,0.2503708397094132,6.543187395526624,840.4420470646508,1.169924264919771,0.3721107155189235,Medium,0
303.1854426326539,434.95286068190546,2.6653129714698323,12.184988141699,Laterite,Plateau,989.0892262398388,1,59.00003984127439,7.672580463892335,13.411476231946484,2043.076321548764,11.38458310966775,0.4102416785101189,Medium,0
383.35601098858325,330.6136089101045,1.0182790809872033,8.241262608842163,Rocky,Hilly,1367.370874857965,0,36.27084014630479,0.422166549790367,12.29931973082802,665.8057700294797,4.016278509759832,0.17813915068992892,Low,0
506.59507395672784,437.2230289697077,0.8685197527431867,7.727350541907458,Loamy,Semi-Arid,836.1569547424284,3,53.27169413846286,2.2059684911319777,14.029124149024929,1004.9426775002697,21.48800865022141,0.6670782146271765,High,1
563.5482924968028,254.08473755797212,0.7232151783183853,7.204620347808509,Rocky,Plains,1146.417930488469,0,61.95896115772967,0.19001291316214916,11.451042871778089,961.4630643180434,1.118519426930025,0.11363457246931034,Low,0
311.6752013733562,392.497299100831,6.005226487384246,9.45397629777201,Rocky,Hilly,283.1155110292451,5,53.77655121872788,2.56466157771194,13.849397001170546,1808.7791483960327,6.987096286220199,0.42064941508728604,Medium,0
580.440888015849,476.20796734330236,1.040201138701463,1.7869414052639705,Laterite,Semi-Arid,724.9244477421851,1,79.14874683268228,0.21921529523548972,6.867555077078079,646.8491181751025,7.130156981578356,0.3956608389971984,Medium,0
653.3456788207427,437.40321391271937,2.9916154498048817,7.25603186656153,Clayey,Hilly,454.45233371905493,1,54.50715748104968,0.5735981908256362,5.705788468262958,1731.7666450534125,7.613744550485141,0.6211679519257337,Medium,1
512.0152354835551,148.94300878855202,2.4026101041409227,6.789860668816106,Rocky,Coastal,768.8256524865628,1,48.757285618675795,2.290739648604567,0.0,1107.7645078303578,0.6386249974631373,0.6248226041020333,Medium,1
731.5193718837099,249.55887069491428,3.4662982646706677,9.176256481473299,Clayey,Semi-Arid,1065.1341088271506,1,58.38387402794309,0.7316959202585982,5.886607832756077,1269.1583519274252,2.0427934976411444,0.25071748637505664,Low,0
333.931620134464,238.58023534602444,8.387324279487796,6.4368951823778895,Sandy,Hilly,688.396969321049,2,45.56902145847032,1.6744345611025726,6.449493572551847,1792.7480064302345,2.4750908530177798,0.5150293652054878,Medium,0
263.30179450328745,338.7105442091593,8.09216589482696,3.8837966975119897,Rocky,Hilly,1202.3447327735735,1,47.4824310788615,0.2925258326522824,0.0,1440.9076446213455,2.351926494844559,0.4531293623043982,Medium,0
183.1919626643582,362.362426601744,2.3991816456701547,7.022052024759097,Laterite,Hilly,600.185574757496,5,69.23769947108836,0.4975272201808128,8.223604306051866,1838.640068196054,6.743963096728068,0.39613409253823234,Medium,0
674.4066467233774,179.33287911691164,0.061942140449429986,3.75147841339497,Clayey,Semi-Arid,1209.8328147774926,1,69.8832622469194,2.9115171243219433,13.36268331769942,1721.845891773587,0.33834074996106683,0.3695547997927289,Medium,0
548.1548484531087,288.14062167003254,2.223597449631432,1.2242133622375437,Loamy,Plains,1358.4150080559127,2,59.88497912498624,0.1,3.4364704319457307,2509.7540983403023,7.857747240643257,0.5576773621177384,Medium,1
441.6622993634317,37.60872014126363,3.727582808418431,9.181367444456479,Sandy,Coastal,1254.734147281845,0,65.32360306183881,0.26082885927220584,17.362201367871698,1776.6218752053564,4.4866894534983555,0.4445508469529535,Medium,0
491.99529394797304,453.03340069622675,3.2636532769908406,8.737184718084013,Clayey,Plains,779.5338318595795,1,83.06071736878253,0.5324341781475276,9.855240029346671,1261.4724560569737,1.1396829657004153,0.690907143594204,High,1
281.1766429052435,218.51509111879676,4.2145874987312855,8.401272831980723,Laterite,Coastal,156.09124071955,3,57.29953465883303,0.1,12.2217952885529,1230.6283094030337,1.538020579679987,0.38849674854544874,Medium,0
816.862796942524,286.70367278133966,0.6693017666904472,10.908785265837434,Rocky,Plateau,1103.7584488580717,1,47.59740661732266,0.22052552334004405,7.755517163286381,2067.8620810414477,0.6160535101011297,0.4293475778688336,Medium,0
469.38317729628415,242.84203432143266,4.1598843516492545,5.004904329088225,Sandy,Plains,856.1678498496436,1,64.42904342201322,0.7269647983316708,3.551589004788169,1360.7336081649087,3.6866687430121665,0.5500976085005976,Medium,1
466.40921919073395,417.5233090016098,0.8067594390599109,2.706657571686235,Clayey,Plateau,557.5624709554263,0,68.0228739994648,0.21454800492598014,10.71275209733368,1463.957022135101,5.422044988070386,0.3286259964967369,Low,0
558.8649935848038,20.0,5.5535699337077515,6.789910669575867,Rocky,Hilly,705.3023272953563,0,69.20434250393426,4.4237757197195915,11.799207955125508,1810.0283564952138,5.218905918398033,0.24631606246214016,Low,0
522.151384760507,278.00675892089095,1.656535977820505,5.957499100882268,Sandy,Semi-Arid,1402.0488607556806,0,71.73020724407878,0.15038726714939557,7.142005903535671,1048.9975473085476,19.679382816817636,0.4489096689879403,Medium,0
483.5826036418697,267.30174910027625,4.95005538578514,4.4731128496897945,Loamy,Plains,501.9309297864459,3,69.93906065115269,4.340960977382225,9.27695006976196,776.8695498691224,2.105572043967027,0.2889440689642115,Low,0
331.4288316832032,225.56363348899805,0.19619630614303452,6.760452539536612,Laterite,Semi-Arid,1063.908211467424,1,64.24045926408809,3.8077938457520224,7.968722524366461,1510.7457704464523,8.614920883949846,0.5919016051266499,Medium,1
520.7202535703993,487.1471854762759,2.096048915151364,5.165184561386246,Clayey,Coastal,976.2853614730913,0,65.63074886540554,0.23365559818127019,4.748780713628406,980.9596199149871,7.704106503962848,0.43029404606372607,Medium,0
732.3036744712551,173.52046493730745,4.883587816446798,1.4919841499295066,Loamy,Semi-Arid,774.9143173678688,1,62.9290215369574,0.1,9.64116987107122,1985.173152255771,0.3797284954891913,0.6136527330870465,Medium,1
651.8130069232467,372.61554126827934,1.0292349457706176,5.676469927618719,Loamy,Semi-Arid,1125.5864405595664,1,38.927847570205415,0.11282675590894777,4.472908260390476,50.0,15.95599538495897,0.5661209581819336,Medium,1
688.9779939959095,322.75033464473006,6.344585998355116,3.590874499888428,Loamy,Plateau,1471.2858406146029,2,37.37809677863589,1.9635454374888859,11.819530575578774,976.9039060877043,16.068378745555798,0.4362281748335983,Medium,0
373.31764853532223,431.3823103042619,3.985447535112329,7.694944214832768,Sandy,Plateau,796.4099736398306,2,45.36080290867414,2.4414165345752723,19.593180727928452,1380.7191725216576,3.028417034378618,0.46912766871327366,Medium,0
301.55927696121284,199.93730982669933,3.5426753403493185,5.031895725278035,Sandy,Plateau,814.8866681730145,0,67.83757777047444,2.1324709050956536,13.497010681987145,915.300591326014,3.2443886178109453,0.30344433418061695,Low,0
431.1319619850528,192.04373210514893,1.7450306033612906,10.334894422423154,Sandy,Semi-Arid,1117.7227167465699,1,52.74806375456222,1.7154379047822463,7.074655377630358,1966.2055865993827,10.27536990929229,0.48182192331240964,Medium,0
458.3587368433042,411.5283888972878,2.6346079247923444,11.811598201803598,Sandy,Semi-Arid,1221.3849875022506,2,59.63444228650268,0.4223759000860891,9.747715878744257,1370.0608953847675,4.099545332724152,0.5085807381884071,Medium,0
614.1287277706423,331.03855699961326,3.6387433787523227,9.038144119035719,Rocky,Plateau,855.3024774979776,2,76.75952497532943,4.04483452548555,13.666747493316246,927.8319815536086,9.632696219009276,0.39472715927150615,Medium,0
196.1303055427771,94.60751839878895,2.5581383769947847,2.3469214540500403,Rocky,Plains,793.1191923672231,2,71.0042074575976,0.873036693315488,7.517326200368165,1388.2057050074977,0.22076301763056388,0.2898956555442599,Low,0
679.432547919092,215.28339826440754,4.793465186684868,11.51558799663712,Sandy,Coastal,150.0,0,31.924490226035196,9.41931747212051,10.792068812695836,554.4598954574506,1.7282577244150366,0.7039033093637472,High,1
426.2988152131516,326.3659184617673,2.2745035608343893,11.727161351121294,Sandy,Plains,627.6968806717064,2,66.76224994758039,1.0689839929279428,11.589790751720926,1525.7623214223897,0.5728900692992183,0.32712642461615143,Low,0
385.967839507887,380.5317065855907,0.9039562926068504,7.056371533923822,Clayey,Semi-Arid,501.24091477635733,1,58.67376550784038,0.6713827106166509,9.310454989494094,1928.1611607798525,3.6329946123963675,0.5301437839388364,Medium,0
298.1843437109749,198.4923216168454,0.9628569772048572,10.968778481006595,Sandy,Plateau,1139.618748709162,0,50.1301175373487,4.942707344126066,8.950670471966548,1191.646447798987,11.551448040818205,0.606557263812373,Medium,1
201.7714992201346,20.0,0.023282704634014804,5.3449745858599655,Loamy,Semi-Arid,814.6339679897053,1,54.06997065997392,1.8435439125218887,13.25605074842471,1262.6334904408127,5.060859433429866,0.4903173531416003,Medium,0
573.4755875942872,342.786782288444,1.432176183259815,1.4012621954512312,Sandy,Semi-Arid,800.9424380613751,2,54.23730912533824,2.815111914935296,16.663812430296893,701.0026811525105,4.407985732175985,0.34893020009353404,Low,0
460.99769507826056,133.5615172067229,5.5278970723527685,4.719146684135219,Loamy,Semi-Arid,896.8303077319566,1,42.26013735761178,1.1548294814486346,7.554588126394707,885.7171575778698,2.735249646713357,0.4811325720263569,Medium,0
256.50586503884193,37.919344225310624,6.322677084054681,12.187902598134269,Laterite,Plateau,595.4382354561101,0,60.93449441718265,4.79516401027811,14.20175246345783,1791.1993817765747,0.3943385458304711,0.6045034163936363,Medium,1
255.7381841904576,20.0,0.9049309823395386,2.5267602291655793,Loamy,Plateau,1443.6365153410638,2,84.11900457160041,5.494919260257577,0.5635576079942126,1206.3394121457663,8.725118559142814,0.3547559330569508,Medium,0
399.6322951064808,377.67770322372894,12.78102753152185,6.998563845794483,Loamy,Coastal,1354.3678690938139,2,70.19129308416902,1.26294368362708,10.421111570897025,2379.792932987548,5.074519247622159,0.4589692607608524,Medium,0
700.3532287934089,295.43409404859597,2.79185740591973,7.102431680020636,Laterite,Hilly,1466.3373740666907,2,33.685158711159005,0.6058573718911235,0.0,1551.698845288348,16.03889401518709,0.3475250528980952,Low,0
411.06129729545927,252.9212343145298,9.954634672141948,5.461077268096565,Sandy,Plains,1139.196030933612,2,61.495999088611335,2.2950201382599067,4.131949749748242,692.9741734390295,3.3934358241096003,0.5694600587749166,Medium,1
224.52855703228408,446.6829235555314,4.907127619466224,5.669435200488655,Laterite,Plateau,889.6826597423219,2,61.49471230611347,6.802175959535245,2.821011095343053,2414.9772813335558,3.0799688799252367,0.41504993252881417,Medium,0
413.1385403871084,356.4789619627687,5.126777830139154,7.2167474027086085,Loamy,Hilly,1465.1552560524096,1,46.06131500435336,2.142894361088758,16.18678896766728,545.5436369975937,21.97856628687086,0.458699044063143,Medium,0
409.09146453784945,473.95600512663,0.3555155536063345,5.3135129741958185,Loamy,Plateau,661.6616074304571,1,43.469411144408284,6.784714704853973,6.586703971322214,1067.8665908195721,0.9130183239556047,0.12681511011872412,Low,0
80.0,112.87174333996043,0.9937999343601498,2.733824508496207,Rocky,Coastal,595.0768573384457,2,68.77214058265369,0.9268639524204086,7.757345518994628,1346.7164139895785,1.745014502408047,0.6126321467702571,Medium,1
441.85577002232816,275.85392512552437,0.03541565506213369,7.645095828830368,Clayey,Plains,689.4709698305493,0,59.259116855250426,5.425276340313184,6.898686368097155,1416.7679382976148,4.018508632118387,0.3880653379701253,Medium,0
415.35982046869833,85.99439500623828,5.036922320587864,10.220099747334917,Clayey,Coastal,1083.0049434200046,1,52.27258173104663,0.2627285421187641,0.7688843762141238,950.4769318554859,4.448283197857753,0.5714869993269798,Medium,1
554.4309547220128,252.47412017734393,1.68905134374342,9.608717555960263,Clayey,Plateau,633.2631823143146,1,65.2305096684606,0.9778285849851578,9.4343800029351,1265.2805696118803,4.773958798170027,0.5773654846297925,Medium,1
727.3434142418018,250.16609754799873,6.179332250416804,4.570793597830566,Loamy,Plains,845.6194541237005,1,83.4078844025262,1.5007307415703384,8.381236759026175,1926.8083260987573,1.4303802220358883,0.8614353483938492,High,1
618.9847544321636,355.1936364715685,1.6556198140946068,3.246316253866973,Sandy,Semi-Arid,339.3506471403283,2,61.095627380509505,2.329246760001059,3.9392533918486734,1933.869438198705,15.691298839319517,0.6120456255143151,Medium,1
409.66669641677544,285.4676657370278,6.844415540842702,6.147436353535664,Rocky,Hilly,1068.3841828998854,2,61.4963398154908,0.7663420418434214,14.89885584190437,2171.6781421281485,7.294290799660369,0.48895544222319864,Medium,0
284.02111368874944,354.8088565935899,0.5602599203880454,11.703374529386991,Rocky,Plains,369.01382148591176,4,57.741251922945224,5.676386311568838,14.742665058874067,825.5722834659014,1.7939940044857625,0.20185154863107302,Low,0
836.0039704874791,364.4128159766673,0.7616076125943391,8.936794236878637,Sandy,Hilly,573.7436307971234,0,53.2933445553463,5.143980574582692,1.7116133539935259,1406.820379189961,2.0904806899943624,0.20603088833581618,Low,0
458.88276510217327,538.591441285977,1.6673776677354772,9.1118940303827,Sandy,Plains,1326.0084972138254,1,67.82941067298718,3.5334782255458173,4.5661780196998585,1486.9294225662134,12.739531304592191,0.19613319651488492,Low,0
452.0893937869419,242.16440136566507,2.100289100880037,9.669570855356483,Sandy,Plateau,1313.1114109451387,2,55.688930507531374,0.2671846815652872,10.349199611758026,346.6344987717911,2.8716552191509077,0.4104350991809736,Medium,0
446.3812369334995,167.0772759200345,1.715156916725689,8.262299687555759,Rocky,Hilly,1031.0095813412743,2,63.99905969873706,0.17935647499578997,5.675054921679266,1104.6324931148622,4.87649660114271,0.2534379158685754,Low,0
479.71271411517824,309.5300338379691,5.769715865551617,7.361825642840736,Rocky,Hilly,996.4822536073307,0,76.00740986535685,1.516717524013973,6.9119507738674315,1535.92047305827,0.7699107894157848,0.3760128652163268,Medium,0
428.3459382114086,183.72639674325478,0.40791559300215763,8.986920689943904,Sandy,Plains,714.1641234960093,2,66.93706566396291,3.1891939771019477,2.911926804308509,1183.3062943699185,1.7399708605543724,0.6013731676278948,Medium,1
363.95069896796457,457.8352922123843,1.7306280360537336,5.361501687345941,Laterite,Plains,629.4837176902295,0,42.71586844678792,0.2893380597460738,2.9614695622209934,915.2349369127618,3.2330536089517503,0.49080528814588364,Medium,0
367.9711588139412,246.0138353265721,7.26191421148649,2.7566109659010376,Loamy,Hilly,773.2154057849172,0,42.01361098416647,2.2564348496963875,5.399719977693962,1444.589212858651,6.405078333902276,0.46122081642054935,Medium,0
445.08700946760024,212.13083585512118,0.2765304275501169,9.168990803872969,Loamy,Plains,370.2210389381888,2,73.03930804935794,1.6510339241803085,8.65454275222255,1862.9234622392073,1.9728635066972975,0.4096676278640811,Medium,0
368.48628432993524,223.44211346186586,11.413009689304248,10.713214317247676,Sandy,Semi-Arid,988.3569942337822,1,56.65386198688237,2.848094830309172,8.990004521519387,1353.7966520391599,18.066478141221484,0.5851099382656145,Medium,1
343.07313259842533,366.2100908165969,17.166358261420797,3.645304181931906,Clayey,Plateau,917.0908936829434,0,61.130032814288484,1.2575065482486913,3.9162021866991683,174.75981393858774,1.4924387876044016,0.5673406252951452,Medium,1
465.96453415378454,261.0703620122218,0.3709539226667102,9.4657644472477,Clayey,Semi-Arid,573.3025566514066,0,48.49774843760588,2.6001230488369993,2.2559227843276624,1853.586734709063,9.055028122755926,0.307174732639151,Low,0
411.7534173868717,202.99998158435412,1.3771368075129085,12.04229714016457,Laterite,Plateau,1449.038671594475,2,65.39269038770156,0.38255278236201873,1.7898077621107609,611.7837968706156,2.720992131689345,0.4998499293206878,Medium,0
675.5989482874033,479.8422301148237,1.8634132774625063,6.993261394728637,Loamy,Coastal,1112.419798600467,0,80.65449811844891,0.5314206597345975,12.944424731142961,660.5777226842433,10.752988875236877,0.7192186020833856,High,1
80.0,177.25961912059,5.991431746856906,4.545993445774761,Clayey,Plains,1142.1446314030998,2,59.819294924458355,5.140287243068728,18.625950655947523,1376.904890097392,15.391942092397805,0.6862375886989368,High,1
613.7260277883693,284.2679288839592,3.6246370372049697,7.369056020580267,Loamy,Plains,729.4310258862921,1,65.77441898506747,0.8789996113287517,10.15090053803042,1383.6407035226919,1.2422598627569352,0.4046989184560608,Medium,0
636.9127788746443,358.27673819322763,4.135409298744643,5.348398095397896,Sandy,Semi-Arid,899.5344726907869,0,72.94553376185976,9.314817013034096,0.0,921.4225369656317,4.05746949699349,0.6798343195314671,High,1
138.99146513877758,84.23978674995121,5.667176303572297,5.149809670130795,Sandy,Plains,1119.580434565598,4,78.16159597008351,0.10407340565579534,10.841268232766968,1614.6225286586446,1.0060109280492129,0.5163958912674487,Medium,0
398.5968608879477,337.631260168711,0.5021576523868032,8.299552201814627,Loamy,Hilly,953.4738284850824,1,49.84877088751237,1.5068518131898667,13.92760317773358,1235.970851244735,7.341487410910187,0.42908453926710394,Medium,0
394.2838701006313,153.38707894234608,7.164065947077864,2.1888115749103143,Sandy,Plateau,1460.665274669455,0,62.963720895203764,0.8646518598418119,4.753828263435581,471.9419469248194,10.711256729107035,0.5577022683967026,Medium,1
238.87324579232683,378.7339337000803,4.891532656095042,2.6682132325233185,Sandy,Plateau,828.674350704137,2,73.30161323249445,12.128067951311674,12.398692473093202,738.5277919119558,2.9605468177456116,0.3613827905630594,Medium,0
333.3274968613687,164.48187856972285,3.4447651496628993,7.057872641121828,Loamy,Plains,723.4038137173613,1,76.64904967833058,10.139034128314016,13.357455289967772,1089.1194223901534,3.0325504278152913,0.40899695993545454,Medium,0
283.4136231801257,363.13228382186327,8.819487022642058,6.933074383262706,Sandy,Plains,1121.988506764999,1,52.91589964624704,0.590034553467336,14.445539812072186,1257.0382157258557,1.3677289975204998,0.4217956632526763,Medium,0
712.8405665135434,412.69996795536554,4.819978022791055,8.030663731119807,Clayey,Hilly,457.37345469972075,1,49.958071162780875,0.6841121942343646,5.070488360702367,964.8719967195382,2.196324090127945,0.26877859323603775,Low,0
590.3517589721191,383.37238307593657,0.901083062078776,12.625676165450166,Laterite,Plains,1223.5039263078393,1,56.14024552155603,3.0469650084765667,8.37550692143736,311.4322083093963,2.3484241125658727,0.5227315784662983,Medium,0
640.7332642491237,310.1579977885723,2.2466892721078957,7.313542108227463,Rocky,Semi-Arid,444.750869792806,2,54.15093303381676,4.849503053833843,8.90946829888492,882.2238298183438,1.0145910009021344,0.5268813459600284,Medium,0
558.2508096064853,252.24388684843606,2.7252133221907067,8.794516451004384,Sandy,Hilly,1123.5046331204926,0,54.65611359426355,2.3974339478223015,14.59257648973089,1562.5513373169333,2.2259667119871787,0.15223546409560776,Low,0
280.6422343174156,210.82965083981873,0.22720268346975367,4.073401193156104,Sandy,Semi-Arid,673.1042560395681,1,62.94351215325081,4.400719251944703,5.952041804282849,1264.618881049255,14.267531918952702,0.5252619305162758,Medium,0
371.32196005803394,456.5241628980525,12.372279203842465,9.303812990549611,Sandy,Coastal,1066.8044514441876,1,51.51013378940102,0.14384516156662866,12.70932188317295,1694.2645724248841,2.361686131273042,0.5609166677254686,Medium,1
523.4061841841877,196.06057357988283,0.5505122824646939,5.420827404667967,Sandy,Coastal,1217.5700311213561,2,76.70988163243307,2.2508647259665575,9.362906920913673,1623.3511055036108,1.9248457746583698,0.38339982367986175,Medium,0
266.6808286662082,155.55207117160046,4.7821838699290025,7.214262497743279,Sandy,Plateau,953.6974184263715,2,53.144190461176905,2.649993713831318,12.799896337355815,365.0367033505602,2.913309158726089,0.27025584528176566,Low,0
556.9497645258582,359.84427220393957,2.8227502223486636,6.6734541247925145,Rocky,Coastal,480.132666925762,0,50.78594872464119,0.4644530306565089,11.790952315723084,898.999777577189,19.354351069057806,0.5139211134743156,Medium,0
413.95119027627976,184.46358361762054,0.1038659189850177,10.098922704742094,Rocky,Plains,586.1286644224967,0,43.961850995919924,3.3108761705389105,4.7218869335479745,1574.8131947184395,8.678282630935161,0.39908297850607344,Medium,0
393.77687886756036,165.99238030406474,10.3476233303399,3.0700703368750015,Loamy,Plains,644.9693006381763,0,73.08702194873358,6.351730017456825,9.345350935507291,1479.2835398851973,1.351912874488769,0.4729974105242284,Medium,0
556.6439952305237,106.7674885396282,7.63776387826849,0.5,Loamy,Plains,236.74758724077913,2,42.47907175898422,5.021398827646775,4.5476017220049565,1476.5972290857524,8.37931910260932,0.5649300539831661,Medium,1
516.639496722906,222.05081926473787,2.9715177478279613,6.359701908736227,Loamy,Hilly,1294.6172505561751,1,63.48841091774791,0.618187626281711,7.884148565425107,1728.1620661375264,8.720629599109678,0.5117761476284863,Medium,0
395.85507512713804,270.0741971324208,1.0399684688643698,8.405593770715372,Clayey,Semi-Arid,938.5376550147151,1,66.33483907929262,0.8614128873345286,16.740419622357493,1866.406570075352,17.99086519161358,0.2991365476004528,Low,0
623.8994705046372,309.17100731928383,0.5187170723353499,7.4568081274225,Sandy,Semi-Arid,502.5686841838518,3,30.0,1.5232144848012332,5.8817687428334295,358.1450362528757,13.303682016119382,0.617637508780961,Medium,1
287.84050086001537,394.156749315938,1.806407802226487,10.696612712241734,Loamy,Coastal,1409.486200110425,1,42.29537904337859,0.3792894967897654,4.944936733980322,1019.400220302459,0.6002148568117096,0.2885494963195951,Low,0
542.3903410416395,343.22775083989524,1.1797843991731838,8.312118022539005,Rocky,Plateau,654.5351649516429,2,53.46584862102645,6.771811656226377,7.076111949448086,1553.1403206877271,3.6371567862117216,0.3415035361705071,Low,0
538.9651886952576,257.0953336536184,2.8264797355931037,5.30845500442042,Sandy,Plateau,987.700371176205,0,80.73436892895239,0.3877630801384132,11.376509947511359,1620.1413050575447,7.28400910686215,0.6679274167633188,High,1
403.56803410290144,256.2165188344336,13.574023682533703,0.5,Loamy,Plateau,611.1553091813294,4,53.468876020028645,3.1527385857475982,11.338964783057689,2099.319065384005,21.754031105256548,0.5731008194678402,Medium,1
498.9199533363177,341.21889626982204,3.422226753398129,6.288063297414345,Rocky,Plains,193.6089463348402,1,51.958437327968795,0.9188996386057628,9.801113696442805,1972.5446478582294,0.5340019132994962,0.5108729711761663,Medium,0
262.33296354220454,432.70841955142834,8.826593379556675,10.083877006773394,Sandy,Plains,422.44580440205874,3,49.00191840335055,1.8758536344424677,4.015126114840761,1800.5802549262369,2.755405357654589,0.47636950611037304,Medium,0
588.6040528810352,295.157703937984,4.209344986120951,5.823856651998656,Loamy,Plateau,743.0283491967491,0,48.814428208831046,0.10631013584464724,6.758060624415249,990.6756193977424,4.0662869096511525,0.5128019631607603,Medium,0
422.26467953355166,223.70429749475093,2.57930680450773,7.084960791033293,Laterite,Hilly,1214.4039049221167,1,50.378275862436055,0.5047417750767148,15.038022828890854,1654.266136193617,3.198879289859655,0.4274215850424961,Medium,0
371.59154692214406,160.85607986973454,7.713274914129481,8.264080762920125,Rocky,Hilly,1021.2866013867358,2,49.93455357388642,1.292919976625316,0.41391368224535796,2220.8085515166204,3.6503930471689614,0.39278646106742365,Medium,0
607.3513838755334,106.57536827053295,2.549851799150154,3.954122877250552,Rocky,Coastal,949.0717941599358,2,49.42165223231387,2.487529296787724,9.293163533117651,1980.5020453750526,2.7636677949286677,0.4154464084049877,Medium,0
344.3484464185861,359.95236064522277,8.118894333446281,8.869707689916453,Clayey,Plains,196.4903320392914,0,49.4079255833949,3.306834379558496,6.904382616565677,1419.0768378483206,21.1651805315789,0.44508251009968025,Medium,0
238.73080554546604,349.3574228367469,1.3788543232179018,11.911365370005118,Loamy,Semi-Arid,1344.5301516880331,2,53.42596219013342,0.1,10.341604726995858,1954.7697262904157,9.75476913375895,0.37890179612297464,Medium,0
216.50562397141445,349.28362301279935,0.5515948563639473,6.481559944319781,Sandy,Plains,978.2878937734446,4,69.40972109683136,0.3639963697575979,8.67573142165823,1343.4019628113015,8.005853825919957,0.49779063012831126,Medium,0
540.9014927018459,264.5608664377533,7.732770445536997,3.6128067345030948,Clayey,Plateau,858.2038155377439,1,44.5462752064308,2.8788370140733046,0.49380370383717054,1349.2025095569452,3.1729331505032805,0.5498088276516646,Medium,0
257.93559712555754,448.8321695070101,3.54125372328127,6.800196918934079,Laterite,Plateau,1296.3480884961134,1,50.2363065926509,3.6892748217111833,10.942511751391647,1120.8410334979399,12.798247996354252,0.3634936132308338,Medium,0
713.2191272976547,221.90578064982188,8.79623136391293,0.5,Sandy,Plateau,1336.6238532488958,1,51.76373715788704,0.5938588526749194,3.122079065390407,540.1254443844668,0.5879218509081593,0.6899653065058103,High,1
137.7105888174417,394.63230846486465,11.11135114552962,8.010709791929848,Laterite,Coastal,1304.1065866632168,2,57.999396223985855,0.5740114100930921,2.0935725471388604,1711.0624970650204,0.9288350501960068,0.7639102835817788,High,1
704.4684552435058,275.3508526012548,0.22047986018853005,8.356823132945737,Laterite,Semi-Arid,813.5197261538493,3,48.84601270711039,0.2027246530163921,8.253490732416312,1184.3172003397729,18.482234124359778,0.3869108907903526,Medium,0
481.65262008039275,206.9979082384795,2.780350663207796,12.026908881536688,Sandy,Coastal,548.7832037255316,1,82.90475290772201,0.3583026545174493,5.944496064557869,1307.177679289447,5.0219432307812895,0.45416609570380273,Medium,0
435.49303321944114,351.1036368781314,1.879787637494339,6.418015622300125,Loamy,Plateau,1246.1230209997257,1,64.99858478581343,0.1,4.008968489733341,1490.4060100857487,1.0422485414277172,0.34815312409435273,Low,0
368.2621369786575,329.15633424207925,3.9324837430621162,8.22545601443941,Sandy,Coastal,422.23094492535404,1,69.69291385478414,1.96061050608334,6.0568982396072935,946.0622012684568,17.872744500210274,0.7281767096325037,High,1
509.87041715281066,322.83673111203115,6.31158638828253,4.416135692842296,Loamy,Hilly,1581.5398585324988,1,60.863029012456074,5.153006969334275,4.333546212955631,1675.9603995581388,22.0957800790672,0.5949342525567602,Medium,1
444.35479463627274,289.7534106467439,1.317296590220241,5.930718638424764,Loamy,Coastal,909.799840818097,3,74.85223496347663,0.3564447642466124,15.733783217953539,1161.776182556931,12.796702943249006,0.4185088451203142,Medium,0
615.4952823024782,275.4528301939803,3.254921992753259,2.4244436900134065,Sandy,Plateau,528.6905105051455,1,44.28222660584039,3.0625886558625806,9.569015471950934,1181.8545073074729,1.6352465073496565,0.27468605488240116,Low,0
467.13414729930594,566.6046391444527,4.933998925662615,6.415631136150293,Loamy,Plains,468.84600604518636,2,51.310350151617115,1.875533104920363,7.208151803945874,50.0,1.9584873916618852,0.21235217185479774,Low,0
472.54526421928165,422.11079742354076,0.5774731221633039,6.084072539444305,Loamy,Plains,452.8383115803791,0,48.20112830749693,6.18664150186114,11.793799292880198,1312.5964122300848,3.1350906071232343,0.45136845517119845,Medium,0
395.4581681679216,366.73922739826145,6.729473517581197,7.897599298266687,Rocky,Plateau,949.1270173522951,2,55.943401451495006,3.520207487472224,7.056123742540132,770.2093382061262,5.19532159129349,0.6578213580685551,High,1
441.4581564418399,293.41589898440657,3.726730322387753,5.129209359002083,Sandy,Plateau,897.7626879790745,2,77.00451725904759,4.214058214425477,6.701349579137924,1057.630254166642,29.107505955168072,0.5763378964726951,Medium,1
496.17026533380886,400.8588640716003,11.946094186416946,7.250036052925275,Sandy,Hilly,467.42723927178247,0,84.39248670479093,2.2423965785843105,12.6664950601111,851.1053409723554,18.759632494678,0.7490932453989994,High,1
193.47474110150614,342.1593731669742,1.6592077586940468,5.999859833177003,Clayey,Semi-Arid,775.2404747054343,1,69.4555985700932,3.6691341663109704,4.529828534428803,882.9984270080802,15.240415285394132,0.5569084999347707,Medium,1
247.77218668414304,283.14457033288426,0.45781108909503687,6.005501835101457,Laterite,Plateau,421.2226148680302,1,56.82445938371127,0.9506673203940096,2.8867328728910886,1124.0079805663074,0.5610943170395448,0.18167146761853098,Low,0
561.4896141034072,243.57228096809018,2.824939415294681,7.241086977889091,Loamy,Coastal,1106.2556320804604,0,71.4405482191781,0.5158550215522716,11.279637798018914,1480.9745183022892,8.492271709794178,0.6571552438467212,High,1
475.6298157191913,270.2899194804774,0.3588707832629298,7.121568826951029,Rocky,Coastal,880.8923568605502,0,75.79767740951112,5.359958459531145,8.819063144956447,1984.519642004252,12.565911289915372,0.3787855258674662,Medium,0
422.40249954709816,20.0,13.963594363542786,9.283522117154916,Clayey,Hilly,767.5591229288932,2,72.11814954770321,2.9161494287146725,8.77251689783721,1315.039739913174,2.4323064340379585,0.4912429574177431,Medium,0
452.76508995980896,305.272100715717,0.15781238695893884,6.638070897610495,Sandy,Plains,449.1612444763655,0,56.39638169008169,0.20918346273987204,6.247646234114561,1006.9829524702509,1.4874923901799966,0.4802756085375273,Medium,0
502.1372558042507,221.38287038675685,5.601636446471042,5.95034395263099,Sandy,Hilly,794.9455399220321,0,56.71567615095844,4.436797507010332,10.978580017688497,1076.2147113036178,8.280478126894629,0.44014902456484173,Medium,0
369.03604795359576,471.1203997939461,2.9786242928937487,6.457577664738322,Rocky,Hilly,754.8452415287857,2,50.10090032589679,0.9440157980492145,1.1488116083578284,1710.876722891087,0.5713902894805946,0.21013133882436147,Low,0
333.2542911896531,282.32128849741054,1.839393649798887,4.856007649477022,Rocky,Semi-Arid,1011.2043454233589,1,55.057418788513765,0.7792788658464899,0.0,1449.4155306754146,16.966904190507535,0.5714284067879444,Medium,1
479.37678826465225,137.32438965580457,0.27243946512608347,5.920266719299986,Clayey,Semi-Arid,958.4562923409362,2,48.40850095057009,2.1479527983976943,6.014649034679194,606.8445206596846,1.0181687050940669,0.45840186599358823,Medium,0
303.2440833577452,274.0143815046259,3.89321111695476,13.093476139219693,Laterite,Hilly,1177.2210357277697,1,57.22702901598706,1.8495760436561548,11.14766459467619,884.1965760962548,3.6698218175247077,0.5920965612619844,Medium,1
511.2379133571708,154.4654697924995,3.520031255725423,4.261963717912399,Clayey,Plains,730.3982097732282,2,57.722289392445,1.700041674897537,14.222990874733794,1242.1341965374368,24.37632530173274,0.4689809052150769,Medium,0
194.61245936432394,336.808889885496,1.3189263528700221,6.164030998362072,Clayey,Plateau,248.85597423122692,5,47.63708070813745,0.6472536833304582,10.739811994883615,1120.5087706480654,26.648222896063523,0.4179991849511507,Medium,0
604.3733455988465,314.9136837207382,9.641647986765305,5.837534010190929,Sandy,Plains,1246.882506809314,3,90.22472097493821,7.069118193749442,3.387072896860375,932.2807355220043,8.97639519060534,0.6112523207555247,Medium,1
520.8896223619564,394.9407557329921,1.4502547506681245,6.258485163266801,Laterite,Plains,572.3886204331368,2,61.55313115977424,6.595938094642556,3.4269559990618808,1113.2679075621672,10.96513387820367,0.514250311941155,Medium,0
488.40446014708135,185.09418499665213,2.3893514874890833,6.006282073364815,Loamy,Plains,512.5790314446606,2,73.50937819262174,0.1,14.05235624827905,1348.992165381596,20.498610929019527,0.39270800671264244,Medium,0
597.403647591827,284.0809715473776,3.1389667004069364,7.837720303663,Loamy,Plateau,884.9092092101868,1,72.40739138385058,0.9069046316815962,12.527304983152412,1400.945752134459,15.739181433261884,0.35601950161495005,Medium,0
699.8211666693865,116.19738454880377,0.4224727650857264,1.869474695824617,Rocky,Hilly,1005.7946795340808,0,81.31588216682422,0.1025609660728182,10.748599967942255,1229.3802216519507,5.838891069962468,0.5059746436701593,Medium,0
602.1555097527196,364.17937383096574,10.762514520006754,10.111514417596013,Clayey,Plains,714.207257999861,2,47.115808206449444,4.17731556811656,12.602834160336542,1669.3638276927002,7.959486849180747,0.5933822760033756,Medium,1
173.86886530025322,342.2645416528146,1.8770469937161627,8.897748398926591,Clayey,Plains,711.4575614861556,5,51.45673685841187,4.787448918583559,8.843717236216335,1433.80453923473,5.405111466240526,0.44115128764745515,Medium,0
258.0634549896448,339.4966025233085,0.33691575769881227,3.271385241810596,Sandy,Plateau,763.1407887820558,1,36.23138899064759,1.6069464450990099,6.959099315673716,699.0369790920613,4.237337061614568,0.1756133984245236,Low,0
356.2772133456482,280.1942837628329,1.9594618149286913,0.5,Loamy,Plains,1395.7891228476,1,38.58867619918858,4.02725664233302,7.199960490898956,1039.1890470947087,12.763175887442276,0.4455577370663649,Medium,0
453.91365753162506,329.7727468946549,3.667188911412168,4.068783561575796,Laterite,Plateau,899.0626693546537,1,45.88306386275214,2.6735215350285784,11.186929183537742,1138.6585698397173,8.037039765995758,0.49245093987125604,Medium,0
527.6488530703684,472.5206929970316,2.8833289732008813,6.272000615718633,Sandy,Semi-Arid,561.2130061883713,0,56.17808473471305,1.523049944371873,9.18566377218682,1129.8593318168794,11.78880389336394,0.5063559725228045,Medium,0
341.13842802698014,245.78868915495832,4.743771617469383,14.740875696072326,Sandy,Plains,564.7758250839615,3,56.87009376496739,0.994972477690312,0.0,812.5805460948735,0.6049645897907147,0.5228752374663673,Medium,0
478.01501467156174,296.63742204521014,0.22833036267542486,8.629770894922821,Loamy,Plateau,812.1905371461708,1,96.10036636413156,0.6810163170479421,12.412868302802117,934.0940781896497,5.155000453107086,0.32723832958426996,Low,0
336.6925601470016,149.66484409823082,1.3393217579555319,1.5772310524556268,Sandy,Coastal,983.2502769098026,0,64.03921488105178,0.6607346994003145,10.929315286100787,1659.4003487003467,2.3985400486982877,0.5041110290291174,Medium,0
358.27232955120775,175.8086846082001,6.842131860068958,4.931033485297168,Clayey,Hilly,1069.3930566881668,1,69.64306138394387,1.8165034258511679,9.629400027517738,714.2966747436701,4.321802842022861,0.31009095751062377,Low,0
239.00083547276665,291.73759517119686,0.333064235466788,6.84036269118105,Loamy,Plateau,943.4555113465253,0,59.70484559119682,0.401482758896568,15.04593175205557,1061.4598652198029,5.6954477975620055,0.49488381347585075,Medium,0
311.51501308336435,412.47202560422886,7.737514307269063,7.761050662894291,Rocky,Semi-Arid,605.3443271790189,1,42.24672585718824,0.42266323694540725,3.9621604240995607,1833.5732316489862,11.215413254325675,0.417720126496698,Medium,0
247.24730915754995,249.2463010898113,0.3855858835588739,3.055753419068731,Loamy,Plains,751.620545153726,0,61.56055962505233,0.1,2.669388212067698,1172.0700663884058,0.19438129246932212,0.407048142955306,Medium,0
303.61901205340007,251.69001648254513,7.194029900978845,6.595029316068816,Clayey,Plateau,1156.8677586526185,3,38.62969286651972,2.090393018057555,10.504751233954893,2403.4828353231405,1.0746406617502466,0.582791870887721,Medium,1
608.046269491176,231.17377065947505,1.7900789547908917,4.847082587168378,Loamy,Hilly,498.8678138414166,3,55.83438504731148,11.385156587758996,4.216100922516414,2016.0089484936593,15.26379419446154,0.5929105189388675,Medium,1
307.59016667520854,215.82919949868125,3.7891556296157036,3.6887243121930506,Loamy,Plateau,736.9863124228882,0,65.77587293842932,4.840447454575249,16.33254693349119,122.17883336974728,20.51690928597712,0.586890413805524,Medium,1
844.8573097256086,315.39657468505857,0.663685270825357,7.778786940096862,Loamy,Semi-Arid,1109.1120002584735,3,50.953131116574845,2.6908661579225277,4.533983945215898,662.9397271967327,0.3421064115035393,0.5133778814418473,Medium,0
523.9976851321334,100.32908257856266,0.2738380052672279,9.321631520328467,Sandy,Plateau,1206.3484993223117,4,60.31475883096069,3.387039668925079,4.407080288195439,1238.8293282049246,2.4188946389214245,0.5722757687124607,Medium,1
477.72541855423106,433.7127492000073,0.9730697613403353,9.523123830884858,Sandy,Semi-Arid,832.479620118016,2,50.775722556841195,1.1864940862983533,5.985810971856727,1049.2532248524751,0.05866571564150716,0.48171843561295047,Medium,0
321.246332972818,200.14932422446475,0.5471929164408414,8.723159053401629,Sandy,Plains,756.0776163002145,2,44.73431819916108,0.7786574564328533,6.513819943638427,1559.098563036874,8.499235278012002,0.5499158620545501,Medium,0
555.0464819113487,366.628418252577,1.4982263308229438,5.5078914005792114,Rocky,Semi-Arid,437.258720494691,2,63.85423375323826,1.0116930916474034,6.15684609410619,1530.0770421324007,6.873094808658917,0.2834596690734731,Low,0
363.65432606433393,127.6001683127349,2.8893421569475275,9.143649284390516,Loamy,Coastal,1083.973972954483,1,70.53477017388465,0.18684280084827756,6.684369622504336,450.84938194040365,4.991768025854247,0.3715433350555468,Medium,0
468.30147219680424,360.26081566554615,3.5543079555022348,7.927163314312864,Rocky,Plateau,1361.5728898013763,3,70.50462901683824,2.2100375744824152,6.18848229414436,1788.2662755459096,7.059336082968571,0.5676675007948845,Medium,1
834.0126807403192,360.6333529377397,6.240079541261623,7.40182564885604,Loamy,Hilly,1797.8039205098921,2,55.10574576691669,0.4228582524998426,0.22095155967674351,2167.9619609196593,4.630431414692161,0.3778149812070504,Medium,0
435.5910150413025,326.10424864070757,4.271244915897,5.164920634894605,Rocky,Hilly,1035.2561642313162,1,31.890368274037307,3.1661990643243256,10.523196013636824,521.1736394458128,1.6374794280515625,0.36059667870992224,Medium,0
622.3909989428514,160.66857738402493,3.7537192625622295,5.5093716179754155,Rocky,Plateau,882.1921219246067,3,59.05983580935417,0.4635223401694395,5.821318128566917,1012.8147173868522,8.422687861727074,0.3397256020026842,Low,0
344.5235362311169,309.94578275176923,2.1226307928862025,7.221660808373662,Loamy,Plains,578.0662853971825,2,73.23217561674328,0.5696490719810982,7.2349754581212,1040.3141447797916,9.174832778383571,0.32921147595162253,Low,0
444.75172642545573,138.03325783187333,2.568359761821114,14.319623400956505,Rocky,Plateau,242.40008018989772,2,42.22270816898005,6.938114561771829,1.9295322666820258,1826.860559755528,11.553194661200887,0.4060699087553428,Medium,0
715.6200953453265,249.66840938845775,2.141298687864201,7.903727440274171,Loamy,Plains,961.9357374089417,0,79.37099157047406,0.24502284043663902,0.3775020940667524,1957.7666411997825,18.48469317862098,0.328538119196996,Low,0
355.9549413318349,403.5295721146391,7.384846486520962,5.166434493249142,Sandy,Plateau,1722.618692054006,1,33.292685935754236,1.519836855580671,7.52987573188612,984.4401940822867,8.25905305692013,0.4204785922300596,Medium,0
721.8672836995393,375.60423124848904,1.0454614074390993,4.502831665091671,Laterite,Plateau,1344.7842803799194,2,62.76408347922809,0.14242246074621978,15.773714693261217,971.1123567206664,0.3365643231613114,0.40112153476776913,Medium,0
556.1627903183213,281.82195310485196,0.022949435013656237,5.524700162031392,Clayey,Plateau,1290.7974941898294,1,67.9571334585184,0.2084289535483001,15.603083237031504,1708.3173804869457,0.1263525532599104,0.5708824324009196,Medium,1
365.6299836158598,163.02321088925896,4.214401552351427,13.531880342647197,Loamy,Plains,985.9609859702705,3,75.61858806962547,2.208267040661683,3.4568247716933564,1095.9102402976998,8.079458107631389,0.4286122487198812,Medium,0
544.8611608583282,357.4705254609032,0.9049041072506846,5.8022300621621135,Sandy,Plateau,1025.8331060981127,2,63.508131089761996,2.191683523605676,4.299805577467312,1313.9243597483257,0.3460986153864379,0.18347277267169942,Low,0
595.8831674440095,282.325748523763,8.833288620326718,9.720611603830855,Rocky,Semi-Arid,150.0,1,54.09690454094371,0.47207747248317383,8.850919335063931,1679.7470080760759,2.2782982079801646,0.6292034214852988,Medium,1
543.2714943325794,20.0,7.837296088311457,5.872215263585931,Laterite,Plateau,1166.878703267399,3,60.01704136825489,4.530972946053094,0.0,1566.2889295478772,0.8782054938447763,0.5491364752337348,Medium,0
214.46629201643154,373.91557915798217,0.3193228656033223,7.783553623838886,Loamy,Semi-Arid,697.2308006484645,4,49.811534134261365,2.6648368818072465,5.069589447163143,1345.629654752082,20.8232663154975,0.3823300453288715,Medium,0
340.9294236262697,277.09205993563694,0.44993622468162553,9.375235822026166,Sandy,Plains,654.3954286914395,3,34.12380124693573,0.7866046888137997,9.11303613603545,545.0777664406496,2.2822426679398315,0.52329580729595,Medium,0
412.8722046672743,424.2941497579687,2.734146776297581,5.284291450570228,Rocky,Plains,786.8600664329874,0,55.096071694501255,0.6281728796235038,6.850822214043751,1501.086819996875,0.34035493172756137,0.3558432535590177,Medium,0
438.8349856349931,148.56753773886345,3.758469404818982,5.076665037541691,Rocky,Plateau,775.0484286921449,1,63.8936802617315,3.087884759164863,0.0,1696.7455095312832,17.927482609181244,0.6148490096706641,Medium,1
543.1008146326017,20.0,1.285828804240867,11.97660908336599,Sandy,Plains,648.8275428099182,1,70.3087799569904,2.9102615292326566,0.0,1577.1531043166433,5.630365016623018,0.7490088625986722,High,1
476.65515013998805,313.49006300142224,5.046375418771407,9.953778684687391,Loamy,Hilly,904.8552252615916,2,52.17046884405878,0.35452043252682713,0.8444309463540751,513.6265069398579,0.22066279577037579,0.4674732564367664,Medium,0
249.6983461934848,314.9876412018367,3.614643510459834,9.372016956072184,Sandy,Plains,704.6028413271814,1,75.72601492965677,0.9449753113642174,7.612637669153761,1610.2669331404743,10.751554334194472,0.5919991962587517,Medium,1
507.0296776508945,77.11940468722577,1.5711281756156297,9.361828879368742,Rocky,Coastal,935.1130345146512,1,55.984349890603035,0.5372630273466091,3.820315396489649,847.0738536918299,0.9929898492995177,0.5965033558441475,Medium,1
541.5878617925734,162.58005449600722,0.10279557586025241,8.378726464933196,Clayey,Semi-Arid,379.48776490748844,2,63.74278658449097,0.766357473413808,15.785847263164651,50.0,9.730164474893439,0.6380387004784899,Medium,1
533.9685671896559,610.6261292463882,5.547582668248597,13.053327439525194,Rocky,Semi-Arid,825.0797802787939,2,66.95110464465974,0.7459433141417388,1.317532429779936,1122.8130336145482,5.539163215873854,0.5398138550539425,Medium,0
612.1171088331932,243.3267263015436,0.9670312357136425,7.13172490563147,Loamy,Plains,516.296543609812,1,58.640807784707306,8.207516757006026,14.139854715276824,626.9526154339247,1.1696344895278523,0.42013605139220134,Medium,0
575.0883231823357,367.71507716514594,7.194501787903702,8.731787101602759,Laterite,Plains,675.4927385257469,0,56.91259328089186,3.051708464623492,1.9849740257014163,1198.9904764278153,8.380445689261933,0.3716504825214202,Medium,0
518.8770118842655,201.92082071579395,2.1809109963086293,2.647261214217963,Sandy,Plains,950.1895950617356,0,76.68551165638374,3.3316015627242366,20.579641448072092,576.1504973641343,3.6363695695828144,0.46155467004501605,Medium,0
439.4751432812029,29.1636521376212,3.4422647848187102,4.525117940226277,Loamy,Plateau,338.6008348357648,0,37.61183628060768,0.7148493417928027,11.311013727020468,1094.4257065163727,6.098339670867061,0.3774056122794961,Medium,0
200.85585997260128,259.5690103844913,8.252658305682282,3.3975430004948786,Sandy,Coastal,612.157417954752,0,58.50896262943873,0.1,0.0,388.1491147342032,12.218943627513042,0.5904761009736027,Medium,1
514.4427328698879,248.12745276566739,7.969328704950224,10.822190750548447,Rocky,Plains,1099.1375346927168,2,35.98669080911079,0.13181671841532894,14.084668193004125,862.1865240731964,1.8090481958468754,0.2121011714900328,Low,0
481.1531530744667,232.01461135979542,1.8578015896366131,0.5,Sandy,Semi-Arid,405.38775534696964,0,36.429729338496045,1.7714315571658494,5.689532325854981,1368.1629670849395,2.7339667297922814,0.431789188953963,Medium,0
490.736825579306,266.2430997392329,0.9372674269940524,5.793069931741832,Sandy,Coastal,1522.2534990975828,4,57.36279627001465,0.7395209455428388,12.639568631604476,2084.8633675759925,30.0,0.5188306428418615,Medium,0
258.48771362695356,311.71219259747636,5.969217287883639,0.5,Rocky,Plains,1321.5427846457264,0,51.689285616361644,0.4716257817766539,7.945189813950222,1060.118114489177,4.257055514876722,0.22910277919263858,Low,0
287.84151893876066,261.9859658495432,2.2701497512832796,4.50613631355433,Rocky,Semi-Arid,726.9155204417023,1,82.94735228440149,0.1120138548253438,6.224440881010679,1193.2928443245212,4.905499898880237,0.4888166396281857,Medium,0
607.9729279999356,128.31925984631636,0.8529807761525393,5.527153150804401,Loamy,Plateau,624.4766092752278,1,54.95942600223992,4.590344997914065,6.731096263780737,1599.1182128137154,2.0165176012859893,0.48351121800939934,Medium,0
444.06672692150175,338.34217498743266,9.391390324264119,11.154613281382133,Loamy,Plateau,970.6789661674186,2,71.62176951324086,2.0165401304594313,2.1432657157912187,1402.6815206968126,3.227405775956047,0.4634821992950117,Medium,0
552.2251046058936,46.07538936130922,0.8831063902481645,8.189883817664372,Laterite,Hilly,393.38821004049413,3,58.61965266792231,0.2498907813090127,5.796226908065119,1428.0952107067133,4.177533004395209,0.2589268232119879,Low,0
454.24775641956916,33.957105125895964,0.10458406266051212,4.500575430013101,Clayey,Plateau,199.2500463086485,1,43.58107870857706,3.199156884814384,1.5385737007872775,1549.4173005487592,1.7940334632757642,0.36661440094994896,Medium,0
454.4634209243618,368.7016593641881,0.0819537426069914,10.197891159195478,Sandy,Plateau,739.2327065816017,0,36.84841971632953,3.10171954039477,5.639689007486411,1009.5681326235602,1.6319982062229608,0.5187440450480657,Medium,0
590.7425708963997,340.8424326562428,3.8947828315950423,7.053496763589273,Rocky,Plains,853.082931724233,1,41.634986340338415,0.7516315823913945,8.975314497378983,806.2679138928474,5.504750718333169,0.4927035289819206,Medium,0
372.5932907673939,273.1125561911157,4.33499394593874,7.112700576121757,Rocky,Plains,933.0495285237356,2,61.93508824542827,0.4593177722810803,13.288700259399034,1339.5446387275979,1.2174831819131682,0.378915522225143,Medium,0
464.4181165411475,112.54617942939137,1.490298158545815,3.391985476684024,Rocky,Semi-Arid,684.8407843587404,1,77.16545169978579,3.7002045737910767,15.432760106667445,50.0,4.8373273454786485,0.5418208770964936,Medium,0
380.6587066942436,195.05068711911096,1.5427145664000628,4.029958858290582,Clayey,Plains,1345.8813553162315,1,47.03590795166821,0.8796218744953853,7.93772816481808,173.27102361369043,7.349422489429612,0.3531010950158795,Medium,0
384.8255658851526,248.47039027761952,1.6589957697412339,4.524708100163426,Clayey,Plains,376.70111953064077,2,68.0541852875935,4.136262228193955,2.3704046235904315,1947.7253813474313,1.3258076809301966,0.5000637852932287,Medium,0
403.6241814797041,88.4927237711064,4.559719458360161,7.1393838194625685,Rocky,Plains,501.6082527646654,0,55.819342662559684,0.1,7.741474182021524,1767.679666920838,8.21964633200731,0.36810698910740536,Medium,0
483.3200657450569,191.31656103721207,0.2395681727348178,7.233657180942024,Sandy,Semi-Arid,1070.322584650684,1,45.22180196964594,1.5217973949479244,7.190897134578343,860.1796729652955,2.6747643590352865,0.3765441936036743,Medium,0
378.1877067504784,358.2796405812016,10.586862065976186,11.632277990572135,Sandy,Coastal,493.4234150270006,2,62.255331180862974,0.43550650267387037,14.58860723554808,584.8950977231638,29.36074493349343,0.8463147905814579,High,1
638.3634188360281,451.276643714706,1.0067948070448813,8.155165503813503,Sandy,Plateau,479.88784173093916,2,77.0972263887698,2.4527322723808744,12.377208336416185,1471.1921731461878,23.201383023381265,0.5528629325137313,Medium,1
315.80890466707444,229.6678296809739,25.0,0.5,Sandy,Semi-Arid,943.1741772725073,1,57.09442027891306,12.942738137064662,9.163231783870424,1551.6083727553162,9.614613918999753,0.903783307594713,High,1
421.96925337579614,370.7786025179318,0.752663335622006,7.787925963615072,Loamy,Semi-Arid,531.267082889389,3,67.95454600517593,1.1701751843282968,15.60351970344697,753.8997709731852,2.5178781186689516,0.5133896510491367,Medium,0
384.04034125887375,50.312791529503926,5.905689614385562,2.6499509314974015,Sandy,Plateau,853.4204502277595,1,61.703791742008455,0.23255238006918566,5.469131209834832,1136.7248275707668,16.607769847093685,0.49578374218080606,Medium,0
667.0466826530599,359.13414893363336,1.011384061886101,4.1020872261653905,Loamy,Coastal,655.0502041197851,3,61.724415372969446,0.8409421658091752,11.134396498669444,298.9341952617392,30.0,0.4378333368086849,Medium,0
479.4832164767362,183.52619023270228,0.3372098774786234,4.56349158482101,Rocky,Plains,598.4177038195411,0,48.362762028305845,4.886343025567455,5.475564691185264,980.4667741357042,3.7224877896973454,0.3562580227870115,Medium,0
604.7766809202952,316.88147400495643,8.315633114780038,5.0099850294630945,Sandy,Coastal,164.19311302927088,1,63.88978002576769,3.19310952454362,5.642274533533881,1081.9883005712486,5.720675819530285,0.38788514030635624,Medium,0
227.1659440444542,250.2697098112349,7.8289312944844225,2.8745518238790906,Loamy,Hilly,948.8471034874681,3,40.45891400159748,0.5813306075317979,0.0,1281.3111498150372,0.03602998165170663,0.553898787242492,Medium,1
490.05753988038884,438.44968117406006,2.0671762141750167,7.610446010356863,Clayey,Coastal,463.4835027604749,2,62.33612406284665,6.7549420845402555,8.50450056127945,2307.8301740659717,0.2670552683100362,0.33728315642561946,Low,0
583.4446193435156,175.0677221992098,4.847968056853911,2.7675931447271225,Sandy,Coastal,841.1152287643181,0,74.47037021832598,2.1413884551975455,8.645834164505722,610.4702217102662,4.166061106920339,0.7783470691162354,High,1
462.34259839131363,355.31275570741974,3.2573374090288962,8.07000282174954,Loamy,Plains,720.7632855780023,1,79.64721510941214,0.4047608736717816,7.315025030209508,1951.1029757318424,5.639104727872386,0.3258044740301269,Low,0
609.8220562598027,246.459104404416,7.66809676128975,13.71091323118489,Sandy,Semi-Arid,827.7221794550409,4,45.492765344102686,1.8686470793429544,10.27031155724472,909.1462207037546,2.2472269734448567,0.6198046055438245,Medium,1
372.4067324849442,261.00334263884037,1.5136726043705815,3.011922823197809,Sandy,Plains,847.6136190953588,0,63.300806762387566,1.3203548102049565,12.997672268256679,858.4022004659444,0.6263646991852118,0.6738454093459686,High,1
661.402116027837,257.93753282089483,2.96659770471908,6.146469086982334,Loamy,Plains,967.7698878213921,3,49.5365735196314,3.768864555335946,7.912141601954794,1722.186466673647,9.147056306851093,0.43672791915915815,Medium,0
794.8347185428875,178.51922746070645,2.657246762913541,0.5,Loamy,Semi-Arid,645.284244477995,1,59.68621655274484,0.9280446282299122,11.01720639954563,850.9249751202399,3.255549555708648,0.4032530912658168,Medium,0
395.57421593405115,278.30812409119943,1.7472400241449262,6.097194121089601,Rocky,Plains,1334.943767745679,3,81.06593002039045,4.574389853912145,9.868219052851568,754.5924841112723,6.279223312024139,0.41161587054839976,Medium,0
383.1746217898842,272.4822133453814,8.882364160738135,8.928151457894451,Sandy,Plains,253.4099787005481,0,68.53301727548666,3.6765427811460505,13.381895474867164,1504.1752134813987,6.302382802219755,0.46401872003372285,Medium,0
668.0076715676552,308.94882980880755,0.7255020561144203,9.161917694071802,Loamy,Plains,820.6931085154698,0,50.17054835698261,2.4699635183385196,10.665740306266123,1436.2019976884933,4.749042653298722,0.14614462944305626,Low,0
686.9358218596069,290.1406174831435,0.6477641014576739,7.23209119085229,Rocky,Plateau,1192.6808417438035,2,49.494168847843014,0.6582944055827816,17.112780164356682,935.3406772742151,1.1796638769911294,0.41691121218005794,Medium,0
371.5709959270098,375.75934595346837,3.4406770332655467,9.667790274276928,Sandy,Plains,1066.8703935509113,2,58.2035716800104,7.738730040100151,9.32479749674627,2098.394728458043,5.74394748242293,0.23575339700052167,Low,0
386.9719774356214,390.8210339256842,4.285867098649875,14.638163607828375,Clayey,Plains,558.8075482149911,1,59.01991329840959,1.7502086051017829,3.3133618613580476,949.2125398678475,2.3323914371114567,0.2850012649868617,Low,0
407.73230867092394,153.92520138066385,0.8657605495485343,12.136914062312798,Laterite,Plateau,617.1140774541916,1,59.59477884177039,5.237535079306864,14.308968326571705,403.4067574664841,10.259701417403384,0.49947524325101333,Medium,0
248.33242334485846,384.2527000708925,1.9818925953912134,5.43243721177109,Sandy,Plateau,547.6226042356886,0,40.12953451482332,0.534603963742915,11.207191784351247,613.3028328330657,1.2880534070672445,0.3610286594122326,Medium,0
312.20220802737026,137.63962874681746,11.717070657467724,2.646688040599784,Loamy,Plateau,1109.7296707325363,1,81.98923425167179,9.013501934482887,10.376480765696208,597.7381712810604,2.0646546178177845,0.6156879230951232,Medium,1
299.37888498718985,350.5427065765282,1.1327284376423687,5.781545750278589,Clayey,Plains,641.0266950195721,2,83.17463234380105,3.724911233190118,0.28547041784771476,1012.4387518095646,3.4821900777430637,0.6237225081800647,Medium,1
334.83036523438074,354.36865416434426,4.414829411373786,4.159051703147956,Rocky,Coastal,989.2930808432076,1,63.75197648398228,6.556854184749653,15.444117032762549,1915.1733697125878,8.082744900134966,0.45434830454830866,Medium,0
444.7972668919828,50.64197300049952,5.390593617007772,8.354042643593898,Loamy,Plateau,992.5054949265843,4,47.558303047502214,0.525187133057777,13.007866216452456,291.9149148981761,7.653899447045587,0.3526043689242267,Medium,0
485.1322098804781,291.15750958352913,2.377761644376034,3.4564193817115054,Laterite,Semi-Arid,1728.9377138823802,0,50.47631347243077,1.2392030397089595,9.57017832446415,2050.1104119497963,2.466876871632176,0.6740912497425928,High,1
682.5750739221115,223.7804663967621,11.092018387427885,6.781532702228974,Sandy,Plains,1009.6379409305962,1,46.69688320629759,0.22601697718445057,0.0,844.3396335623993,4.289314942347161,0.6188449092196574,Medium,1
300.24689388918137,188.94816904775502,5.337187634165299,9.51404216360893,Sandy,Coastal,616.0995948373378,1,45.61409978837652,0.32407181435918364,6.308692735329279,905.4765233159698,1.6012765386747847,0.6192394834286682,Medium,1
597.6483597714875,442.1022796838806,2.449400542700042,6.697912381548469,Laterite,Hilly,388.9474082767603,2,50.391323723336654,0.7348382387886201,17.56314613049183,796.4221354486431,8.82759237326001,0.5882505970571903,Medium,1
417.90167336617367,201.55850312350972,3.3697008872259726,4.161058531756611,Clayey,Coastal,803.451549876789,0,63.06778223069739,6.663328718022525,10.385057332855725,930.5518668154912,1.3142360469742815,0.46566185743707783,Medium,0
442.5804435521351,183.23476850583404,4.718596726046256,10.524442172757075,Rocky,Hilly,858.3199551504385,1,59.5415480153725,2.4204148621681836,1.950078703555656,1066.9036026499796,10.267060415300453,0.398953552063785,Medium,0
551.2229238249905,289.0833928006112,3.5878173670104925,1.3630571657385184,Clayey,Hilly,150.0,0,76.29058637915665,0.8311595748041283,5.213677208592364,1124.0541473554422,16.57479446996377,0.3923930362646656,Medium,0
281.59169676565523,362.27076955581,8.437874176947638,6.016614832367611,Loamy,Hilly,650.1510438974453,0,39.721280292965176,6.801642442680659,6.007279731370745,1333.522735117249,28.68863244925629,0.7070314868175736,High,1
507.3614619276076,263.00216967878475,1.7657496648166284,6.875019929855996,Loamy,Hilly,1004.0733899896435,1,47.42978582504175,2.9612904853936333,13.646118330920105,140.03396448478793,11.667876299055763,0.5166610520470438,Medium,0
474.9678312319584,419.96446548031025,1.4260469150693835,7.047725975198893,Laterite,Coastal,713.6755154068388,1,33.99861009231718,5.22484632394454,0.45518358595203345,1119.2803635447056,1.503851559591503,0.5427900006042399,Medium,0
523.8676896012223,343.71707943569083,0.9623741294424448,7.541488168234244,Rocky,Hilly,1239.018324997043,0,59.73624609541445,5.764714987322193,13.285515856958053,1434.6570572726753,3.232405135576398,0.17819159518120645,Low,0
493.37529658617274,20.0,0.15406099535574347,8.83131945942848,Rocky,Coastal,354.57524434781794,3,77.20769378317564,3.056631843408093,11.94848359922743,1157.5315125589575,0.5581998267535192,0.5296141969230636,Medium,0
818.2950209866342,216.463964379159,0.17586591785733408,6.893777682863948,Clayey,Plateau,1136.9089870536259,0,52.330636637354665,0.6128502652008065,19.211337249090786,1055.2936717846121,1.0787184293273657,0.3348366025566636,Low,0
354.3390023623026,212.5789480777961,8.16258192423111,5.895825153568958,Rocky,Semi-Arid,1219.8614095340836,1,74.38511886303246,12.497620559379067,10.664504212092385,936.8875642532859,0.30584691109659434,0.29492619265604314,Low,0
370.35045674972736,337.5233144115307,4.537701723909981,5.7772319660209135,Clayey,Plains,1234.773766544538,2,66.32519041281216,0.864989785077247,1.8037028889092017,1722.140930412362,6.148066796583528,0.2649662485476537,Low,0
356.52892103628534,20.0,4.3215072658904985,5.165452593884936,Rocky,Semi-Arid,351.9502653709675,0,68.40134944700804,2.4504589291153276,7.7598161150775935,1430.6564372477612,4.570960907584018,0.4110247103539409,Medium,0
366.6784321259618,585.8811650461266,3.81433852702263,9.362629972980596,Sandy,Coastal,1010.0934785500845,3,65.0308066109927,4.098855262000014,3.042738469189712,1085.3479269897102,14.934414613348494,0.4646901317447946,Medium,0
354.39193090402233,343.7231313873052,7.567711142690352,5.060414561570456,Rocky,Plains,665.9360585174697,1,79.63861784705266,0.4236208524753633,9.944523272829127,1453.52404537751,3.7306288816911524,0.45429125851546964,Medium,0
628.3524796661328,297.86521647012296,2.617759671149994,9.540313327024734,Loamy,Coastal,407.8501453059846,1,55.59754883728458,2.0661395106068094,16.714518618585068,1657.699840635229,6.168476273358949,0.5171935243417188,Medium,0
663.0756371984783,421.78812597029753,8.173544208981422,7.056997246779613,Loamy,Plains,755.146296259202,2,66.24159895587209,1.034616243206439,3.709749346797378,509.9305300077797,3.080949760487087,0.45935312866964484,Medium,0
364.38805593757854,561.238486337515,1.7816813271702625,5.436235579431611,Rocky,Coastal,583.2577028347167,1,80.14578509277791,0.6162119549765762,12.657805770554145,1446.5376873392725,10.612608272461179,0.41363471434212506,Medium,0
325.1466640343657,384.4895973506084,10.453188215051604,8.855221647232405,Sandy,Plateau,1222.2626638573543,3,45.72033170028482,0.1,4.904376526322857,774.4786609277429,15.652680730956401,0.5767674807187516,Medium,1
520.7123334579607,393.8575715765944,4.798024248106547,4.817638225830645,Rocky,Plateau,1079.5721700547492,2,55.418150828451836,4.5221492998223605,0.24611427138404895,1841.359753653595,3.39097006414418,0.3979898635413556,Medium,0
367.1665433578543,295.6828029357259,1.1891906767235845,8.914552122184638,Loamy,Hilly,496.6444361618963,0,64.8973280808527,0.3212999272078287,15.993380138196757,717.9161015974287,0.517932875955653,0.5801678741158774,Medium,1
544.9397726633266,263.0169095959662,3.321231316477269,7.638178363575355,Rocky,Plateau,646.5225401591748,3,47.69551436721638,4.6303290641232335,9.16351726026494,1182.5179650276903,1.0714295503924525,0.2928171380068133,Low,0
480.43845312769497,222.90454671941185,3.045965862454707,5.211025932724238,Loamy,Semi-Arid,766.7559010341818,1,47.19144704778158,2.019641186219634,10.457178830862,1333.19620184945,7.649469631534554,0.44594632778398635,Medium,0
222.63838275041522,180.86656099425494,0.5935305560943276,8.585904446003678,Clayey,Coastal,874.658198438736,1,82.35963868911854,2.134804466251071,12.308534890163223,267.5826082626272,2.3606334094650734,0.6971086213108971,High,1
682.1257801995092,197.55830803606034,3.578536803837946,8.639769177065917,Sandy,Coastal,1252.232396181323,1,48.25546737392338,3.8809265044396812,0.0,153.33232446519332,9.233456554434706,0.38354181795992737,Medium,0
719.3816509643282,117.93328427884202,1.5120941264145693,10.472558817429874,Loamy,Plains,1141.7738142682215,2,53.60290853150156,1.5668620457217772,6.671571098273238,986.2432203318958,8.311998631963771,0.34956633952781807,Low,0
358.0816964273421,270.8954259177972,0.2150749675859155,9.898441037227887,Sandy,Semi-Arid,917.987189141194,0,60.59104354823551,0.9725170749787795,0.0,2035.4397019878609,7.110939036548003,0.3704201229513847,Medium,0
391.8447660096024,77.83989073283357,11.876841064747659,8.473822062178849,Clayey,Coastal,808.7729025367772,0,63.14447559684264,0.32875980450877523,5.383175941967152,1104.2534599910377,10.099051986347092,0.4472738034272867,Medium,0
492.87980860873574,302.9099828972453,4.1031990190741805,3.6172271463737102,Sandy,Coastal,279.3260878873848,1,51.45718965894939,1.858860387968106,13.746386126547765,1436.5158876607911,8.477206856950684,0.547457213056377,Medium,0
500.16851849805374,275.640327034919,8.379648200934172,14.34576096452217,Sandy,Hilly,1352.1991691441199,1,55.50515068574319,1.7722550502299443,10.24762670581579,50.0,6.007627021911498,0.7354071636006305,High,1
548.7816409009246,297.63223580640255,4.5087385324405105,2.7891513667845693,Clayey,Plateau,743.51619074702,2,45.97815808570934,0.7655855490113967,4.914495858315744,1615.1449756074473,0.025417010913638682,0.6460840349746582,Medium,1
751.5306808149525,217.34421159760092,1.7663407716804695,9.847789522846927,Rocky,Hilly,1444.19408414919,2,51.3549735825206,2.016152723498046,8.123571822115272,1444.441353841999,4.350022014806965,0.3681364299895828,Medium,0
423.4579158758926,649.2232444216604,2.875403409490166,8.293851450658895,Loamy,Plateau,968.6382522461424,3,66.34401890322265,1.2731148607863751,7.272774032640575,1527.481958186428,5.426957005393538,0.45892370848718206,Medium,0
330.25541331923193,443.21390802163756,4.504921858465216,3.477572882556656,Loamy,Plains,1608.8494730175057,1,68.87743280311341,3.602451954016594,9.5545540438224,1219.6293646529416,19.410930833742757,0.5557273398685911,Medium,1
243.10211579782091,130.65489998983327,12.900815740905527,6.627097183364502,Loamy,Plateau,1112.2125366782107,2,70.21798516898691,1.803590001129153,4.873158835640529,560.1142182207653,6.3072023554638434,0.509441611543101,Medium,0
340.3604940087121,307.9441704912278,1.1703467704958501,6.763741341266079,Rocky,Plains,398.7931290726924,3,57.94175470703172,5.96913339603544,7.387217955523685,821.0192562399862,5.140688699915081,0.5536788678490315,Medium,1
445.03095406893044,207.03926284752117,8.317032110050128,10.916748147431571,Clayey,Hilly,684.9545819085757,2,55.63933798102696,1.6055068265608654,8.75634699729044,744.2752673220128,4.674764850515644,0.49245319952821137,Medium,0
719.1836795276681,158.26243279511033,10.312184867846792,4.860067299159366,Clayey,Hilly,840.8027637648123,1,42.30698118760248,4.806472678690544,10.128963825635665,1471.3824428423368,0.6541566460501784,0.6585610047072457,High,1
372.3583051445743,119.19135146512781,4.439690212914886,6.214164980726938,Rocky,Plains,594.1759895120866,0,53.72929719708155,1.6171403853120723,9.097186311517596,1082.7952960255097,3.347711749747223,0.36402506117143046,Medium,0
483.5681927458348,331.8660028911105,10.710081699188018,0.5,Clayey,Semi-Arid,768.0287139862845,2,60.08121613318725,1.796353110799318,0.0,1613.293154364167,0.8656871109573057,0.3879658572631742,Medium,0
447.53656558908716,198.23437179165114,2.029184688308404,12.20428837937073,Laterite,Plateau,421.5712944962617,1,71.057235927512,1.0053594718571555,1.70020699913682,1510.7874381291597,0.3248224293755245,0.2810452318392915,Low,0
628.2589910172126,396.13912288302447,12.231807630343141,3.7885952709397865,Sandy,Plateau,902.0024483846928,1,34.801976882807764,1.1244365790542772,11.119938849331987,2077.444029608826,2.398113778382617,0.34301946419319207,Low,0
829.0398638810432,399.2538657436527,4.853169415822127,7.9807325927175246,Laterite,Plains,983.0941821538289,3,53.957948060198206,5.950072796049338,6.728607958272091,1253.1899706637314,6.221302868796588,0.623649302836368,Medium,1
370.3696840619519,444.86972622537394,0.17165408519822786,6.695776510834408,Sandy,Plains,548.5617074778584,1,30.81012459218323,0.5558925820612445,5.777665354378577,1086.6362938435373,12.095301083643893,0.6173743824364714,Medium,1
376.5840836222667,177.71358807110755,9.495157280293903,6.70599709964998,Rocky,Coastal,1579.0890027186692,0,38.755469782943564,0.2848807432396804,6.743457844188778,1246.6658248676335,9.975952081679951,0.4183892512895031,Medium,0
606.6241315603609,337.04387328304125,2.650260920531414,9.429585954612625,Rocky,Plains,922.2296414481606,1,73.80956273325397,3.901036193680977,6.73675814562024,50.0,2.0947058683947355,0.30591795234185926,Low,0
552.2837234439467,355.89450599707607,2.4671674007836466,12.013787380910903,Clayey,Plains,614.1406968569809,3,42.37917498470455,1.8923789430905007,0.0,1012.9176780099999,0.2825283770435506,0.3020057651894515,Low,0
727.006098860405,223.09861898752422,3.3431458089312582,7.754481009825975,Sandy,Hilly,329.66124501217394,0,59.29688346666071,0.7369551011165232,16.64648835029567,1503.8571720848424,3.091795452317726,0.5052020220004728,Medium,0
537.5892277988946,187.38736511285498,0.6471805155302607,8.965234052891578,Loamy,Semi-Arid,920.980011289009,2,70.31413207509532,1.2459451879679337,7.4365665174483,1049.9037580200825,2.268085735236861,0.311844892382619,Low,0
396.1061863819411,473.14247989311673,2.533224063241523,7.986674610181122,Loamy,Plains,808.8290135153264,1,52.38335017590265,1.6373301390056652,8.072724478357527,1072.8961362886491,2.7842680481503552,0.46797729858879245,Medium,0
538.5982246038463,307.29950508784646,7.114438436679358,10.052594271791879,Clayey,Coastal,1174.064317550255,0,43.3106988252716,1.9730302469576142,8.393831693940918,1045.8432183627356,4.913608706595985,0.4825876951590436,Medium,0
616.3055370874362,356.31613008540853,0.062414256141137534,5.611250861541018,Rocky,Plains,849.8204072598112,0,59.42985001606999,3.785440027871169,12.811164716893334,1988.3342833858321,0.18531366588714032,0.5095538177497491,Medium,0
573.0723271796046,181.35087858064873,1.2748594426235813,10.226171663249243,Laterite,Hilly,482.19842620594557,1,76.71799776421764,1.103205092951949,11.418195960377002,1332.0019146378643,2.7798913486241483,0.5393978039631492,Medium,0
526.0911046660947,133.68586401733674,0.009830415519462935,10.331499596942152,Loamy,Plateau,1484.7514036621533,0,69.9130895985093,2.482844735056925,7.62575458405613,1117.1503823888434,4.907275507644996,0.24563935662136782,Low,0
610.0012034383731,211.66602706094676,2.1494403385960656,10.24761102604873,Rocky,Plains,1052.4687078275151,0,55.019498820903706,3.9608767466267527,3.636842620028493,2406.517660500736,3.3829419167141928,0.23006482581627724,Low,0
625.3943385668509,265.11743351320035,5.212455404067195,5.019556397990572,Loamy,Semi-Arid,811.0619509405744,1,51.31591324359684,4.084185863484907,14.183490765247605,537.9330211514389,6.601803248149655,0.5394371913100419,Medium,0
657.323848655629,152.29359918191813,6.4132633448673335,6.494987097288427,Clayey,Plateau,957.6234860074084,0,71.87684212073431,0.6453885369538265,8.280176377135481,853.1237916993316,1.2357409957300032,0.43805634063282123,Medium,0
547.3064831384464,278.818622961954,11.615513046930683,7.718400966341305,Clayey,Plateau,1065.9146847965803,2,40.46276616384396,0.9483081816099483,10.974618150983272,652.5921286046499,1.0021965568501683,0.6703210689797467,High,1
424.9322879524718,77.37937743178,3.751126185729649,2.887473865512983,Rocky,Plateau,399.90018513729774,0,69.24371002016925,1.987999694162571,2.5770601299511506,808.9837346386232,2.207927230427378,0.4434626724696278,Medium,0
472.0070529649984,145.59430930361535,1.1754813434231943,11.784760624258045,Rocky,Plains,955.1929769869836,1,51.63382245644918,4.773036956756881,11.245442209940633,1817.0540729846616,0.6437024622748074,0.3246557383764745,Low,0
630.9763449762536,360.509349793225,10.315882140577648,6.963170399493472,Sandy,Semi-Arid,742.456784347138,2,40.154059393721525,3.4381033059284225,0.8743030626295702,690.5779991886984,1.6171818570995806,0.7938393519745585,High,1
327.4596493519146,352.45486243334733,5.972236851903244,7.851783662814165,Rocky,Plains,1077.5549949704132,1,36.80192457072939,1.9293578555001984,6.013377686254641,1207.8710218641986,0.5454885431278239,0.3490586047931276,Low,0
505.30099633093516,232.97478815357604,3.4172890701749212,5.268986680818391,Loamy,Plateau,640.9363263878026,1,77.62129697562794,9.06104216823109,8.664522131086573,1429.5272733765719,3.084763946311706,0.27391111288311404,Low,0
390.9991781508959,157.86828291076563,4.758179105746021,3.0193673218989314,Laterite,Plains,688.3543507160211,3,55.58639259139971,1.2716255414883924,16.68652953367624,1538.1987065580747,7.45744765647656,0.4272443193218853,Medium,0
454.31172344022264,156.71157381687868,10.324772768709005,5.1879103435756875,Laterite,Plains,1482.00488449742,1,47.26917729111718,4.065635279670451,11.291816653319025,862.8558827934269,2.025757291174724,0.4279538351101902,Medium,0
641.7677793910948,235.2078104870423,4.984655560175407,7.657612562900765,Clayey,Plains,1330.8192318087476,0,57.475555925748665,3.7533342959930756,15.187048557643298,1473.165165448252,0.022427352002047245,0.572879462747238,Medium,1
478.6648602029855,357.342218997435,1.8378345430788388,9.020286438261081,Clayey,Plateau,150.0,0,51.13278127790083,5.250043083699402,10.300057691308655,962.0941048746225,4.886026469950774,0.31153613000563224,Low,0
456.9654822234223,391.38948296131895,4.9934853354663415,7.485374621808161,Sandy,Plains,1304.866693862509,1,51.53989175428267,9.672075180039878,2.450214750312716,1197.5608878395622,7.064794393530528,0.6106230222727943,Medium,1
246.0215788530121,220.4161917421637,0.16444715742434005,8.04017204872585,Loamy,Plains,874.221790809785,1,52.044893405871726,1.506070283075281,2.478650420205595,655.0164477386122,2.9787379738033795,0.34474604396821185,Low,0
561.9380349040831,141.58090888182593,1.953749563095244,5.98892087595587,Sandy,Coastal,652.1362779853458,1,58.099616750681655,0.47893005582902287,11.80693714717274,536.9318761068067,2.114389480825395,0.29144856409805703,Low,0
546.8226271711613,312.14123654396,2.085679728806443,8.488745698736285,Rocky,Plains,547.4888425023224,0,67.08902259736385,1.3592602842291346,2.99124182858486,1368.9577170400214,4.047575538703226,0.4425259037655406,Medium,0
774.488208495819,181.17580352489807,0.7301098371816859,11.44849859915772,Clayey,Semi-Arid,567.8088301020041,2,39.65292582110101,4.231392999215957,0.28057360258833963,2386.378082268441,0.6404332228375893,0.5910012100532366,Medium,1
403.83326475704985,217.80968333665572,0.09342449462111628,9.11436832731696,Rocky,Plateau,662.0224193345547,2,74.20534303136922,3.978786397321968,3.120052447061484,1029.2584514637426,6.195703934312351,0.39289856753637564,Medium,0
482.87254914959084,439.0331308524445,0.5726244728473348,9.42862566475882,Sandy,Semi-Arid,505.50359571135476,1,46.660097317756495,0.9007411833931188,9.340924240896353,1178.7643175519527,7.929720942787554,0.4791927864305891,Medium,0
487.40755255661327,379.2538514278922,4.252457398833568,7.882049197919893,Loamy,Coastal,425.8901186245752,1,61.07423444991555,0.10661720345757782,4.03118821938747,1501.687834268892,7.317172583279809,0.6897149418682235,High,1
686.6179919645211,298.9569174701742,6.483791926734607,2.4905347912011946,Rocky,Hilly,535.8669472046313,1,57.30223085950772,1.568660918999752,14.275786772880693,1726.9376753615172,2.390939410974541,0.5816750527689203,Medium,1
435.70567014195717,127.36971986647325,17.75980714054681,3.86600040810627,Sandy,Coastal,1013.1878492729905,1,48.31700966624353,1.4138211230743423,10.13507842242179,1752.335186557632,11.098009608429276,0.8024295642243084,High,1
491.8532288655509,305.36758809647904,1.700815588792168,8.36462740199153,Sandy,Plateau,917.531551999779,1,71.62379707044498,0.19726632389305013,8.94585702558143,1466.809696016432,17.607684259225262,0.23812788462337853,Low,0
541.1844764574809,407.51887489450314,3.6589599621920703,6.967182844119742,Sandy,Plains,1094.5497580431497,0,48.47004138299074,3.4852590135477723,9.939074650217595,1112.3187290347107,2.1150238386392424,0.38030836364114456,Medium,0
477.9913684734537,234.92396010813573,11.067697058624967,8.319528659418484,Sandy,Plains,876.770556276481,2,75.02564802729204,0.7337066716926265,11.018819520100118,1539.7514516192814,1.828718628263574,0.5220289933743467,Medium,0
383.0349578174208,442.13369079840584,0.7310871829683319,12.029270253532221,Loamy,Hilly,442.6622342743229,0,66.01628402328558,2.2830682739794663,11.091343827321012,1395.5218331434437,7.30651910931075,0.5039068884508497,Medium,0
479.11349893474613,435.1294347421848,5.058368844479397,9.178107997688002,Rocky,Plains,1073.0543232227622,3,49.00571087639659,0.23543314167292498,3.9149657848268395,1169.7144607650005,7.391805334617359,0.5072635196331073,Medium,0
611.0447624789658,479.6479398572168,5.625641074927241,10.776658617228465,Loamy,Plains,548.3587523937798,1,43.61869040862591,4.336525987163585,14.303267733802377,1656.2969145694017,4.28521279710726,0.33741132636383236,Low,0
296.02270508834096,316.62917518376236,0.3727421117309288,7.284044168412191,Sandy,Semi-Arid,1126.315005696127,2,70.78233417892504,2.957431754967286,11.14044013916142,1413.5372806914204,15.40868644634941,0.6043121004627255,Medium,1
469.9454511220314,350.48700397672144,7.900308381009463,4.578352967546681,Rocky,Plains,491.92799896506375,0,44.306903677594306,1.0817706593300978,6.025216393956618,850.1184331658612,0.9491582066176875,0.30043041453103436,Low,0
344.981877759124,449.7024745997308,6.708834276894508,6.826401522356977,Loamy,Plateau,659.3831807587661,3,56.40245891490142,2.184318418266078,11.863297308677396,667.4441011141972,3.893255740294663,0.531528957320703,Medium,0
629.2569943387264,333.6872724482771,0.1358945201720969,4.5857445588425865,Clayey,Plateau,773.5129258012298,3,66.36165897419274,0.45668176163370855,1.3376228071115088,404.5898160880811,0.21504945141689086,0.23832359696678534,Low,0
221.5219642824338,219.8519070651745,0.38201221908624877,11.674884870317344,Clayey,Plains,1136.041680369932,2,63.56286040558321,9.302205912256447,12.2755510179529,729.0338549192815,0.324557629053776,0.6016043047799765,Medium,1
366.16172290926175,226.17485961665665,0.20149862961013043,9.37117322960641,Laterite,Hilly,961.5990382445882,1,55.56590342601958,3.498363095791503,9.440142604632818,1215.3515168224146,0.3310757525445652,0.4547591176584075,Medium,0
506.5817812596781,308.6265944528487,1.630330584837419,8.561537489884838,Sandy,Coastal,907.0004627528235,0,49.24418356627152,3.422348248616462,0.0,1712.482547902036,4.061141617211494,0.42691091786953794,Medium,0
684.828604385151,125.13262936645376,2.847599600756665,10.70782960668431,Rocky,Coastal,1559.984074769357,3,66.66516819650631,0.36630788537838255,17.9893959644228,1141.847161026674,5.334454934982031,0.4594151272084482,Medium,0
440.1374608390518,262.80893015629687,3.0401210707285413,0.9398307564303234,Loamy,Coastal,257.05589357119914,0,35.428563383319315,0.1,1.4645333248789845,1347.645108541162,0.020961552029109876,0.32602731466380325,Low,0
366.72007099602024,411.58565418763044,1.2460784895893475,8.764413854027978,Sandy,Plains,536.5678250548071,0,61.114603140520174,1.9368184472451058,10.870088996232028,1500.7245214907211,6.006949426455293,0.4694887451005541,Medium,0
732.1735604160885,20.0,9.703392360209378,3.068062647086882,Sandy,Plateau,521.5840326863531,2,42.43985414187184,0.3423767917899816,15.071684200990727,592.1265938906567,4.036547788979767,0.4008826595037981,Medium,0
232.7979149375634,464.1378522153418,1.8371271122649506,6.978232904603017,Sandy,Plateau,280.271691527204,4,47.47320507476046,3.3354198523939598,0.0,983.8714011049127,1.5200849394951812,0.4469254697107402,Medium,0
120.1791065069877,414.68490624437914,0.1864807361754179,6.064877222598357,Clayey,Plains,648.1681704898904,2,62.4199271393124,1.1835662996768097,9.163100458257773,618.3530166997531,0.09129173852768871,0.37678239597306357,Medium,0
516.0021675079998,224.82824610034285,1.4279977665661636,8.985209836290844,Sandy,Hilly,1140.719207328847,0,49.00440691847422,0.9094531231747024,12.431158020385958,1031.6067131200875,1.0183503993571807,0.4198875069470356,Medium,0
374.6918663471083,345.20689934461717,3.029543392342545,7.684561866882866,Sandy,Plateau,692.923410519487,2,71.88757911766615,0.16830516958140299,13.580504095659293,1332.5579033808697,5.502729995898172,0.4448548655431061,Medium,0
296.815077430393,280.37772722875917,2.0984936585351837,11.035351520835366,Rocky,Plains,783.4489598047917,1,66.47725248319334,12.183302369951544,14.084096262054222,1239.2186959553055,6.452425804374918,0.3505914884557597,Medium,0
556.253467094903,427.59884421264195,1.2799534873557585,5.19430851720216,Clayey,Coastal,297.1058102419013,1,49.629891990477184,6.87238350452754,12.629646070357147,788.3680924034225,6.248763680876678,0.7616340149442319,High,1
486.57010706567985,397.92197713239295,0.5631368077337017,9.127343168899852,Sandy,Semi-Arid,621.2160486938785,0,55.29682843318405,0.3104184164196615,6.320102135192713,1472.7706341701455,0.9974774634540085,0.44824685657491614,Medium,0
365.38820538949074,111.9915132180389,6.84067000509092,7.486669650696496,Rocky,Plateau,738.4054495443456,0,44.756571523051676,0.8903022049838398,10.296546593687866,1331.4685310800783,14.529179014175309,0.6002813523528914,Medium,1
257.95434019936584,350.4714896157012,22.23378832708484,2.094129189785342,Clayey,Semi-Arid,1124.84014789149,3,63.67573654809932,1.0902940441240554,18.057171122760604,1414.3214165072225,3.1754863767719295,0.5977966572874772,Medium,1
580.8685992420217,255.32465756281027,1.5991776687865875,4.244150624430902,Laterite,Semi-Arid,313.7792607286226,1,76.81756832416622,0.774654024691286,14.318004743682025,1277.805274340791,8.76629939236288,0.23374590085990868,Low,0
547.5301766937991,289.939908462172,1.9226152493109847,6.550365899433495,Clayey,Hilly,740.7469389976017,0,43.65850607029991,5.995495541721534,4.665657553668452,824.3426511145442,1.0925922556331336,0.4789730004015756,Medium,0
435.1236204330926,192.61937188362214,3.8497316293571417,10.336877349675184,Loamy,Coastal,1280.3863105241117,1,60.26090512467116,2.811092772293603,13.326808220801851,593.2770328533468,3.8157113452200564,0.6058011348784341,Medium,1
726.9955494071498,489.77644829450026,5.069659791947706,8.391169172671344,Rocky,Plains,744.2208500318576,1,61.88137378934022,6.86766866429059,14.781452507907947,1394.337650088461,4.422859961568615,0.6103670790290459,Medium,1
289.48728505107715,404.8074183883091,1.9905159007018425,3.497497528357857,Sandy,Coastal,159.5535050584624,0,42.99954652229482,4.566083652542876,3.601443983237047,1411.9911128808155,8.82733039772345,0.6293580704866636,Medium,1
221.17122436128918,191.22746032324392,9.41254694386321,6.57905131585852,Rocky,Semi-Arid,1347.711522071867,4,45.8991751207674,3.0901804298735405,7.894752701309963,1238.443361234157,5.82953540258236,0.46423980380922014,Medium,0
346.2137895178133,119.84672717077208,3.2839584741611616,13.05341934637909,Loamy,Hilly,1157.2139298884165,0,36.30001720896472,2.6266106281196215,6.570231352154627,2252.227388479275,3.057982684807915,0.492518005342615,Medium,0
443.16209754667534,233.7192842826582,2.394185928828161,7.333670004522574,Rocky,Semi-Arid,1204.2890112775767,1,64.73021059333018,4.424483435017169,12.622453937750565,970.6703992328946,1.9920164905996616,0.3699241842312491,Medium,0
486.5009173984038,332.1403175309567,4.161442426467047,6.018023274782813,Loamy,Plains,289.6757236391121,4,53.68376426285607,2.535472576720715,5.951394845783435,1371.725875102157,21.66190722608077,0.3943458237333084,Medium,0
413.8145913215505,308.82470127354674,12.21377168166903,8.475218922268661,Laterite,Plains,1429.3595040465252,2,49.29246868492615,0.4601119245768357,4.854114428787702,1256.0301179060898,2.008893602095579,0.5447797814390144,Medium,0
502.8083094771445,430.3759389721892,6.330255006005712,9.29017923874591,Sandy,Plains,629.3533702110808,0,82.77182574738332,2.297863897256891,13.457794415849197,1183.267237720548,0.8319453655114135,0.5572691745264672,Medium,1
262.2690863714334,374.79036666170225,0.16334268901819773,5.6314949575598225,Sandy,Plains,721.6963695229192,2,36.37579454275057,1.5919414926527973,1.974186484794778,667.666124251667,2.1436223618243626,0.35206951526275226,Medium,0
666.5646906109889,396.3482830903488,1.6157246053264138,8.507724323114312,Sandy,Plains,654.0279919027987,3,73.42028499943268,8.82540846178904,8.927645444402973,1065.1002201573847,2.3754927060782154,0.5004658149886445,Medium,0
437.67732324111466,319.22264807325246,2.5436260333780325,6.013331509987572,Rocky,Plains,1231.4280136843224,1,32.15120723134491,1.5692150721253055,4.3549506860405724,1681.7279358602373,0.8208285273693093,0.49481728292014066,Medium,0
617.5943747382191,113.28415237468116,1.5105296578291136,9.157982805488315,Sandy,Semi-Arid,837.0705766231465,0,51.75103537960821,0.1,13.454346947371667,1494.9388080255144,7.388991157249668,0.39303490189729934,Medium,0
501.4088019566556,256.5161762623718,4.818392810459491,7.509079473913851,Loamy,Plains,1068.609361405669,3,37.61747867465145,0.6749218978967666,4.942723173195027,1626.168791029007,5.792334635301463,0.4753566089966498,Medium,0
518.5129828730676,407.2107687890399,7.000992062591187,8.445903481158677,Sandy,Semi-Arid,926.5653580095288,1,48.15977243457395,5.485754571204464,8.18354903379552,895.7531157396763,2.2841855239422126,0.39881869193168695,Medium,0
535.4650920348306,273.81724857704245,5.257310418828635,4.722449361497487,Rocky,Semi-Arid,866.7352987074778,1,51.50930484698397,7.215099052097485,0.0,1662.6360820029677,29.771151377239327,0.376957995117648,Medium,0
517.1562840025972,340.37084423484964,18.16250922004332,4.5361408477814225,Sandy,Plains,568.6255776888313,2,49.48309685631662,2.868333373502215,8.00902857729557,652.6353538440263,6.385457751591116,0.7188759535692947,High,1
546.4084139801316,241.75020217046404,1.2728271098680517,9.836491913978184,Laterite,Plateau,1534.249205557718,0,61.00081610423484,0.12879829349072078,7.116745551429605,1102.024562618717,7.287885196406573,0.4083335044406572,Medium,0
649.3728795198647,156.42257817497858,8.317430021625418,6.761810855843518,Clayey,Plains,387.81223002316983,1,68.53257005696828,0.1,8.35787708495156,690.6964353355711,4.887587380047664,0.5249955248683229,Medium,0
479.47817545522054,265.1987123144668,5.820394690247096,7.855104226298085,Laterite,Plains,1044.2888909121395,1,56.64220015689718,1.4369254455045342,14.509719761683527,2086.9147762849852,4.812079542284412,0.4841370119464403,Medium,0
556.3505636382769,317.08569316391845,1.7987888766268298,6.080813718740441,Laterite,Coastal,1031.8298072375476,1,61.88065881197643,15.0,10.990777144290304,1280.6822361646746,0.12135257144333601,0.6352036273200695,Medium,1
436.53964585691597,201.31747366462676,5.2989091563253305,9.69618032204093,Rocky,Plains,1304.024700153349,2,76.7318321183848,4.4766165332118915,9.978215337197478,1673.2010188813872,8.841744529672868,0.5164441857357831,Medium,0
666.0175823174209,251.71465061719977,0.4395985695553781,5.176570059911027,Sandy,Semi-Arid,1385.8315113327474,1,49.624117485714976,5.950274512304815,4.306420212618877,1400.9236127392462,14.497261949528136,0.5763090828754366,Medium,1
348.54115469110957,167.26441096168207,6.229915523265552,6.593196280297351,Sandy,Coastal,851.9139902041285,4,68.84647919212345,2.1492844490567458,18.68524549904771,1466.7351460680143,0.782456330911286,0.6829900450787869,High,1
720.1410649366223,414.3093901076915,3.0399745939123846,9.357978438109395,Sandy,Hilly,1085.6380070736634,0,88.30705982552479,4.311736830763187,0.0,677.7521214045884,9.526953271854378,0.6503395749072967,High,1
443.97630740334847,244.66530908943594,1.382884471034598,10.518903097492798,Loamy,Semi-Arid,1517.7057986583782,0,79.76967736443285,0.8474818266108062,2.018015933515221,1168.1638344093772,4.585372062771029,0.46646735826059793,Medium,0
235.38373468229278,454.330665415142,4.265865810133869,5.42872212691995,Sandy,Plains,877.1881315772117,3,77.5518951637564,0.1,4.177376265922636,659.3537062970239,2.015431341157845,0.5933764464059083,Medium,1
469.2156622366184,463.449742064909,4.104645597690555,12.879051945867648,Sandy,Plains,526.7482837271882,0,66.73736762026255,5.509013738612458,8.95067239182186,966.3869597068282,15.221046028182649,0.536543935881887,Medium,0
347.84225137876786,270.27448423339075,0.9402887756791191,7.939725081080849,Clayey,Hilly,765.4361605552026,1,71.81392058942743,0.5421929942402545,8.217444468426681,1212.1356366821283,0.1051412789408582,0.38270726509756897,Medium,0
576.0965323483086,158.98615209431804,0.12347598971361427,3.871215214573787,Clayey,Plains,443.3739004849365,4,52.193857737774024,2.868234342220913,4.227755984353007,730.8720068505061,1.9217155575039353,0.5441025317386382,Medium,0
352.10640310464134,29.692254671999535,2.273978461608574,8.107156145769904,Clayey,Coastal,1030.1358838481528,2,57.02358578839942,2.366709302082134,8.880817196889188,549.883675943549,13.042504387636356,0.47483994604590457,Medium,0
383.07248501778304,103.355551236785,3.371342106246484,5.8510023565496265,Rocky,Semi-Arid,1272.5596728492224,1,55.62875977371047,0.3787729475960225,13.790935773088659,587.6739393224967,3.935275934553558,0.49600929858953413,Medium,0
166.56889035817034,115.13982101216078,8.369467771615243,8.30220546154953,Loamy,Plains,857.6354777763615,3,50.039888356628325,0.4793385688065781,8.278239715257673,1507.8370726692197,5.481593216549059,0.48703323723244607,Medium,0
382.1540521126385,445.4163552953805,10.536419011842316,6.871431257018986,Clayey,Hilly,332.6639826912258,4,59.75895611842115,0.8780071692911995,1.7040742582510688,1032.9198131790424,8.312200617622187,0.5490901549696882,Medium,0
86.41810100565652,293.89895046723353,3.009934883571061,7.2228210705704345,Sandy,Plains,1257.577792270187,0,51.70387840857866,3.1116986945923277,7.480401767991428,545.9437893106021,0.9608267145496161,0.6833243988505179,High,1
212.4145764771415,326.75254289103856,5.606500861953831,4.2652198702415625,Loamy,Coastal,278.29536345197744,0,58.74684125872455,0.1,3.9115696034428566,1159.3886752460255,1.45376788987119,0.4385933490182738,Medium,0
564.0621984216446,20.0,2.3143004480688307,9.97018369214908,Laterite,Semi-Arid,358.9158277269356,2,41.43104957541777,1.1498889737409224,1.010367270886798,1545.0475264171787,30.0,0.8051441430760659,High,1
567.8700237976249,136.2440284939286,5.4829780614382555,3.5316178985469033,Sandy,Hilly,837.5815643768484,2,51.598719245070455,2.4067180136727577,8.193489091059357,1126.2152416757292,1.626544487052115,0.3334752397672402,Low,0
513.8186342677448,386.4495731735544,0.9166541652866016,3.673705313785015,Rocky,Coastal,988.1248359864247,0,73.78760625618997,0.4138274238137443,3.476903748000204,470.91232242013973,4.64877965248766,0.42683928598541737,Medium,0
304.9535785306181,314.41289348591033,1.8549077783790369,8.10208104744246,Rocky,Semi-Arid,1047.786624565424,1,60.339458212588845,0.27977708089853637,6.345975035223279,1091.723499577364,2.1289793390201464,0.3821990541727242,Medium,0
442.843296578703,262.3353665577283,4.022980349085659,11.80853274153391,Sandy,Hilly,876.8511567837344,0,74.01646158689312,1.0882175007575856,10.111374444961761,776.1575661268723,11.43977687159444,0.6367453387490565,Medium,1
449.45961913641474,347.7810830320147,0.07329937869684648,5.942220708806778,Loamy,Plains,1516.0153177972002,0,50.73304032692799,0.7428428519862791,9.60367460515627,1301.4605108106812,19.582584692759898,0.2653116135644226,Low,0
276.2452966211186,476.2957367362978,5.127179733248209,9.102916968111897,Rocky,Plains,922.8089193791207,0,55.02040814927913,2.303931608753465,14.024927896215015,990.1876477206255,0.9139609623786358,0.47872917162332096,Medium,0
675.5097452650725,253.47490437555393,7.220242180992284,10.220020530590636,Loamy,Coastal,1262.1338356135275,3,60.57916015368361,7.683012090474172,0.0,1281.9098508531765,5.5063524989925,0.6062012460730731,Medium,1
581.6043435863508,288.32437631896835,2.037584324822467,9.444053311882207,Clayey,Plains,1175.4340974331444,5,55.66374039866329,0.1,6.97775347984727,310.7585100193263,10.014380191030984,0.3804109313057685,Medium,0
416.8553739255504,303.11163024775664,2.3764116857504622,6.066375132478956,Clayey,Coastal,447.49419372841464,1,41.26868833399702,5.1186783819309465,13.05958721378109,1208.1825199260054,10.390577861202516,0.42590341105570045,Medium,0
454.0328758491796,567.0531562328791,7.622819242893991,3.726859848417776,Sandy,Plains,840.5943294500676,1,64.80225950494025,1.249136712741134,0.0,1038.4315940157185,3.483709523438092,0.4272886892993558,Medium,0
481.2574211921329,28.077248269716932,5.9782744316414185,0.5,Sandy,Plains,1643.1621796483566,1,46.17292718138029,2.3994676707238725,7.146620606889819,727.4497468337458,1.5322678195832116,0.5208829159852169,Medium,0
143.73976973635638,361.98676177465694,1.3595493844866542,6.21147850161282,Sandy,Semi-Arid,723.47720112091,4,57.87492884584869,4.188778919568003,9.003489178724854,1201.3681347220515,2.9377118013582866,0.2756253836181056,Low,0
412.92339262191047,266.22373014891235,1.566107432962548,10.534262105686524,Sandy,Hilly,663.8828164751583,3,32.434219077970084,1.8745011799595988,2.516759395517255,1014.0126183074847,8.345495159461477,0.29022053476521953,Low,0
347.7023628003302,348.01260714210156,4.543739557742684,3.6275020457141975,Rocky,Plateau,959.7014535169578,1,50.21689861403589,0.22523183931933483,4.61996241680758,1134.8762640312696,30.0,0.4994091125845001,Medium,0
299.7569985157627,201.1152935206331,3.313101949820478,9.100629542556296,Loamy,Semi-Arid,736.0180247589818,3,56.48508075255497,0.33333342701765745,2.05362908169071,675.1726782950817,4.848509912741937,0.5139670640686974,Medium,0
407.83495606710676,274.124196296986,0.7080446688826915,4.149542409844384,Rocky,Plains,622.2033971742165,3,64.73576360996205,3.425895532004321,9.394842094605913,1242.935193898265,1.3024053504756616,0.3893696875976138,Medium,0
719.6529790274284,365.3692695358594,1.4838484228900792,7.318217729160515,Loamy,Plains,730.8508119958447,1,43.17483239026983,0.5724275070257653,0.0,242.2884026348762,0.2570364611303808,0.46108308723949176,Medium,0
546.1264291900515,653.5492241252609,9.20967150304867,9.123374842465052,Rocky,Plateau,1401.203384979019,1,47.30577088012377,1.8518158320124234,4.173145744509126,1067.5769516497394,17.26128177893169,0.38406541418520196,Medium,0
364.3231515325805,376.96434272824854,4.661245358325741,5.021513689484717,Loamy,Semi-Arid,852.1834579828496,0,79.17150482473019,1.2292655179006144,4.401127178405344,1145.6211477511106,3.958659765393121,0.26767939864018514,Low,0
535.8874172034238,178.23212823633895,17.067460715531634,7.511454042090742,Laterite,Semi-Arid,435.1737385358508,5,81.58267173281985,0.7961515105876128,12.53805100286777,2001.6247861654956,7.565220493964016,0.8002261760958674,High,1
659.9033154879003,229.1488381572756,5.827082414415828,5.7547259898240135,Sandy,Hilly,370.8887116691425,1,64.17647000173106,3.401883856251655,0.19038983157569866,1025.5632553580378,6.476053556935892,0.35447301376434454,Medium,0
588.6950524369154,225.59030699393753,11.387486161840192,9.11544597681453,Loamy,Semi-Arid,1672.3817262190644,5,73.35572974125083,2.890469169485216,14.48259566935924,1954.1513956798203,13.291363284538647,0.6427229490388121,Medium,1
458.94455548802614,64.5228192843982,0.9743472618368698,7.705951505453911,Clayey,Plateau,821.8329706980642,0,53.26114027870632,2.2852851921131525,11.735895536177168,1724.5330105056246,1.856217922940721,0.17216585325095535,Low,0
352.9594833441639,240.38917699582754,5.904611509908745,7.169523023287802,Loamy,Semi-Arid,1052.1024753378965,1,65.83978652474686,1.0258264331981688,13.225380283794323,1094.8359096289985,3.4973689045887095,0.5705020420643444,Medium,1
554.7334970420385,367.9394898186094,0.0816987651545013,11.675049880425933,Clayey,Plains,630.0179707811367,1,65.23680072967495,0.5649407364987298,5.865706592104508,1163.4261094863698,14.694052459052083,0.4566875290409229,Medium,0
509.02280781326243,127.09214571078459,4.44387350728838,8.986918427104907,Rocky,Plateau,1012.3450892449955,0,46.70080484033757,1.5959973753322314,5.900524330380289,615.97807157546,5.285196824627934,0.5397873079111583,Medium,0
584.2789830041598,405.8179181260711,2.5340999852054122,4.928944401621132,Sandy,Hilly,1410.7653780605362,1,60.35807852812297,3.73744391296157,4.065356947079472,862.0519798642677,0.4442153452546447,0.5503470845247818,Medium,1
545.2757702522954,338.5329785301206,1.703243171484266,6.742408297606715,Sandy,Hilly,671.7078856896858,0,54.455900126293265,1.8859103374701227,10.90359462983157,1272.347088835975,1.2976345937469387,0.40841413544355754,Medium,0
607.4329072979003,191.89200136347546,7.933743936080474,6.772303644761018,Clayey,Plateau,1060.505372982004,2,62.41404024650122,7.724691782894022,6.241804653042067,996.6662522013614,1.62467455300873,0.4166832437249374,Medium,0
369.7147182659148,263.01644351945833,7.7039354062645256,7.240958717875635,Laterite,Coastal,407.9888034383642,4,51.57896838942298,0.1,3.9621011109150768,1599.2119653751847,30.0,0.6521759770324862,High,1
647.6091098451489,471.79861691692395,0.09021659302832839,14.573527829822485,Loamy,Plateau,1608.0031414283771,1,40.541611395551655,14.091068678721875,6.229363180932776,1485.323193656699,1.5226913144350727,0.3586369232982302,Medium,0
479.63994070385996,368.0257376207039,3.7613617098265237,8.11255567813299,Rocky,Plains,993.9875755856012,0,58.20706986292977,2.5866250380775826,9.855671540812322,1304.5231789701354,12.226761350330634,0.03746159210054398,Low,0
761.2891308937899,281.0540385877777,1.8344018088761824,0.8922922896856722,Loamy,Plateau,755.5221544766978,1,67.96735360739365,3.933185027991123,1.6827552992146337,1499.0017728015246,0.4878828157061059,0.32830444897433186,Low,0
346.62182728656484,251.47800196468188,2.1490959507306147,5.371603084849104,Loamy,Plateau,795.7440568498427,3,67.9691208005182,0.8973725496428956,3.243817211194134,1370.2208741356433,1.20330930059195,0.24128639770534294,Low,0
710.3945704747874,289.19308845419914,7.136135297341946,1.2028837375125745,Rocky,Plains,721.4866389199826,0,36.68556900707053,1.5619352309518286,14.749569413012502,1193.472255843741,12.336938695732481,0.40306204513839167,Medium,0
479.68661751939715,218.58837304692358,1.4833259726853005,6.010605228862481,Sandy,Semi-Arid,739.3831925567774,1,60.18922219958002,3.507891937563126,3.4659119379926286,813.2448541943627,13.752036099606988,0.5738740327305305,Medium,1
352.2872994578328,27.430059313718232,11.462242819923087,1.038069310820715,Sandy,Hilly,150.0,2,66.2628294418567,3.145617549150555,15.237470944476424,2105.8384892800896,1.1629376837114385,0.7257121942131092,High,1
377.41712489185176,525.0613492641677,0.7920179407773671,4.385228586794716,Loamy,Plateau,865.7119937661356,1,59.64439090780938,0.8943380705421999,5.364208112438038,1510.6632592740846,1.5670368839069493,0.5848173273658694,Medium,1
401.94790377085195,298.63899990392815,4.347396072514963,2.43783541109764,Loamy,Semi-Arid,851.0424617880008,1,68.37587753391522,0.8627723361294913,1.2218199413487403,1364.5592170320772,4.537382408017475,0.5086904819312551,Medium,0
513.6248919602874,327.77767181470443,4.460248192699547,8.152480533902432,Rocky,Plains,1071.031538041167,0,41.07332421164655,2.3916470088542434,14.851491346821195,797.8710679775169,0.324728699773879,0.3443846757093219,Low,0
528.425323205325,273.05107001477097,1.162452984202988,7.001618087886636,Rocky,Plains,716.8996887454657,1,44.259964620849715,5.96848979575467,16.726416142181606,2394.842980439188,17.433613009233433,0.5767317309116107,Medium,1
363.94499940921315,191.78598391304945,1.5706927525977465,7.908886922496193,Loamy,Plains,630.1372900506422,1,65.07222688027856,1.270836529390019,5.096123849905377,834.7833164686401,2.69722356980043,0.20812239127242238,Low,0
446.34681116085255,257.68906228614753,7.202357172472511,6.68634583429442,Laterite,Plains,897.2787694414587,0,53.82069474708605,0.9577018744196137,13.463621660153784,1214.6383695602592,4.031696288684814,0.4030627576115111,Medium,0
771.3405537917795,88.07262853668266,5.738666733632806,2.8171067493867463,Loamy,Plateau,335.6711586683307,0,72.07574406240724,4.951801260456843,8.51553006740376,1233.762520867561,0.6659135414539412,0.41162295589933656,Medium,0
709.1314755151068,553.2503797663965,1.5965161755867487,8.540564107764206,Clayey,Plains,950.1981156371045,1,61.68160922113826,2.527866815683934,8.788640068980417,518.6721223515428,0.19851593422836605,0.2031367544923904,Low,0
515.4485504511048,131.85856018931247,3.0539056091318892,12.766673680808358,Sandy,Plains,248.3632591673977,0,47.25523430883865,1.0812428999003554,9.569197542615186,1418.1479213840478,3.784606128476102,0.4992164309345006,Medium,0
455.70052172523003,156.16404593833846,0.25465820998433236,8.22763773581964,Clayey,Plains,1292.2865270907785,1,46.65064174241596,0.12976032737512877,8.100996701691745,1365.910244106949,0.7783794451905457,0.2720515425093063,Low,0
468.0046990077392,227.16889547363195,0.9365444064708301,5.7222262020473025,Sandy,Hilly,1139.4944844812712,2,35.47886727249114,2.8122571397402965,8.511808056461927,661.847034391879,5.970683784096094,0.4831795628899321,Medium,0
542.0276959095625,434.5690869822853,2.6607318687009993,2.715798471683665,Loamy,Plains,575.8349432515954,0,66.24973034878373,0.9575138329710595,8.030367839403445,1563.2930759421847,9.493309607112838,0.39581104454653826,Medium,0
296.58111522023916,281.7410799115185,0.3595838876899618,4.275799087720104,Rocky,Hilly,1131.398304668313,3,56.599210389988194,0.16099532470299247,5.119912817986387,712.8353584587494,0.19310105669051297,0.2369192847218851,Low,0
411.3935193864982,131.66370447634452,7.4145145103801315,8.359118969716176,Loamy,Plains,939.0299784888584,3,68.99597990490624,2.0844896320253494,4.460992609549281,1036.9589643851557,5.683941382497263,0.32733594408124883,Low,0
199.71238891836157,430.52060329088073,5.063480919779318,10.219354080398125,Rocky,Semi-Arid,546.8464191202991,1,61.09293209985069,0.8582071400348696,2.253909252610443,808.0417987684781,10.144758284232784,0.4934006004029325,Medium,0
509.8834683907919,367.72007521425775,11.503533184262855,7.782598524165928,Loamy,Plains,191.99334496981874,0,59.374115652721535,0.9089950111315508,0.0,1501.5579071805842,3.47278530883184,0.5996268793736883,Medium,1
547.0793909554111,344.6121948659743,4.729718221673684,9.39966186911795,Rocky,Semi-Arid,1010.7524891992583,1,67.78485098589199,1.4351300416150774,7.543279093710107,1448.7681225611877,19.26911726904298,0.6137362596165389,Medium,1
377.5220306550939,365.88810894050084,11.280490918836866,9.123034732081729,Rocky,Semi-Arid,622.0013535027379,3,56.82502056021561,2.7807723090247167,3.7856299643841496,633.2429150517812,0.7072638607733704,0.5750008417991763,Medium,1
686.0980144935049,567.3234280698941,3.2343448633504046,8.519603174157753,Clayey,Plains,1283.239349393628,0,54.01163124507637,0.7115249935859697,0.0,900.9313039657031,2.3403663433321915,0.4964545575822513,Medium,0
266.1351505496488,542.2113874043334,3.6673496357190167,5.024579214216232,Sandy,Hilly,904.911806858648,1,57.9986515242193,0.1857026758237354,3.88892425319968,908.304238270654,1.5687732933132894,0.4699741036251532,Medium,0
230.34376796852698,197.59415883960457,15.084013439132116,7.521770535925457,Laterite,Coastal,655.146056225939,2,68.10098148678719,1.2152513808082268,5.343743836602821,1523.0601474018877,30.0,0.6704276074839638,High,1
483.6677727839958,474.8661991373383,4.11033241238647,4.454866588353585,Clayey,Semi-Arid,1529.243556581665,1,46.698029376996246,0.12428116198312038,5.252233932814318,842.6848353228413,2.0903391971088414,0.6395121582678353,Medium,1
607.0647453918232,325.98018277106803,0.12508172868490072,7.0522868588743055,Clayey,Coastal,1101.756272411052,2,69.09663610587776,2.628799882755387,14.963543760413764,1137.4716005770981,2.945419868794219,0.36710974746304126,Medium,0
702.5891537186803,339.89149793652996,5.146560364112938,7.9925905932007355,Loamy,Plains,150.0,1,58.76033619556789,7.040306142678182,5.024069025383811,1082.6545414179989,11.288129050642963,0.6838126343990565,High,1
381.16736056965897,76.92750020280056,9.435296796868172,12.036351422160564,Loamy,Plateau,729.7628809231967,2,53.39109833092792,2.3653646341026797,15.228035103902462,1035.7402555000372,15.952433149740923,0.6094762059964008,Medium,1
611.8021250146944,259.5537081534165,6.350319200192536,3.0708040768971037,Clayey,Plains,415.5688527956518,1,60.198974636543014,0.7086691052734314,4.244298088067586,2060.32445717718,16.65931341475917,0.4710357525307144,Medium,0
444.2237295748939,182.4611691596122,3.5066772482255795,8.444522892973916,Laterite,Plains,620.070721797892,3,72.11673711308411,0.4411641940928864,10.410873887756845,861.2566132198963,4.900953882776978,0.294046880969447,Low,0
424.1059050088771,379.3670577871971,4.450481944842501,11.443709774870785,Sandy,Semi-Arid,849.3436603785124,0,72.02761833298379,0.5829699519594598,2.9971013196285625,1086.0566392431285,6.531417385236228,0.5842748416059157,Medium,1
582.5489906230009,408.5296600483366,18.498141650513613,9.27654329751639,Sandy,Plains,1023.9169780056411,0,62.70499170286042,0.551160718082312,16.577881485771716,1381.4739529786716,2.5770567645790363,0.6786109083000954,High,1
547.848431762013,31.06163787804263,0.3801540562762988,9.498836328475125,Clayey,Semi-Arid,991.4780097397509,2,65.511796494828,0.8285873332826702,14.127709647698277,987.502868652806,5.606097841053294,0.6171467077351811,Medium,1
213.54117645236258,277.35581631948753,4.401393122120514,8.763084705603436,Rocky,Plains,1277.2555767976808,2,58.51880650518955,0.22531677844161263,11.74324568006279,905.9477122954108,2.163650893438094,0.2603044986173435,Low,0
671.4810524588844,414.62338057531025,1.3329370277557808,10.89500346932625,Rocky,Plateau,1122.8094321280334,2,50.98257537829243,4.973466637029975,17.887794857847013,1369.632224863681,8.22319594443391,0.5322282968291396,Medium,0
657.0137031221177,257.5985245223866,4.087609522766096,3.737565495662896,Rocky,Plateau,1101.1614251939268,2,63.338886048785334,4.7605172678883765,12.35034569574505,1591.5299313221535,2.202171145522697,0.5671295135434282,Medium,1
356.1655947735706,367.48763740028375,3.742134537398186,2.8422200020892605,Rocky,Hilly,970.522313096646,2,52.614289552817084,2.1012767131038528,10.192553343678782,1851.3051052001274,12.692188740148858,0.33861081151932576,Low,0
509.37053001561134,322.1398561152501,0.6663763318865331,6.980997578604232,Loamy,Coastal,1350.3795984540654,3,45.68183023417306,0.14062496108227932,1.2242900859938173,1101.0384324763097,0.9292929086295398,0.45644448005442373,Medium,0
524.1045279424109,320.99922783431515,0.9264504801003187,0.5165136892848707,Clayey,Plains,789.3032098831789,3,52.93197050628217,3.5852176776931794,0.0,814.8422725598947,5.089061287755781,0.5624554476195586,Medium,1
489.1010648735861,247.44220263180432,3.8875264437427455,10.691937412534035,Laterite,Coastal,798.3938559426832,1,38.29503759959687,0.1403159227834645,1.5278671668450823,811.22595395593,4.412264700842021,0.6486219534811417,Medium,1
367.454226923187,134.01030350371485,0.5489183635393103,10.662145586486325,Loamy,Plains,233.04932645961435,0,43.13775554026914,0.24754572119903823,0.0,1901.3809282693303,1.8368482055937603,0.5009556938946079,Medium,0
349.25649480929224,145.4163823089967,1.232523594667023,5.699948334746422,Sandy,Hilly,1269.6574153335125,0,82.34929899267388,0.8656599264633534,4.000355793209195,1362.5403101988566,0.1704098667546612,0.653557839383082,High,1
446.1668893512832,365.1223017346381,7.213196326450551,5.887688210018471,Sandy,Plains,873.075985477296,1,71.51155533954451,1.2423438620657887,13.471419495790645,790.3514687929139,0.9647720454193525,0.523399002880852,Medium,0
625.9093528889047,282.33499066226597,1.5845837035791475,6.782957574547986,Rocky,Plateau,1926.7619971599454,1,55.118232813526284,0.9609245719524341,2.6666928335558406,860.3166737704894,20.642966964162866,0.4046741256973904,Medium,0
531.5400231891649,263.378530647133,2.678192614238497,7.1560619513188595,Loamy,Plateau,758.0635578831398,1,64.26567979293361,0.39731731336561626,5.687826728443982,644.6188085092076,17.01235612181447,0.6438367737572608,Medium,1
394.40785018708414,229.13319492131768,11.330396920568228,7.381521757582856,Sandy,Plains,931.0023452958574,0,46.59372585964502,0.26164517528805115,8.284317944276026,1160.4862006284002,0.7622343263770031,0.2469988663051693,Low,0
565.7548065972517,243.3773385423098,1.0306764776782587,8.67469632063491,Sandy,Coastal,1091.2767337629448,1,65.93908915497859,4.316278127722386,8.460850407920068,1441.1746878594613,2.818679834698325,0.44600483931839735,Medium,0
80.0,405.62941533857673,1.9747336935082473,6.482120940974566,Laterite,Plains,514.3350094539505,0,61.13464306508804,0.9927943586596988,5.03272538436949,1972.85927897499,3.7543513882159374,0.334048287220601,Low,0
622.3148550558155,239.7707101758368,3.7302676481462687,9.829579910433381,Clayey,Plains,1025.4916998577296,2,49.540607463326914,0.542668061093445,13.94202776717743,1742.314892686764,3.9013529942504626,0.4277023915268898,Medium,0
189.04293318328507,119.07223440381176,5.631525647717411,8.33784333137591,Sandy,Coastal,912.1315012200149,0,54.12068990248892,1.4684176875850412,8.121958098174638,1218.270085681863,2.1299423569709415,0.5614550908475854,Medium,1
395.63385878953017,369.2382130648208,9.277028680198553,5.179109662382094,Sandy,Plains,793.7091336131068,3,53.28777477347831,0.1,8.853954970925729,853.9693085683826,14.647830924131455,0.6250935647234418,Medium,1
282.04951580607843,255.41480033623392,9.882736488070174,11.005338003412293,Loamy,Plains,1310.4113855600524,0,68.20004179037979,2.0173866567669756,20.377987084997933,1429.445674000944,14.347881510114515,0.5680552472009711,Medium,1
255.79777864186414,283.7675038639332,5.9958831695206865,2.925229041632539,Loamy,Plateau,583.6879487312706,2,57.023514163374266,0.6284744694746042,16.6851418796469,315.0594989353855,0.11465913758339144,0.4487088820416568,Medium,0
624.124018106778,472.90939676794125,1.0367974624756728,6.72350256753557,Sandy,Plains,996.2157395787775,0,39.062314646066355,2.005942184685425,8.09556129650844,806.0352201124385,6.298956327337128,0.5816234039185373,Medium,1
379.8448198032163,277.53273311793913,0.100489072690973,9.900752203226403,Rocky,Plateau,1409.1325019847661,1,52.61322405215593,2.094932889111652,10.732428245320463,1517.5899302347384,0.46363494465410743,0.2669328013177776,Low,0
501.97558225960734,314.70204077424705,1.9365655463972262,4.830780685263566,Loamy,Plains,652.6823854152956,2,48.61160739853726,3.6446438976151683,3.3903839604234385,1637.9821960415757,5.460326242625311,0.34137624033248043,Low,0
442.9619131681224,138.52918104420095,0.6105020119471084,7.928666940301454,Loamy,Hilly,796.0899060576953,0,40.26444356059027,0.5747303710944641,0.0,1854.2393318792192,12.099607107723234,0.2980715035587062,Low,0
521.5561240834683,253.63966571788478,4.956847862027785,8.630018790997145,Loamy,Plateau,1720.85659721514,1,48.86572327069838,1.3697701772536701,11.40807683451297,1143.4194377259346,6.290897266543752,0.40286180455577497,Medium,0
461.5232836590383,353.14312542503217,4.328561830760444,4.418428396056283,Clayey,Plains,1066.03687280462,1,32.097967518678665,7.187859186496918,2.713837163288166,1848.1609185377702,3.797141691944242,0.244890266672505,Low,0
257.55116637171454,93.35515193905093,0.17987081117922749,6.7825668412178945,Laterite,Plains,722.8308831750838,1,46.83062387183284,2.85722996401032,10.821885868050192,1007.9704280916819,19.005636591502373,0.6501564655890648,High,1
599.440022917071,304.10141117388514,7.246064103467698,6.530488509372369,Rocky,Plateau,1180.9186660274672,0,60.35324599790801,8.145999870790375,18.73855681813687,968.4635100740534,8.236682515382782,0.592094449544772,Medium,1
375.9365125258031,292.0949287173768,1.144031319333463,5.3447864445031215,Sandy,Hilly,701.167256943141,2,63.44476039596397,5.769100033336893,0.0,1353.6975169925067,1.7205699589912027,0.3179535108734418,Low,0
216.51271520103734,284.95449467049275,2.2641348839548816,13.905024556152323,Loamy,Plains,352.2794265439752,3,64.0414086331232,2.0757656995017126,0.0,1771.2562569940196,2.9357244820862793,0.5393447145158025,Medium,0
385.78272585511314,404.4590678389892,4.409682951922824,4.710680939663573,Clayey,Plains,1380.3273808428096,1,69.48824731347317,0.6741471870535769,3.4077819883372333,1669.5301734571601,8.559582294018186,0.4118126346488265,Medium,0
675.1139685951466,320.1326217818226,2.244399061908294,10.01479088220365,Loamy,Hilly,513.9292575541449,1,72.25133552554021,3.1116398980440834,12.050695371344027,1716.7234489233451,0.11701923123494899,0.34007102628634023,Low,0
577.533261317024,457.3686278027733,2.3284831654437035,5.821596949356574,Sandy,Semi-Arid,1758.099418749052,2,45.70559492403335,2.6349910251843163,14.251516479579124,1463.3616713314752,0.3966035795634617,0.5190724965499568,Medium,0
397.7021798388211,160.76925812871565,0.2715225124748619,3.740091433344155,Loamy,Semi-Arid,728.733668588228,2,41.480056839440316,1.9555684569398288,12.043425926936395,1679.5349052110578,11.772007002633714,0.24320510594131997,Low,0
397.6113443522357,296.3109480662018,2.0529377522576646,7.308442729465207,Rocky,Plains,1646.6426385466493,1,58.51105752741557,2.6328784962755543,9.4392641234661,1214.030908301773,0.26337271174504745,0.31574962299754505,Low,0
401.7547423173926,290.1360143667937,5.790090845314285,8.947280153162502,Clayey,Semi-Arid,420.96512601797974,0,64.55927570256245,2.091863440078406,8.084227738952487,1357.8722949942805,6.80880472903562,0.5825964827112461,Medium,1
761.5121975341261,151.68946074939038,9.86872292999421,9.761528725197037,Sandy,Coastal,1258.9227551931886,1,47.97598577638658,1.6118878803718524,8.618506558246017,2593.5694821035895,2.3043293220061836,0.7772194255297846,High,1
507.290317834733,394.75540025096154,2.134310918032581,11.686795331965207,Clayey,Plains,1074.9041955446276,1,61.175734159430085,1.1831117519429846,13.919862635436465,1639.3468364450896,10.488467169067745,0.2996673377461406,Low,0
514.5062470786604,558.9607967023381,2.203715304488341,15.8357388698053,Loamy,Plateau,1193.2111789443031,6,79.87041127168457,0.10062495999992116,4.779086699251595,1210.008403008243,11.27749071411693,0.25284975995390657,Low,0
604.5425181047763,277.9592710619403,4.851073573758708,7.751542611266792,Rocky,Coastal,1238.8079473366913,2,41.96504112167554,4.4166962948746,8.208224807587747,1601.6092345626387,18.389093383838436,0.47085790246051745,Medium,0
485.81837385397705,340.602530592852,11.442848036766451,5.010723478523836,Sandy,Plains,725.7892002015899,1,58.0709465442901,4.414284280638864,2.2270612471958726,672.2290593361105,0.6025665639182953,0.5232493363467654,Medium,0
411.14367812689454,290.14221709783925,1.2427708746724142,8.358622980384673,Clayey,Hilly,441.90465529895056,4,70.46501351249583,1.9833410912054674,9.796026254637013,1039.2357805321087,3.2978873938225246,0.5183995094424794,Medium,0
420.5475226372533,194.3698396111389,2.3203041603586154,6.201361148780525,Loamy,Plains,882.1787943812737,1,55.62666850918885,0.6859967937839805,8.091046127381217,1098.5393986576141,5.119312384556612,0.575581509843663,Medium,1
439.2598110878904,61.50876666375805,6.358016538724682,9.77789838955669,Rocky,Hilly,978.060590154797,2,62.954380669332174,0.1,20.932091450765636,841.415476573241,14.86569508484533,0.6267317924342586,Medium,1
444.41666452352376,195.30718202855618,3.763292515282848,3.108507110902835,Sandy,Plains,734.8543825955733,1,68.92136528683197,0.1,0.610741006572356,2085.006505439046,1.8596817985745977,0.3773011288763845,Medium,0
559.1444315455469,112.96499428579224,0.4687713872461463,14.105003627201313,Sandy,Plains,997.1438895559517,1,54.37962642172384,0.16654399342755513,12.687251974136899,1437.0740465719027,0.44593329531194814,0.6001210301810039,Medium,1
457.7918828710949,484.49224936709413,3.9525729195321544,9.56814428432654,Laterite,Plateau,1015.3689359111592,1,45.26598653740771,0.9814409073123711,5.438449602044059,1492.5232302448749,1.3521105801806366,0.41457562856808555,Medium,0
559.8960115823369,266.1868367292113,0.8268485802119145,1.947987946611506,Rocky,Plains,581.490743709647,1,56.7897275325013,0.4592338871293544,12.122080431614183,1147.9248401523141,4.106056208994595,0.4243190190278959,Medium,0
437.89251298371266,238.4896805143395,2.8551626671955352,4.872913293055083,Sandy,Plateau,1038.239948591663,1,44.86373076305188,0.677520384134983,11.744246710563122,623.5879581450059,6.8563444243886185,0.5022565465402623,Medium,0
461.7952785474136,386.6984589745367,3.0124658437517144,9.448243132341815,Loamy,Plains,806.475791706874,2,51.39509435072337,2.646251011778303,6.553057216521601,1168.4830818803346,7.040157665644463,0.46591684973129993,Medium,0
150.26989732018387,145.38986765729345,8.35646031048851,10.529032168514364,Loamy,Coastal,655.00668492882,3,63.30337770194103,7.035254454905045,2.84230889021895,988.7135518564437,0.4655856922102648,0.6181703577402562,Medium,1
587.4491512053722,187.9763154394537,2.4832634641477878,3.18328711830411,Sandy,Coastal,1175.5812983783976,1,60.17360796156596,0.5096287409553804,2.7172019907197065,692.0045373766618,8.59805874122134,0.5866151227884865,Medium,1
501.97327138469893,288.1686723098345,1.3109198124569612,9.139077551298847,Laterite,Hilly,628.0530759072594,1,69.97390205672133,1.3787243188863185,8.525711003103384,1579.7315247275335,6.477084219011022,0.5462937623757109,Medium,0
599.7015164789478,403.4522789708177,1.0504821999466414,1.1579803820142303,Clayey,Plains,740.1663435333458,0,60.78412124991753,10.483591126931993,4.385221002621391,1066.8926679926817,3.1408637906460433,0.38458746634173724,Medium,0
80.0,340.2022054202546,8.293897576179015,6.731992403586862,Clayey,Plains,925.2177975653295,1,48.64378017570515,5.903635627567976,6.848918659932419,309.8721373245255,5.078996833025041,0.42377946172039715,Medium,0
763.2562057171092,309.79901710190586,0.7501928692802009,10.33614052630962,Rocky,Plateau,1381.0090672289834,0,46.039457540989915,0.9555762122694857,1.7929070882028801,1200.3823658908307,8.759398600099058,0.45309950709854324,Medium,0
429.06155577672394,289.374128228322,2.2195876834714503,5.345452809691059,Loamy,Plains,967.4744272035043,4,65.53357075828083,0.847451662670886,10.539424507312672,1209.646075451153,1.8236228224619961,0.40152425115480983,Medium,0
616.2274225106274,328.028302663213,0.8289485023894413,2.479233102585959,Sandy,Hilly,1084.9009163661337,0,60.88261329199184,0.6100534832949011,3.5368136649252264,1576.9978916945925,16.88381557671857,0.5897775157749339,Medium,1
294.01411093117036,304.19834861551055,5.93658217216268,7.438644389132678,Rocky,Semi-Arid,795.8251124012263,1,55.694755281735404,0.3715701234608725,5.91761261409801,1260.0725112932846,0.8893826689470729,0.38846394271659557,Medium,0
541.9160857593854,156.40332702676773,2.57265103329493,5.185843400093566,Sandy,Hilly,872.5286314682807,5,62.06579408193291,1.3558216911927532,14.579277559804716,893.5979319835758,13.950383865904147,0.573127528407147,Medium,1
291.9876655239516,285.52950659597815,1.7301759592257264,8.888675098197506,Loamy,Coastal,882.892968268142,2,49.54889032090389,0.917872195579516,8.741432748145069,1448.9519275702178,8.102273613909528,0.3893609753692329,Medium,0
356.43465589562925,151.1573609298697,1.7920270755443037,4.344020703345819,Clayey,Hilly,1002.6571826059586,0,30.0,3.004881109487976,11.777769273028406,875.5875224973352,6.482017061233797,0.4050014032712328,Medium,0
737.104703080018,289.72990514809885,7.647965585412258,4.682089331040699,Clayey,Plateau,796.411349433109,1,70.51328114864462,0.5947090617325265,3.223666728168058,1552.6617521498974,0.5192848896911769,0.591738457556725,Medium,1
421.397639885498,222.32224702141104,3.22771850568096,0.9369930373712698,Sandy,Plateau,1368.9999599166733,3,65.78712177800226,2.932743988954488,9.384613957556642,1777.8762175911233,15.08017805598709,0.5978067855124833,Medium,1
482.6149309769584,584.7257947339433,5.061518819196425,7.509834133154449,Clayey,Plateau,769.3918165242503,1,56.956391924057755,0.7477431894995853,10.15606080996028,50.0,2.100157009894051,0.5015340963718509,Medium,0
580.5101596033131,275.2126739497946,9.09360121947386,6.517285185170204,Loamy,Hilly,302.4656026781214,3,47.21617833330948,1.9762070651018129,3.172113419939519,825.3609812897629,8.213372576724721,0.45065125223552427,Medium,0
524.3522831958907,111.49125204860934,9.280621238355364,3.434845987779787,Rocky,Plains,1859.9788115295069,3,55.43775225434465,2.2380597472379122,8.30500813834116,1432.3752283218462,12.96658676237548,0.4489638418478759,Medium,0
472.56283577153647,263.89837471876905,1.5930189874374456,7.581396141301276,Loamy,Plains,785.4209581696869,1,37.24396653199048,2.450966115102154,5.895770351365847,1246.1725511707284,1.680533786411634,0.3937014890796057,Medium,0
504.74415036993383,342.32304947654654,12.184000219745332,10.081210901932417,Rocky,Hilly,1359.6094254819716,1,59.37406005139208,0.4241223123569327,9.360173524818366,1848.5545357542169,14.762509229743614,0.5068559200952673,Medium,0
810.5123377857412,480.80367353830286,0.10076206235388037,6.3532961697431505,Loamy,Plateau,1391.6767946859154,2,34.7694114965546,0.7310093267305501,1.3846072151499893,1825.4587681469184,5.679597362668568,0.3829340091117443,Medium,0
441.3571804449622,209.26571200735378,1.8917793920720667,7.804500849465922,Sandy,Plains,1230.8250092876337,2,59.27937194229648,0.6215359736630202,2.7523599525968,1663.0700122874173,6.455796055564731,0.3580895881040967,Medium,0
480.16485700724513,90.10864311716321,9.045728741265874,7.819933748755492,Clayey,Plains,830.6904731409091,2,49.53539179421356,1.888480491042026,1.0344758180387394,356.674181267585,14.756337798271765,0.7381967416956726,High,1
607.5981594011419,378.02044137171777,1.2843315763552972,3.3870105184631187,Laterite,Plains,1000.33968695602,2,56.22882209679723,0.1732913348770024,2.2478039100620126,1118.4752971792966,4.488597772571445,0.14739597943236057,Low,0
615.8288899436976,114.32815529204186,1.2757633757221276,13.169757462122787,Laterite,Hilly,453.9214267432755,1,44.32973384682097,1.606755392842824,4.871979024108694,1520.2543618453046,3.4858531033785187,0.35975356459595026,Medium,0
628.0545458340571,227.6613470191018,1.4417123990825105,5.587450509633149,Rocky,Plateau,1596.5517208363967,2,76.09814110398051,0.20136839969909748,10.564912201347388,1186.7808577778255,6.018150898194717,0.4512731220874339,Medium,0
545.8095333043777,249.08554173868072,3.7902318344918413,8.968348605580813,Rocky,Hilly,601.8679006360655,2,62.32598527733291,0.9043424318137789,8.460509039257294,1136.895060614805,4.8449343430980925,0.6042202363398353,Medium,1
278.5492630904275,271.643985603987,2.307382927571203,9.307645831687148,Sandy,Plains,811.1346630406936,3,49.73790151257572,2.5533497635154636,8.444551784316419,1818.7910841810212,0.3806792650318521,0.3457475660453198,Low,0
695.0147298451644,362.6997348489203,5.189250639161356,6.581214618652744,Loamy,Hilly,934.6452704640878,1,55.846279648438774,1.1703737511735952,3.1189858797707686,1379.1587486211065,1.1943070563827343,0.3840334390271204,Medium,0
278.04819104719684,197.96388612563348,9.0117770701835,8.820385075178905,Clayey,Plains,862.396085807064,2,77.2729969693923,0.723753704594899,7.887543363739694,1073.8113543666745,0.08195606676147019,0.5496020339517186,Medium,0
495.395319785855,247.1524897399887,4.485878657143329,7.737457665449167,Rocky,Semi-Arid,670.0943511973121,2,46.60273410294903,2.104829887123002,14.282675874669916,607.238410002113,0.6868303113512156,0.5229177564723743,Medium,0
336.8586224970963,278.28755764607337,0.914970388016114,2.7470807283177816,Sandy,Plateau,1388.0186682191409,3,44.65242543536725,2.9658403104150297,9.47620109147666,2060.2138481908164,7.8526599558569465,0.4209331106592137,Medium,0
440.3792480110511,297.95175490225455,10.793304674133172,6.003181896249735,Laterite,Hilly,1232.5977492208979,1,44.13866995326921,0.6463909786641413,12.053830647322734,1351.231850130546,0.02833376583939253,0.6170132183217402,Medium,1
499.31436154552205,291.73926096495074,1.2287801978129138,5.162347292937815,Clayey,Plains,1012.7165215139926,2,49.82467070808014,0.782799659505952,5.473145200524684,966.7266441984628,2.1779305462601264,0.4183448576900096,Medium,0
498.20358231754096,332.3206930267096,0.6495783151687334,5.614764875961619,Rocky,Plateau,760.1564304011374,1,75.94071403247005,2.2494296373396887,5.6033142535527505,1665.6641785794982,3.57962370631944,0.40500589959813527,Medium,0
513.2881131352927,381.26074115700845,0.3770988912881681,3.087990466490086,Rocky,Coastal,1272.4965551455648,3,51.28157950599691,7.389374325677797,10.607143405493137,398.2627648135916,16.66558337687501,0.6760614562363187,High,1
692.056690358797,327.11609387811615,3.3148023790337806,10.37930115023809,Sandy,Hilly,737.4359785278521,1,52.995656585872055,0.5293971332237626,3.3084265163690567,2076.0424591951737,2.376122262085429,0.4289938020917031,Medium,0
518.030145227097,334.4302628211062,0.483081053088312,11.805977963840238,Clayey,Plateau,1449.6371441182355,1,60.41982901720897,2.3364714346934323,7.396579294942258,1505.514031827229,9.170764212264928,0.383654628966396,Medium,0
413.37650470640267,90.13321999042267,0.5976020449118822,9.934008927995226,Laterite,Plateau,938.9273204191996,5,57.62609699692119,5.21566137764703,8.934720736690805,2297.162430188676,3.153256138306985,0.3527479902460096,Medium,0
594.6130752432537,286.02732389988165,1.426873954378558,10.811587672441428,Loamy,Semi-Arid,1330.4235344404503,4,69.63373966914214,1.3636368805793122,6.047903100137772,1516.5092726230737,0.6221140478004704,0.33110486842271375,Low,0
628.420573338696,337.540905760193,1.3232102130117422,5.966095488975531,Rocky,Hilly,860.1628858357459,1,67.8554759618614,0.8382712204563365,3.7758379862889067,1319.34728746335,0.6244596945737031,0.35470151055268445,Medium,0
265.85882772945115,367.472943348454,3.707784299114342,5.09122949504189,Loamy,Plateau,925.0366137143307,3,61.92738225422176,2.4182964792119295,4.748845958064546,897.8328998241595,3.3983875179293563,0.3083694912932145,Low,0
539.6100104774787,196.9179070919447,6.7875127140288924,4.664238859564866,Rocky,Plains,1328.8973715105333,2,55.24246371403402,0.1,1.1108776566579674,980.8746628602951,0.35775568735935176,0.43963347668699654,Medium,0
555.1759113466347,200.91528701336262,5.73102317975998,8.932194768871668,Sandy,Plains,1667.8738031315556,0,69.51782196538726,0.982383587476504,9.386849872361642,579.642912739101,5.086457133955614,0.5639207750662962,Medium,1
405.3654744960012,211.1079189659682,1.21787245055907,7.681189159432449,Laterite,Semi-Arid,1446.1283861267084,1,48.55346547949775,0.6564162707031339,12.171991803222644,2188.69328541141,4.083159759450735,0.4867555850391664,Medium,0
656.3560219967429,344.3696679869612,1.1257954797298517,6.768334865204723,Rocky,Hilly,1206.9971167822475,1,47.78505602187996,0.5596893352073599,5.47506682786845,1266.315205539535,7.27475599343224,0.42548908591723816,Medium,0
427.491661945121,404.065726590905,13.501128031538702,10.885445632586029,Rocky,Semi-Arid,1106.2492015351588,0,53.10467502578222,0.4359462816404242,21.687839799825138,1635.1372897333388,1.2319804167066926,0.6885212080310662,High,1
468.83646802073133,231.10478712500782,0.033081387299188296,8.214824061446029,Laterite,Plateau,722.5679584091309,1,71.9409908590749,2.9388523256748806,4.20745665127715,1714.7755243944566,5.392609709268922,0.2936251456013008,Low,0
424.0392263574196,388.95547763524587,8.471749410796654,4.484027087438246,Sandy,Plains,1003.3304093869015,1,47.95696717720899,6.827288436765597,4.291595196519076,1087.9688026496544,1.1507594612770746,0.5531668726675152,Medium,1
452.33685713722014,294.8175770997513,0.8912170311351053,4.957273512592916,Loamy,Coastal,580.4327856011439,1,50.79544558995416,1.0686723217775356,11.848572242281962,798.9176569261789,7.685851288915808,0.6395693173463327,Medium,1
285.55873696571973,265.08570674050765,11.771369572376598,9.045979897762436,Laterite,Coastal,1031.523746789671,1,60.087675322361946,0.11076967462878194,11.104744236125796,841.7212775971827,2.20172550052321,0.5199693487298752,Medium,0
233.99236761085584,254.6338924218437,1.676069819810254,10.125198557963792,Clayey,Hilly,1054.0177312427509,1,57.320211378767056,2.791991022779499,11.349515051332979,426.38101021678654,5.71798041945796,0.772707882619639,High,1
689.1757594837459,369.5933637522588,2.3217874411977424,8.655040696767909,Sandy,Coastal,213.704200486133,4,53.44670210443673,1.6997920898746133,13.356808448002742,640.6115962939139,12.856960084865566,0.4908736925630116,Medium,0
322.9557977522508,319.0693380144484,4.911977625616769,12.690666243616244,Rocky,Plains,913.5585132170975,1,63.60445005241019,2.829348743226245,3.3410738767566945,1467.5503142674447,4.019328217346663,0.44906078066361005,Medium,0
301.2911475815539,553.0990513177164,3.543715915842581,11.905021497194257,Sandy,Semi-Arid,1045.2062146811868,2,52.322659778822036,2.2964741352117928,9.864840860625273,1711.542509256798,1.2813288480937253,0.5428038517247623,Medium,0
126.9914829594428,177.7330428403211,1.5305466628846613,8.323107504552288,Rocky,Plains,870.7015500013422,2,70.67236039630549,5.188652092197751,1.0035689289656542,1202.7903235721474,13.03581294226181,0.24342231962941147,Low,0
354.15573784657465,342.1722042435971,3.2282291456121586,4.484258021555493,Loamy,Coastal,1025.3170935997998,1,60.84899685853324,0.3329367201238845,13.32789015222191,1661.7834148417737,2.6644206552743865,0.32994417320226155,Low,0
251.53653098887526,216.49587882261847,5.247819373633951,3.070037464804697,Rocky,Hilly,430.39721482529006,2,70.19787385620366,0.40770457801367427,12.977689174640584,1673.5894965410048,7.861622005224801,0.5195582442274814,Medium,0
696.3022740204553,175.68556156136276,0.17302877009844664,5.837854764955855,Rocky,Semi-Arid,628.4474930539095,1,48.5124151755267,0.9193709516771265,13.217210532709059,1042.91501343843,2.3148191665865916,0.3832241055745019,Medium,0
601.4725634013951,278.69594355580335,0.04504995866155887,9.25964033924847,Clayey,Hilly,1262.2283571073763,0,56.22126090908006,1.4873571602010571,7.736447256122236,1743.6762795612158,2.124772922534029,0.2986581581385471,Low,0
346.7774482233414,296.4822975288443,2.4504511559769555,12.479941237935813,Clayey,Plains,900.2000829760219,2,35.23136880680305,5.71962560918809,13.135766132501285,1118.7041552037265,6.163807393966199,0.6022274299411006,Medium,1
787.8653708016463,630.1808266072111,0.5655014147902097,8.2523411032324,Loamy,Plateau,1018.9576434602179,1,74.04525812569595,5.2244967040963415,8.83932935775758,985.6102453919037,1.0198311092537318,0.4493896890979033,Medium,0
597.2648230487391,257.9025021180158,4.366677285350418,10.50616838269371,Rocky,Coastal,708.7175937519974,1,85.52667667079037,4.520398180300239,14.915775595633225,1243.0961457075884,12.103258261595872,0.5068758202126048,Medium,0
401.27529247370666,144.37855246183798,0.9634609079314637,6.264077541436593,Loamy,Hilly,906.8229081468997,1,54.54246591161121,0.5537538099651336,6.4559590188642595,495.2683133662995,2.9424527051918634,0.6781572369003687,High,1
80.0,312.7612860993263,2.2685336459332097,8.868307375682651,Clayey,Plateau,150.0,3,62.472744366021836,2.8778979566094613,6.385274868048683,1181.6677623731039,0.11679401256572595,0.274277874471538,Low,0
793.6413858886112,31.043195494435793,0.8809458084706062,9.470070488431517,Rocky,Semi-Arid,1196.1041784472682,0,59.35885427071621,1.0641038427506104,10.13821541427236,50.0,2.1868299017267887,0.32424393317805644,Low,0
241.5641299854606,268.9651860874881,3.180574207423858,1.061217172442415,Rocky,Plains,1532.7764936333647,1,42.49531332372699,5.887867520965735,1.689744648549885,1537.694781499364,9.221763800099266,0.34370747069408913,Low,0
203.19018795646622,281.92303387541926,0.49343477036031214,5.759683592870469,Rocky,Plains,527.2438577748758,1,72.96959259218501,0.5312569783532131,6.816864056710623,552.9724702079762,11.769262236630155,0.457055423817614,Medium,0
603.385564801446,375.3520459534254,0.09351200471159499,9.849101152833608,Clayey,Hilly,570.8837343716511,0,54.70489304797391,0.3350307330949551,7.745355704379155,1196.7611535187507,5.034315554638419,0.4813217068479871,Medium,0
815.9628609508909,396.83466993134164,0.20994080973947166,7.823405006909695,Sandy,Hilly,1054.3079643831188,1,33.42025061910708,4.0647222800762925,1.3171425141070934,1942.178055831493,2.0897693693886006,0.3424953576715623,Low,0
657.6409227765778,219.57164573107391,12.338992073125015,3.4104548555472007,Laterite,Plains,1415.8577516773612,3,49.409478188853114,2.7763602143651585,8.494133584059453,1235.6713220061347,4.502803432863581,0.35549165702622654,Medium,0
534.5863680078539,261.92631824440804,0.6139392930868166,0.5,Clayey,Semi-Arid,899.2659389159693,1,41.26737176280067,3.790001592387092,10.47352388259546,253.24994094965757,10.861079279111527,0.5769118513326583,Medium,1
539.2131512497929,188.06550032671947,4.930562690680443,5.902657764093981,Laterite,Semi-Arid,469.7386927156236,1,59.46661524629748,0.37819766921937487,12.181728601514237,1264.6402630091402,2.2791160170558404,0.4469172349078346,Medium,0
578.0123338170462,144.63249342307674,0.28137314965076515,6.785242921318363,Sandy,Semi-Arid,826.9839671767444,0,59.39466747775916,4.754248528343023,0.510148395540611,1072.2203419083523,2.921062739347884,0.4872588395941074,Medium,0
563.8392884680147,317.18737352567615,0.4578757185678661,4.348231150514964,Rocky,Semi-Arid,539.5237718908726,0,72.23396797262868,2.490455904878045,13.06617117206354,1665.8684602870085,4.655184493100091,0.4571102361226048,Medium,0
492.17871359540635,127.1697341684081,2.8442365966130163,7.429254811083983,Sandy,Hilly,665.9037974959282,3,79.95766969883576,2.319441375461053,0.0,1143.3881252586923,13.08954707547219,0.6130978778413332,Medium,1
465.6301655927814,230.24477193137642,2.500989236539082,8.519160241698684,Sandy,Hilly,793.5856152963391,0,80.93736113080183,1.9220775740412097,3.4660434428440965,1757.627524873596,5.235781265879329,0.42019764880917404,Medium,0
440.6110308150716,160.5791248120915,12.11139487295031,9.012061512178699,Loamy,Coastal,574.7363941154305,0,45.695726054729604,3.1848174813063044,18.208191083167762,1417.829105247764,1.3962485416217536,0.7715430649955148,High,1
336.9053116699986,345.96198235483115,11.589739187631812,0.5,Sandy,Plateau,627.7329965389022,1,65.43117437238212,1.181804416231272,8.769717237908324,1637.4401405022745,0.5599595411949786,0.5118209682081317,Medium,0
407.89873846998387,496.1716119119786,6.049401661839273,3.0571447065756394,Rocky,Coastal,926.0869000777852,0,67.56217747394629,0.3135223257288102,2.773692843674291,1153.3560367092082,0.5990145445252366,0.2832489533578985,Low,0
196.0564778706922,123.80944206360024,3.686236644101601,6.086132054935794,Sandy,Coastal,975.2625342480305,2,51.718163895040796,1.7048502873842564,1.18813109036578,1841.7574257931806,18.004417489869983,0.40086604595362113,Medium,0
435.2490559807875,57.6377820522917,2.4275866993866053,8.71651939311239,Rocky,Plains,401.6068831626615,3,61.445492745862964,3.033207908897364,1.668301986162322,944.1776649576731,10.369750168575885,0.276734954281795,Low,0
301.7113339273624,265.01357375799194,1.7613352741215893,8.467702040650106,Loamy,Coastal,1038.7336028782681,2,62.79183772241005,0.3670024244162054,3.2641491281505504,283.59030965456896,8.710880243909582,0.36125757787404683,Medium,0
284.46160241763437,281.883735514931,11.756466243729703,8.415609843630028,Clayey,Semi-Arid,766.3231479040107,2,52.17885263272247,0.5579846638810118,12.871547804543932,652.3027375682084,4.115415864235306,0.6252545861687164,Medium,1
476.9841226730218,306.2391168108757,3.6943573221049557,5.849746174093204,Loamy,Semi-Arid,1152.091533243413,1,73.38335160321388,2.6235527991296923,10.739519468749833,1260.3333605677738,6.698329200064023,0.602304072903914,Medium,1
658.8003429516899,226.44153817187862,3.461178939717388,6.017099688070118,Rocky,Coastal,1173.174132240751,2,60.82144162887917,0.6913119106481446,13.3370809402821,1335.3788254905412,0.817188902735251,0.13138132043729817,Low,0
587.747490900347,255.92328414094817,1.0553472257000514,4.815012194734778,Laterite,Plateau,709.410586665733,0,55.93999462018507,0.40976832253394035,2.7077018413254734,1277.69015456803,5.819663731386186,0.5106097195561964,Medium,0
214.42490945652344,324.10124926487225,0.19129336189395768,9.304582384317543,Loamy,Semi-Arid,1114.9516929132067,1,43.31725766504172,4.8438798291220335,0.0,1809.3654848702226,9.989092747709647,0.6241719670404424,Medium,1
301.55577951444934,404.85170711738067,11.615426832766675,4.238533636781265,Rocky,Semi-Arid,607.0653861054095,1,71.81594390819377,0.38592368250637754,11.195120380263862,1294.5052225262705,0.3849195096924445,0.7990892553614143,High,1
591.1156781982324,45.39414756180605,1.5059672226108667,9.55010918556871,Rocky,Semi-Arid,1363.3167219923514,0,58.89966562902278,0.928006217911419,7.679687114298704,1364.761068415767,2.107143682243895,0.4656158887401142,Medium,0
302.62689096925357,235.72726731622453,2.337809885967061,7.623559714412938,Laterite,Semi-Arid,620.3023297002374,2,58.939469853836215,1.2306114262848225,4.019564803824557,1690.0356008123686,0.7010818885509984,0.23604560857348805,Low,0
416.30502750044633,305.6570552729276,0.4870434932262591,6.864866564634539,Clayey,Semi-Arid,1023.4623630189296,2,47.84645804284793,1.4223677125345018,12.978462235084493,361.7048908220087,1.80847167213439,0.29481098734752215,Low,0
532.5078148536828,169.8428674467117,7.254163808852676,5.0298688006706005,Loamy,Plains,834.336799374502,3,68.72554896673878,0.9863391102330242,14.49305009890428,1561.4746400337544,8.884259865168307,0.5705897310583655,Medium,1
304.7483317704547,487.7403558120759,0.11208309382413958,2.933374416507621,Rocky,Plateau,544.0869200168396,3,44.382910291246205,5.360424466269118,16.618668260734573,1858.1498435941921,2.421244262290638,0.37503323544539185,Medium,0
465.806325921894,203.75081437255156,7.182847368674221,5.057041730865863,Sandy,Hilly,1215.320516624858,1,31.50315437277553,2.364503563590734,2.8443673618635543,1558.7943786051412,7.020981934016094,0.4228476871158621,Medium,0
249.89617576226934,275.04487755912606,0.6046174195266096,6.009979394125341,Loamy,Plateau,685.0538668966232,0,49.4949606231295,0.9800951679581207,14.146309334528848,1357.5015672541147,8.904833050265783,0.2085592288892825,Low,0
359.79485340731793,346.7226516210749,8.706069882624842,0.5,Clayey,Semi-Arid,304.97474225759277,0,62.164249376243234,0.9740070925945916,9.948235957401241,1601.4190211125958,10.17778022839693,0.4382074240865408,Medium,0
497.96729012138053,209.04582534377266,5.233966361589476,6.407934533996007,Clayey,Plains,150.0,1,62.06075617940367,1.5379533012173543,4.8867678934337135,126.93005746023437,12.399172908981399,0.5844994966296038,Medium,1
211.0509399702496,58.411234263469936,0.7197149475241532,9.773072104078016,Clayey,Hilly,593.7343569502102,1,59.68589714870874,0.1,14.048559074106723,1135.1847361421396,5.462385961372921,0.4913667422565786,Medium,0
516.0712106940598,228.561456770016,3.3371658460069864,8.701653716301617,Sandy,Plateau,1381.5679467546406,5,55.93490593822198,5.74731332795287,3.574993897849092,550.8446514108093,1.9763587056930012,0.5460295065130694,Medium,0
447.05433016099784,403.5328667112449,1.4996833665116762,5.511382372775477,Loamy,Plains,1340.208463626281,1,59.903416058210865,0.5559689903265551,4.861235794191759,1391.6352984045607,0.9790574513914747,0.5226760734965832,Medium,0
532.8734931625721,239.57258478578336,0.7851939978370743,7.140808895245683,Laterite,Plains,648.4905591783638,2,92.32356869268048,2.631156111356965,12.516643519476727,697.9592743002697,4.2035528040273125,0.35957671679651687,Medium,0
483.5871201096992,178.42788382492256,7.841153674448407,5.3315062917340015,Loamy,Semi-Arid,768.9407798545172,0,60.99738877806225,3.308425535710692,4.923597336835603,1624.9285449471581,0.6559249606754594,0.6169777278820343,Medium,1
654.6210644960767,391.0806651403266,2.066856819964112,7.446282200007088,Rocky,Plateau,737.280423555392,1,52.93115298339805,3.8646962189853764,10.031711156867601,991.9844325728502,14.496134092738004,0.3387258085184641,Low,0
468.7836753971861,240.30701247723368,2.033605687180291,11.620323471232094,Rocky,Semi-Arid,433.298749092651,1,56.743613453976515,0.3984047837381652,5.506628996311333,556.4627449641807,3.505543971841167,0.43035551641144293,Medium,0
385.5891688312121,218.78070236197394,0.7447722045366801,9.905496407874628,Loamy,Semi-Arid,567.9088449318299,2,55.51124737825899,1.6926041621138077,8.86877502554865,727.7691015400642,12.380660180343178,0.3852621579362815,Medium,0
468.34462545484257,297.93473075959713,1.9319708198625674,8.562382917078258,Clayey,Hilly,1243.4023317902747,1,58.83182823822749,0.19224365079876463,9.23175741188592,543.4012778328777,7.412169582838425,0.5430028351874087,Medium,0
531.4947043554582,372.49002515425445,8.210944393088356,5.521345262848845,Clayey,Hilly,1076.3607549827902,3,47.06215089766168,3.594121060617606,3.207197576769195,1182.3465024067075,11.678599353954072,0.4364679291390788,Medium,0
457.32901054885565,565.8056238079055,1.8047508044394789,9.249815178834515,Laterite,Plains,995.5811004854611,0,67.58724296914093,1.4661039147582995,9.037373658170015,1508.2838104849268,12.922823121594728,0.5708483254307155,Medium,1
456.0887536805824,379.2683329188908,12.113316293344324,1.9393691458808409,Clayey,Plateau,432.6986859186995,4,61.562332162719,0.3796237798371332,5.370487155684719,877.510008227326,0.3285969494306995,0.5546239537024069,Medium,1
344.7012468289867,419.1807959666013,11.698032048108454,6.242939554027329,Clayey,Plateau,935.2461249118921,2,48.53065366846845,2.7901691829727673,3.2184730078108457,470.5481870892419,7.751533497911933,0.6881745329226564,High,1
350.56486236735776,219.28405612145735,0.6261411597730021,8.75113425947185,Sandy,Semi-Arid,150.0,0,70.23722239596881,0.884895298364323,2.4305420875940342,1193.1078511478984,1.541347643894675,0.5597882613293885,Medium,1
239.60920923004596,156.89582728366284,0.7807093746762578,9.221263642143255,Sandy,Hilly,1194.9809419411865,1,35.16800875522881,0.26754261478893626,2.4865532459974222,1182.1469543174933,27.22333430503599,0.7569384007747698,High,1
712.436511478041,287.47976195429476,7.941592519750341,9.009653470647223,Sandy,Plateau,990.5012152579995,1,83.83087640233472,1.3599887049033088,4.966973870708622,950.503865992908,9.041368472070769,0.4570461910181266,Medium,0
263.42051469130723,292.86038983115156,1.9953307687988386,7.8844920676290835,Laterite,Plains,429.1686417650594,1,80.6224235077575,0.5900440664282206,10.871009430458848,807.5639064667962,0.02263264959966798,0.5490648790257168,Medium,0
346.0642203306139,150.57847103624835,0.017534304517114723,6.412825062748351,Rocky,Plains,1465.748945121514,0,78.70170730588876,6.60039349140676,1.1808730440756658,1839.85526256231,15.73809120383374,0.4892389078683237,Medium,0
342.2389101646204,258.96465641151843,1.280114891448073,8.613927909479466,Rocky,Plateau,271.34236929099654,2,52.0416504520376,0.9865173108718638,8.417554665840049,903.7580257180557,2.074460063468428,0.2641537534049066,Low,0
584.2386565416662,327.9181122062957,3.641522853908696,4.141416878241099,Loamy,Plains,1085.6071637873608,1,60.88804664265492,1.869319833200301,9.873788507093849,479.45140268432317,3.2338446021620886,0.5386543038318499,Medium,0
405.75754825619583,323.24720740216964,6.423097843498285,4.46596821012025,Clayey,Plateau,1094.3101191425317,3,50.53812118804378,6.519651705919745,13.00253908831328,1155.8748156700483,5.684917431151106,0.565182637977405,Medium,1
637.16131090106,340.5145424061127,0.5726585385161448,7.18520402938089,Clayey,Coastal,466.11534622663174,3,63.16813822165005,1.1009136832083513,5.274987421649905,1463.661216896836,14.883799932022882,0.39426406189794727,Medium,0
348.97640636341976,314.91576761649316,0.4685691038222451,7.519592928126242,Rocky,Plains,886.752258216459,4,58.22038374602999,0.9754021585574112,8.813387234457545,1430.3758373612318,15.730681011503002,0.18180371894813477,Low,0
491.8491243335703,219.1589608875933,10.208940098707513,1.523154464306061,Loamy,Plains,327.1102552464979,2,52.47695235628697,0.389886977573205,2.2234726901829847,400.2954128964892,4.973413293610578,0.47290118984908713,Medium,0
324.6979420110364,218.33192480213881,5.563593659274254,8.365439142848555,Sandy,Coastal,150.0,3,52.34908031222948,6.128164069017008,1.4894183664437683,1808.930076247936,2.2851427626941963,0.4281272574634555,Medium,0
771.7723691660083,136.1258322407349,3.5642428185561945,9.31818513375818,Sandy,Plains,526.2433205739195,0,58.98983300084459,3.548971261246078,9.812212273133142,1305.1994010478616,1.96427771062127,0.4934634439995637,Medium,0
271.8602371455731,494.1730047022114,5.864586041066179,6.768144287601114,Sandy,Plateau,684.1812702083012,0,93.23433387749508,0.5494683475288595,18.343096021874057,1485.4162034225108,2.7190876787409333,0.5220449012464482,Medium,0
496.4731065340541,281.61404375431516,2.2404441713620287,14.123398849851977,Sandy,Coastal,1125.4896632837772,1,73.66640803847636,0.8898499232374731,11.30169649256666,2525.780775287727,1.1944654701702513,0.7098181733726803,High,1
545.0665321398147,253.01763330461776,5.682810326880341,4.951194681054441,Rocky,Coastal,923.5928297712869,3,59.028005019112804,5.420946642813917,1.9227227157716467,1579.444281527135,6.648940484450393,0.3594083713466964,Medium,0
512.0698646177248,168.54495022570495,1.8596058141939515,5.916738509839392,Clayey,Coastal,932.7409107851512,2,55.82575859503256,1.6953910290650422,2.360616178455495,1486.027633112726,4.502141989653247,0.5011989465389883,Medium,0
422.20685116834375,632.2789482793335,1.1193560260697324,5.814799281618372,Sandy,Plateau,544.9524318507453,2,65.47595104501747,1.787904575337681,11.079619534378624,1087.038320050737,8.909126985022441,0.2965983720129383,Low,0
430.5268950399861,151.20063613325254,5.22274393758059,6.7714371661269475,Clayey,Semi-Arid,714.4960435855147,1,50.64461798100722,2.2979762250169706,11.60387232589801,1197.380726804134,0.5930330808703195,0.3693081201459335,Medium,0
456.57172079686643,228.53824892727118,2.176649285919045,6.013825561101127,Sandy,Plains,574.5256865457936,2,55.263286515142056,3.159580936252584,8.273781556616907,597.9113651160227,3.0640120598986806,0.3982051102492931,Medium,0
427.9496997557267,329.90042035432725,15.93345402022581,2.7795683661853845,Sandy,Coastal,471.2590975395671,1,34.581415118816025,6.163461660011699,6.946753641779019,1242.2892877947543,1.6455385524042425,0.5636289588237763,Medium,1
594.5818675192364,352.0255558893133,1.7199648094487556,5.360355111290573,Clayey,Coastal,692.20520055446,0,59.09024302454988,3.56537638502676,10.611273916964318,2013.043542385986,4.596710382973983,0.5253625443417199,Medium,0
781.5784502387028,394.95184662588207,10.190231742689901,6.707137912677772,Laterite,Plateau,926.0793347837168,0,59.39530156068857,5.998204388356841,2.8430676102329393,1413.1960988989863,3.789423064645132,0.5307898152932248,Medium,0
366.376232248825,496.9130209323116,10.810015356598596,10.685716246185992,Loamy,Hilly,699.5765182015289,0,51.47443725426407,3.780021793030049,13.137203793338688,2315.042070338056,3.5822833437852624,0.648026009595401,Medium,1
244.52955306313834,340.7389186552855,1.1075116436869086,13.60672982011874,Laterite,Plains,786.7740657012595,0,63.416677577307745,0.10460274271789298,9.768558116852606,1464.8732333374728,2.2757466208971953,0.30602445931436856,Low,0
436.75769274731175,153.27630400399988,6.402332559369157,11.006421693551964,Clayey,Plateau,1143.2201838189867,2,59.49362058503866,0.27507858623166626,3.9677681668634364,1340.0429959934415,7.786307894737625,0.46662586816744883,Medium,0
836.9564006481478,249.1665849853862,2.2701095450392,4.673862910982181,Clayey,Plains,724.7359534582538,3,51.618470792414165,4.7561635054340465,7.5781476028863874,1130.9857998604848,3.9416750220406964,0.31806421862223316,Low,0
329.44881480454035,316.9398847016662,9.98102701828775,4.912571168121503,Clayey,Plains,433.111679154238,1,67.87656953874752,0.1,25.351834152039643,2185.637796125569,1.3557133001469115,0.6835471506354495,High,1
695.8675208166101,528.1871249806989,2.3922519061284473,6.522014267471947,Clayey,Coastal,1097.2087325604336,0,55.843780981806425,3.477600015102481,6.532462525744804,967.7182455218982,4.7571086435384515,0.35476514980368323,Medium,0
701.6551221114661,112.26334258908435,5.455059738705374,12.353676666560759,Sandy,Plains,993.0473769778996,2,45.43009097112427,4.171373227691484,10.815108224526586,836.4813804092706,5.448033235002621,0.28484524955818724,Low,0
366.9617637438008,424.30918062702733,2.516690842605939,6.503727843454319,Clayey,Plains,1015.03082436031,1,36.86457079960613,1.1812633149922507,12.171745721327737,759.1441764803538,0.1296691991462034,0.34928155584409626,Low,0
535.3474618777913,301.58972434557,1.0340506952064294,3.017477528387708,Rocky,Coastal,1119.0435301374985,1,75.22490440629194,0.96421555585593,8.961552855750758,2330.9629804970086,1.3672684051787638,0.2580420351337429,Low,0
694.2594934692806,380.5396642275377,0.8893261690546761,5.496468589140894,Rocky,Hilly,1059.824534557781,0,59.5109846922044,0.4755809846224857,5.990168075679366,1273.7095033717958,1.6656293899586507,0.38597670847952553,Medium,0
393.13083885187694,267.76063400368815,2.216541690228983,9.27116800545825,Clayey,Hilly,910.0550423649564,2,59.002192515838814,0.11034300557177004,4.36007254968669,1242.0579569171045,1.7107134582756904,0.4735119323977154,Medium,0
419.4629459846457,178.90808438484083,5.6340724704135186,9.069820830688261,Sandy,Plains,1737.0084319982325,2,57.47442712302243,3.0095882346082865,7.126760753394573,1460.226574345173,1.6375164357868184,0.5437961690046362,Medium,0
362.74786290770345,370.10473352815984,3.7162020224006955,6.399350000525032,Rocky,Plateau,450.26093879431596,4,72.61639571064285,0.16848999758821637,7.286141269534169,1074.2302156384067,1.9017687361175413,0.1025348968743724,Low,0
297.78649039607,358.5317232526745,4.667084331098586,9.050244020680092,Sandy,Plains,694.7539525290047,2,59.71126596165813,6.367753257710603,14.375002720382485,818.1648577761251,1.8287840498288492,0.592182143108894,Medium,1
352.6083682400989,396.64683588876665,1.3269613629786179,0.5,Laterite,Plains,1238.5670276373585,3,76.57637337482763,0.774473779027019,16.00062086778915,794.1110084612094,12.928552135354177,0.49058819628159017,Medium,0
266.4089599856615,278.40344375456374,2.6267622587759187,7.311487705098093,Sandy,Hilly,949.9052022334511,1,59.74967065878641,3.4783448079496684,17.05598618702441,777.1983871137144,2.3108686794500173,0.5700992083721582,Medium,1
455.1125202388839,208.02135720161806,0.18164363403427056,9.58205626410589,Sandy,Plains,1165.2730619039335,0,30.0,0.135383281910664,6.245390592558859,198.99853807601176,2.582507567325552,0.5522093669088101,Medium,1
334.50401534120374,92.945560597139,6.804730973698094,4.501410174536394,Loamy,Coastal,959.4147503379049,2,73.20257574571035,1.6906373454745942,13.247831057287843,1229.4154776533994,1.8569266901450958,0.3997888195209509,Medium,0
485.06788676861214,378.32479217672875,18.377776560902195,4.4909843905111355,Rocky,Plains,1380.9197929059935,0,61.78325713791768,0.9446768038848316,9.396018764037063,420.63038673052915,20.57283478206244,0.5847187664220742,Medium,1
216.6156530694559,330.86673789327835,2.0894278366666583,1.4006555417095736,Sandy,Hilly,547.3712005283639,2,51.917183898926574,0.1,2.606904939352326,1474.6808849395245,4.600643491122678,0.46190142609790036,Medium,0
499.63203483216853,164.1060840563249,0.044096787615338764,11.769686784432082,Rocky,Plains,1369.8609612923483,2,54.91936997366865,2.3463671430747097,0.5796334161874519,1618.1189094869526,5.658058884146711,0.46940768524453896,Medium,0
575.0293442413387,215.3711592044051,0.7443191101117953,4.839538068935299,Sandy,Semi-Arid,1309.8487726214933,1,54.30707147120515,6.308638262314528,6.386449519645761,898.6985185184079,7.979195221750633,0.35201311440584293,Medium,0
150.93965361428167,223.98894256582713,4.228271852052083,7.723129833586335,Sandy,Semi-Arid,476.398810019367,2,43.101658382454076,0.1,7.289801820906359,1368.3081630396812,2.4362182466025857,0.4978923879556224,Medium,0
506.10848547713584,102.04186816210984,3.7878175544706036,8.811751124450124,Sandy,Plateau,1120.7328934606855,1,68.52665991431415,0.6936807966961892,3.529133639701371,1563.3279244378568,20.800260778073177,0.44714470387079247,Medium,0
634.1503488709939,181.87811240738395,6.2021243706260245,11.536203847424359,Rocky,Semi-Arid,884.9360237171937,0,52.64964692083544,2.675342473256185,14.18261507957665,1952.328489401176,0.9915561279116234,0.42039185328435397,Medium,0
268.5538471963192,143.9403571832375,1.1714968383156283,6.538306678043094,Loamy,Plains,687.6962933083277,0,47.58238810266354,4.5098056617939575,15.438858188555947,1005.0658610717016,3.672883623149814,0.3671350011759642,Medium,0
700.8858580256555,230.50251857344762,5.769460036435833,5.381710618664744,Clayey,Hilly,238.98328359879815,0,109.58629086758512,0.4657035611184827,7.065618360157548,493.7349345017153,0.9430061952068578,0.6089876022965185,Medium,1
512.8528514049068,191.35630020045247,4.658803517675352,7.51920294571166,Clayey,Semi-Arid,546.2152151089391,2,44.16349329198447,0.16135179734909413,15.652692752123695,747.1723811395398,9.374631712938461,0.592432358342437,Medium,1
344.24822163623867,84.75940949599016,1.5592401490865513,10.852240829626862,Sandy,Plains,1147.839249064606,0,56.94656804166779,0.1,10.128699037787937,369.19207375268024,0.6811471172750451,0.34178890289441105,Low,0
441.6346383513441,522.7108276683377,3.1541251552889107,6.489482405797649,Rocky,Plains,1184.8444442411949,0,30.393951973183764,0.5331360172664282,0.0,1438.2903144504207,4.843267487042576,0.21186721606231415,Low,0
533.7490368782584,430.3048877235077,0.637267110971326,4.135392755247771,Loamy,Semi-Arid,826.25133179834,3,73.05159823053583,0.16277390801690772,0.0,50.0,0.6642907896991459,0.5653520762010958,Medium,1
461.4008087118617,186.51766941760172,2.4100425549054747,2.377726575053913,Sandy,Plateau,1185.9448001001495,1,54.61064463710663,0.979708581792253,9.705211218843681,698.7549539436599,3.6161312831842682,0.5227965980958564,Medium,0
530.8133988669554,312.6905675984332,8.52116591196622,3.336107846184324,Loamy,Plateau,1230.841027262948,4,67.80303891077654,1.2760948609436484,7.228618748200663,1205.9867616980978,1.9735915415429757,0.5664634274863695,Medium,1
311.8989610380951,330.0958107785554,2.1871335646088466,9.593174492219994,Rocky,Plains,954.1239855192216,1,46.68074830694441,1.4383158921804526,3.340149027540308,660.9910879027901,14.016650101764386,0.4953961819926971,Medium,0
475.4041236054117,422.93030257281725,7.319508157895634,6.038126571079566,Loamy,Semi-Arid,647.1832316524285,1,38.61190837061153,0.33777714221361477,10.183387675880216,769.8617142390435,0.327344083623824,0.6633053649732764,High,1
237.94282546425296,181.76739680079055,3.5688650974012006,5.177437270237869,Rocky,Semi-Arid,1054.3689394854757,0,49.04814918385402,1.3719174066280995,18.94300778723398,1614.5673527321521,6.297863638822708,0.17280831347666062,Low,0
433.3160907976949,411.0528140778911,0.8521625972259972,4.8520983304481735,Rocky,Plateau,1070.4446476806022,3,74.14574441008578,0.1,8.356201647246458,640.0717409966045,7.1296053385783615,0.35837883526729897,Medium,0
314.41385378028156,214.2513634951678,3.480551834046817,7.255137580600546,Loamy,Semi-Arid,1135.8805366226084,0,64.9262815997499,0.6020859009279058,5.8802642635394164,971.3595717579761,13.188383105151672,0.4098946455338918,Medium,0
339.670508611535,119.69651149976639,2.820744062871997,6.281634718703248,Loamy,Plateau,1202.8911445007839,5,38.60260515313773,1.0132887500680547,4.496276012657518,1664.3779155630718,12.609114709265512,0.6141975634199166,Medium,1
635.4139762815656,366.89638711773966,2.0342549696401093,6.180603568842242,Sandy,Semi-Arid,423.2423998275724,0,30.0,0.27711621217107085,2.0766555008566554,1013.7196923757223,22.64826783754348,0.4234261117191493,Medium,0
613.6965180891403,434.89101089469136,0.5096540182838841,11.047971783432217,Laterite,Plains,721.5247641219903,0,54.14537204514947,3.700473309135177,12.07299171044288,2401.931135771748,1.7574490634513853,0.27621517627972203,Low,0
541.3707181360766,590.5490768236821,2.1562739939645725,11.6140488455849,Sandy,Coastal,235.4825290092631,1,71.10846234645726,0.49425242067628045,5.866498934967151,1747.6983779883287,1.9280567558631825,0.4267003211308886,Medium,0
286.1530852991132,136.03296818917437,0.3021816398149553,2.169934981273011,Sandy,Coastal,1161.4486134243716,2,48.89779541700918,3.093303428999577,7.313184590539537,1774.335549072822,3.037941917942253,0.3744692354569303,Medium,0
402.5387325457797,363.8703622096947,0.41597491787084895,7.982778193428873,Clayey,Coastal,825.6909932068544,4,70.91572428799266,1.4129516277238596,5.955742214196091,505.90149046680494,4.627651083015016,0.4044366900132454,Medium,0
631.9646549968775,230.82385074477602,2.150845533224079,4.669413704135824,Loamy,Plateau,1050.7849247440952,1,59.52364308861144,1.4375515830853771,16.02167100623494,1150.9695770786052,2.7450544918593494,0.48820647756251795,Medium,0
471.2575370459857,374.00304526288375,1.4575699161358442,6.255246658416719,Laterite,Hilly,383.51243813344456,3,79.03322154087482,2.279607143106701,0.8997856662690538,1057.8850085686436,8.089286033186138,0.6411676147785095,Medium,1
797.8994309972541,103.54125385224992,10.390205234730816,7.927835155380083,Rocky,Plateau,1390.3432973925676,3,49.855444461701516,0.1,11.428226512397455,996.3499582732803,0.05149062113052086,0.5495345017724695,Medium,0
508.99767590915576,128.46762691617232,1.8845342239240552,6.361840249207242,Sandy,Semi-Arid,481.9812923832538,1,57.279471972943085,0.18047474264391922,12.35128963911292,932.1073848079523,0.1068720706578618,0.7896188290059427,High,1
478.8073674735047,186.89502122002193,5.6729258087466095,7.691379641882899,Clayey,Plains,1171.0971565338605,0,50.13767767320006,0.870710324694554,4.309679917929225,1132.6291654931883,7.553885516129274,0.6154837057358047,Medium,1
403.6325303696248,289.4756854801701,3.0221974994035787,9.018910618095752,Rocky,Hilly,941.2825598123895,1,69.82420851758928,1.1863800963061613,11.030614669605978,50.0,12.87970782884473,0.4039144269312802,Medium,0
470.03113571734235,203.07024801539734,4.870741150549656,7.8837304016209595,Rocky,Plateau,833.6950278658373,2,65.08980948410739,1.2364331297485214,7.151136462475074,736.5251404003316,8.991337250526978,0.4079093951730608,Medium,0
427.12952454291843,359.08652126961033,1.2050473554901657,5.059491087497129,Rocky,Semi-Arid,805.443962685739,0,37.61876767854966,2.485457868587424,12.071093566505544,2041.4252397787905,0.7472030173634865,0.5192102260819956,Medium,0
556.2163015032886,403.2273541909497,11.382700839234186,5.112401179089028,Sandy,Hilly,676.6779467393545,0,66.30609432792804,0.1,3.153890600304072,932.1307686348684,16.39781101941368,0.48554997970236063,Medium,0
593.5053475191876,351.9493049494427,3.020843573257406,2.680884110145893,Rocky,Semi-Arid,1353.3186619152689,0,40.13191012115655,7.032849393702271,9.347464857796194,873.1218452069409,4.4277705403609815,0.4260799973245439,Medium,0
332.10158092380755,474.2545167593041,7.1191039461676136,4.438239107437845,Rocky,Semi-Arid,904.4144920232849,0,47.06524217495772,0.4218516842295472,8.36287304943281,1167.485853383524,8.13564209555802,0.5798641069345133,Medium,1
250.3150569663333,329.89919553464114,1.816808963634652,12.886205085695584,Loamy,Coastal,455.77246437637297,1,66.94829168856825,0.6288904668477425,10.710551500393095,1215.9622586244639,1.346712925443783,0.6747775504623458,High,1
174.56919403450553,133.97239475917993,0.4223815020544153,4.623989277714267,Clayey,Coastal,765.613929287806,2,42.94645002120829,5.193104881728172,0.0,73.79475792561834,4.77500937379115,0.4709754765470591,Medium,0
526.1986990368815,443.60518162460073,4.4798950895025715,3.4198635626685405,Sandy,Semi-Arid,944.9186595210284,0,53.54300499960605,0.1,4.407176381246183,1270.494215808713,2.40340993632441,0.5200134278472405,Medium,0
284.49500907391894,207.3812517272803,0.031159644249227018,7.9597835855343195,Sandy,Semi-Arid,1214.231848505864,3,67.11263053984896,10.439289360547619,10.9283282446873,1474.0978358052544,22.076135332303792,0.6519628225678862,High,1
127.0664110571276,389.2502199622684,2.5796608910386873,6.66890572212442,Sandy,Plains,688.3830978189775,0,62.98246988157956,0.1,16.756716337835687,1493.9768891131926,3.8569621509763587,0.24939432937570707,Low,0
508.28679067964464,468.8481059866127,0.8567446682580756,6.413220289452324,Sandy,Plains,711.7782054684083,0,62.28069340921912,0.2825976389456479,13.238510061347466,730.7203007502005,8.453129335187242,0.43579012339814455,Medium,0
823.9499276149186,334.8025612876479,3.948736322877745,11.22713789923627,Clayey,Hilly,908.2012445015919,1,67.50155538455621,0.6040699869795351,10.01895497200094,1970.624594684833,5.546420349527145,0.3572966316161607,Medium,0
449.089363269016,100.46094242024202,15.53371753701498,8.647380026675096,Laterite,Plateau,1205.6986869815642,2,73.68426716937745,1.2705842849405637,3.7622772941615725,1913.817555711086,0.5942746322653194,0.6716428975201877,High,1
575.7736161677462,169.81454001882503,2.4974923658772914,5.410021204889574,Clayey,Plateau,420.93591254138965,0,43.11365120932572,1.6076464710600777,9.49229652629517,1869.8576545483386,4.697482896808561,0.3615491201867831,Medium,0
462.27440378213475,438.7293360262163,6.803982210884819,5.72657224722466,Clayey,Plains,1076.874120847111,1,61.998947408178196,0.2433575161965782,10.927681384796323,1593.9070539431127,4.661989060489949,0.6183638352171845,Medium,1
435.1665520213286,259.70527772286204,2.8353520570314923,5.492240458282945,Rocky,Plateau,737.5781144549704,1,69.57422297363314,0.16836367903039598,16.904315107901823,1026.047305934939,7.5465488745849605,0.45632926747787966,Medium,0
587.8614724481653,289.5488241930599,2.7394466506716895,9.624218864740772,Rocky,Plains,786.4485963880297,0,67.2142414744217,0.1,3.5740605199162543,1202.1463913241037,2.3308339891409604,0.36286396380666097,Medium,0
406.4588183717023,371.0589299396331,10.661313257180886,6.075557111640587,Laterite,Semi-Arid,1600.551510795412,2,56.08806708601227,0.6527922716064105,6.106336850710411,1911.8523813617785,11.824690185085208,0.5128667651810874,Medium,0
490.10884711078546,363.5587434496388,8.827858708787224,1.6205394926375485,Laterite,Semi-Arid,831.2357714069661,1,55.39477471463975,5.599168934121378,18.05248781634818,59.418081396422394,5.846753531490544,0.5304727252206671,Medium,0
498.25467092940204,313.4559774862553,6.1633891708670365,6.855040963796967,Rocky,Semi-Arid,1164.142812608003,0,67.8919754721621,1.0868840166278357,7.006858785260323,834.533845702348,0.2408165916401213,0.6745279580907917,High,1
349.78643195354266,254.9597954535441,1.4053610991590668,2.3889219966162125,Rocky,Semi-Arid,1151.619843021172,1,60.56830031008839,3.1767005531395545,10.452602485434706,1429.5539582475617,7.362134268188704,0.17950984526703379,Low,0
598.8063524304785,242.47978651211713,3.1499054251952567,13.552691805264706,Loamy,Plains,486.99163006552266,3,71.12957058835332,0.4640974739445023,2.7036119606428572,1086.1966215438488,14.248800258666261,0.43362385984847346,Medium,0
423.7560364956887,382.94785903496114,1.013881345040251,4.102996258458307,Sandy,Semi-Arid,254.11198617198352,3,59.31843847072628,0.14710461576957434,6.2882035357503465,999.7964578697869,6.895905815054988,0.48960542037776206,Medium,0
336.6382260760733,346.4283437281352,2.347348689186781,6.514405703926808,Loamy,Semi-Arid,1187.3437323459189,2,53.51733429675812,1.7777404749579107,9.625255419172237,2013.059135645085,2.8681887192110547,0.14489815301864492,Low,0
530.4764765355606,249.12399992586523,2.6482460676554926,7.77460820410341,Loamy,Semi-Arid,520.7588326430184,2,36.83838875670061,3.798280126686833,6.097516436473933,1617.7576758655714,5.35909131872879,0.6124516858009528,Medium,1
315.2298027313444,409.8534775591769,7.12660389468675,6.13402551796231,Sandy,Hilly,317.53596590014047,0,55.23476190459396,5.032063627223262,8.906799863044663,1680.75571224766,1.1280939762739681,0.5568041061638236,Medium,1
454.2271736053692,264.51590618442594,9.054548642206354,6.129908795601422,Laterite,Plateau,1259.1567751954692,0,43.22854947926617,1.7382394724242058,9.277336756837299,813.7276719632366,5.516606110627363,0.5995873543380826,Medium,1
448.6321505033695,177.8005390798728,2.14197670629247,8.265481858482632,Laterite,Coastal,543.2006431785425,0,36.045467598896174,0.7660086953722169,8.354856562251896,922.5067980696319,4.170807859956923,0.5705065852269784,Medium,1
612.8843348747367,188.92351613159863,0.07145217392110147,11.578647876388835,Laterite,Coastal,629.6188835104622,4,47.6134592415299,0.25516780481583123,4.252139500529944,1400.4117463523453,0.1590353174819673,0.5227884448341908,Medium,0
521.2047349319929,162.5510996428281,7.915456372620517,9.302527245451893,Rocky,Semi-Arid,1591.0306042812533,0,66.43734785663973,2.424591137746692,12.141301681873342,1416.432124411197,2.330673567103101,0.6017864721454811,Medium,1
446.24595618822843,247.31079800755754,0.7659917822449057,11.435541635720629,Sandy,Plains,319.0926235164501,2,55.09779138031073,0.7240440713548604,8.906438273027867,2124.963413940913,1.2735721905172603,0.5203105016327279,Medium,0
572.6649448800431,428.04691340034316,3.8901954690673546,3.8601426757194943,Clayey,Semi-Arid,460.2998855075761,4,60.13812135637364,4.086848549993113,4.671890050717122,1385.5262644148663,2.9721937542819497,0.5176397165602845,Medium,0
658.5311323525971,183.38857827633893,0.10115185088432313,7.952087899766084,Rocky,Plains,739.1056501341278,0,66.08318971323936,2.04418761821332,3.9730695504753157,2029.4629087711817,1.6611050897583741,0.4896019790900471,Medium,0
533.6715459527793,302.61709132217237,2.040013682540993,7.4657381561748375,Sandy,Hilly,815.9101060579522,2,57.570308565439646,4.307895914225185,2.8479892814487453,1525.3338751568606,10.783600763773514,0.8114848717383403,High,1
451.5528929765071,201.1972785247104,17.063465595213195,8.053273875030204,Rocky,Coastal,587.1891512588213,2,49.74385025014531,1.839676320513878,14.024450061690505,1085.4376018477465,7.177684564581567,0.5300270266591097,Medium,0
253.22456514747606,248.7629150474275,0.42452592267241535,11.128695911906718,Clayey,Plateau,494.4707159369793,3,52.646696430257336,3.250016659659755,4.433578791334998,811.2793798595662,8.08509035619674,0.4765403435891473,Medium,0
290.2329505386941,98.79505456176975,2.204460151638047,6.337632550623837,Sandy,Plains,1428.498013551176,1,67.26915741284034,0.7668591920255736,3.4502645694464738,1601.9461672352147,2.6858591630091153,0.52388607919097,Medium,0
404.2162943467998,253.53541250121552,1.467766726183535,5.783489900337737,Rocky,Plains,992.0451434366505,0,57.68544788219981,1.538423810859308,3.054902207303943,1016.1523136654037,0.020713905347066963,0.168308201889627,Low,0
358.5731696761075,256.7553544234046,9.419225729982346,8.601942392255992,Sandy,Plateau,1104.8090604732158,3,30.0,0.1,0.0,1143.247236428762,1.4842616249815856,0.7002134054628981,High,1
421.9543045521831,344.83455328428346,8.140630301734422,1.6653918173024582,Loamy,Hilly,851.9711882045124,1,53.76222023512902,2.0593414711484477,19.01875899248374,787.4594983005269,8.446289824357729,0.5857024949434543,Medium,1
458.49748873456605,306.7937095906445,1.0856538949391046,6.289443852633465,Clayey,Plains,1001.3092321006977,0,64.38009556319079,1.6786230147055017,8.444660857231412,1201.8825964605471,5.5404481081523915,0.45826992686228546,Medium,0
529.4539131535096,136.19294500575455,0.33869406389036644,6.597406932143641,Sandy,Semi-Arid,1226.5155813883566,1,60.194524196972026,3.096830152542196,3.571901903727273,1496.821531293203,4.64065567461271,0.4270578164402071,Medium,0
439.4251832911363,410.10378928522516,3.9461918313652986,4.238924151079225,Laterite,Coastal,551.2953449091328,3,45.75346333434393,2.8720427611062735,6.279778688409298,997.6852664397388,1.975358762635222,0.5749140620631948,Medium,1
522.9752465739302,305.23636482663943,1.640114290868871,10.171177034069732,Sandy,Hilly,992.6925987812937,0,49.04693013148477,2.1732312566526506,1.7168529407716147,843.7030093890419,0.47258627548405396,0.30941598268244935,Low,0
459.67116222151805,303.8072220612984,4.459995968541839,3.8132790479701475,Clayey,Plateau,1143.6148096927618,1,34.616323395221535,0.128381990674876,8.922085606209572,1233.4559334157314,9.218978249734079,0.6379192055831041,Medium,1
153.68001504691932,278.89811759378335,0.13058765721989815,6.592380854908612,Loamy,Hilly,1440.6790712344912,1,64.59242088060174,5.132917636754694,7.242905325677037,1433.8231519055555,0.23653514538140966,0.5157851943833323,Medium,0
309.0996909271869,217.86910633333363,0.5727075484852655,7.8794716759689045,Loamy,Plains,1581.7618429306165,1,65.46159699759,0.1,13.567998918764903,1195.183382709229,0.3657430516362675,0.34647947609871826,Low,0
428.3868666417577,306.13628076984713,4.638193803884174,11.060354684428354,Sandy,Hilly,924.4509289436165,2,56.39928206179818,3.5770045441634672,4.504642265786403,2146.451228975693,2.0967936962160456,0.6486834989319403,Medium,1
268.5457885738339,337.0706123114299,0.954910698138103,6.96833069535744,Laterite,Semi-Arid,1298.523632390497,3,53.79618132911182,1.435874527994506,9.807268645221656,1250.3351106338648,5.104895733365597,0.23229969221031793,Low,0
539.9893094994306,70.3725170385334,7.79611494854742,9.808460782384632,Laterite,Coastal,150.0,2,45.02235473787057,3.7481690923435065,8.092750689544454,1458.3433492742836,29.142221398093398,0.5327711526884361,Medium,0
679.6126248515546,215.34869951846852,0.24150988221137437,9.101786191831382,Clayey,Coastal,1443.2990182818498,0,61.9884819495248,1.3763621205095689,3.71566888273456,1641.67268211286,0.5700957361425809,0.4308138715547282,Medium,0
632.8142777545975,249.40636355156929,0.9707429623157023,7.370372668507428,Rocky,Hilly,645.9407183977187,0,38.29379974038372,2.290444305534317,9.798295509958104,1398.2714083334536,3.8452732815523953,0.40463753545880876,Medium,0
417.9835693604688,310.7404726833134,25.0,3.7314597751796335,Sandy,Plains,815.6158928542382,0,67.321913980716,0.9930855370988592,7.598694557991934,716.3774128699348,5.52410174497692,0.8627030133156833,High,1
673.6089205274928,423.1973207112551,2.270120815969808,2.6962574172869536,Clayey,Plateau,1054.3865695284574,3,64.95012698952875,2.994912105482745,12.977770885428317,786.8818243696853,10.393201812311922,0.46567897268087954,Medium,0
472.30011858031673,187.39110224838612,4.8556301436042935,7.3195162042575594,Rocky,Plains,846.2951714395701,2,72.01821161849672,0.645184905946616,10.011113816147766,647.722133865843,7.019629927807223,0.5893643574582462,Medium,1
399.4371043322941,220.24457838185896,0.8068153769851621,5.371909378292159,Loamy,Coastal,968.7586828488471,5,58.60417660353771,2.7954696060607276,5.603228642749317,540.1417997168118,9.89348923438185,0.24612178352442335,Low,0
357.98960046885907,218.495906722414,3.765088078110416,9.757783275043876,Rocky,Plateau,1455.69253887915,0,51.76009367607976,0.47279295374855895,12.444790708523374,1336.5996558924865,4.434757287655455,0.14490532571724973,Low,0
404.62954702678076,183.816689187455,5.180057433512412,9.237569554295732,Loamy,Plains,765.52298412891,3,63.18619687403325,2.8176225571027853,9.447042620724382,1820.155278081112,3.4146577091646293,0.2477316200982249,Low,0
391.7734772188157,238.3376205865285,1.5102907888594974,6.44616701668885,Sandy,Semi-Arid,519.5766642248063,2,67.37100704516874,0.7648840683509176,5.398734622576916,1558.9810489262136,5.785458479743951,0.3246869549151396,Low,0
475.56243335632314,372.49626639855654,7.0619608762693575,3.526861228176192,Sandy,Plains,1534.7123500544928,3,44.10772447608012,0.718532218118936,12.733195887351277,1552.2671575829122,13.867987948961467,0.5088751555925005,Medium,0
474.0860971574797,153.53974055627853,3.6994855472172277,8.53220664882182,Sandy,Plains,1084.367475951637,0,57.16922240832008,3.670975243526908,12.336953143301063,687.1854198556564,4.802352318502387,0.4765929741042367,Medium,0
450.45690302301216,331.3377274183484,1.9714386605786762,3.946151661594549,Sandy,Semi-Arid,1572.7836413597124,2,61.18436488952354,3.6967864520754627,3.4802254844203135,1446.5547698752134,5.582233260824459,0.516062595463287,Medium,0
515.5407254619524,75.77173239779972,3.262546636745929,4.724608231207405,Clayey,Plateau,1202.2704687026164,1,63.77560114855831,2.5865774382557114,4.361765788730507,1464.7315840544297,2.4747222081379547,0.4470480223427499,Medium,0
628.5969412179512,212.63944042693527,3.4392715488270698,4.061752785354536,Loamy,Hilly,436.7419627952971,4,53.772425602196485,5.666804954615228,8.6201203228054,2037.783186986292,5.4398463240554875,0.45054363583569945,Medium,0
592.4331203161986,240.46128397384166,0.7238593151935442,6.58449693418014,Clayey,Semi-Arid,1125.8846351149084,1,65.5722038395803,0.3736310714592406,6.23158565337885,1368.5879846087034,5.929365283208348,0.2629903803530858,Low,0
227.26530473251447,480.9831607496878,2.061559897448425,10.510577002211685,Clayey,Plateau,555.618176941106,2,46.477689274873725,0.6903192524872933,6.38519475383569,2069.3449324366966,8.400546259811241,0.39580327398928666,Medium,0
80.0,247.02372342967743,1.6829074418784624,6.984877389329414,Loamy,Plains,902.6011308538834,1,82.21651199966033,0.7659519876968168,4.027690007264151,1262.3514484768732,5.0942700447426965,0.33814516319961635,Low,0
590.147986685891,20.0,2.049325177404534,5.670343922716913,Rocky,Semi-Arid,873.4999587372847,0,50.507446676378784,0.801362132057457,8.861102269003656,1423.9966965899716,1.3205165905312417,0.5684736465346922,Medium,1
244.96819523768684,40.13333117665002,5.727018189851646,2.4231552098642677,Rocky,Semi-Arid,333.8176683784303,1,62.893257826805446,0.8745979762467126,9.111426130006976,1782.442470546889,5.232582180998229,0.5151654956970619,Medium,0
416.2851897160975,284.08355036160174,2.6352798956950347,8.656373754189529,Rocky,Plateau,615.5163286533747,1,51.36954622461379,2.626916075198816,0.840592674907243,1325.1928072975982,2.1218322826646707,0.5932909260759197,Medium,1
274.48304609109607,353.65250269478906,11.274775474868862,4.658786182214118,Loamy,Coastal,1671.8155550556849,1,59.175840471705065,0.6946496414208891,6.068657025432807,442.79538574954086,0.5482492669110501,0.4106187851804587,Medium,0
179.70293436299704,325.05470291527035,1.3907272338978753,7.35255285747429,Sandy,Plateau,983.4320916944075,0,45.04909345308015,0.7408792506840791,5.184688895729398,703.5858147298775,10.47268445963546,0.4221136246211333,Medium,0
531.2194092307182,300.1084126961188,2.1493874139792015,5.937344152250079,Sandy,Plains,838.5413528679667,1,70.90687961865163,1.8588563028099152,9.384830414221394,2532.3061616192545,0.4101363139574324,0.5556425159844247,Medium,1
563.873274045397,419.47115170068,6.185041464493094,9.514531658798314,Clayey,Plains,1534.511576979324,1,48.19136924748666,0.4727280525208199,10.857871792675564,1249.9820138320283,5.993197435445869,0.40176225297684204,Medium,0
363.5234398909921,215.24905351154422,3.1588490108723035,6.528290823914343,Laterite,Plains,761.317641475791,1,58.97912416084897,0.9986969096184205,11.61719532186895,1547.351175027569,26.7896395107971,0.5911291838118568,Medium,1
80.0,387.389266723219,3.167701155267055,6.823220936430845,Clayey,Semi-Arid,868.002873310808,0,57.23345776546677,0.13131079430501708,6.148832349371499,667.3576027460356,0.5501868055727841,0.4067437137031846,Medium,0
368.0633327621276,84.15821379682993,0.21926180385245797,8.457241442366378,Loamy,Plateau,1246.7809996429974,1,49.580038698073494,6.705639179238021,10.676176736186832,1370.0699700301682,1.4917824257679804,0.523736601422922,Medium,0
508.770600810382,171.40626004743206,2.033977790402223,13.320820546789557,Clayey,Semi-Arid,759.7424704842776,2,30.0,0.8397641996071189,0.498185288477317,1865.0927126528627,8.582837210452595,0.29711635329314035,Low,0
228.1632646838807,63.15503260818204,1.262865452843553,9.665340791075664,Rocky,Coastal,638.7177412266246,2,70.71281077814635,4.174282012743901,14.66050569705998,265.80071693045966,0.6114929506595095,0.6981701024673328,High,1
477.50398796687335,247.01856391962494,25.0,6.734181680954172,Loamy,Coastal,150.0,1,59.732573007810316,1.660795034094935,4.5262888557103835,1304.4642387630759,10.728697600207568,0.8997293429947577,High,1
447.70352262405066,274.4486539280389,1.4747302515980296,7.009593971845865,Loamy,Plains,572.2255903160335,0,37.116365657083115,0.5699002801040377,1.2633744495431127,1300.4499284607618,0.001620953078057463,0.42990708154262786,Medium,0
536.8937249401632,293.6921790671824,8.633818990742407,5.425421619026697,Sandy,Coastal,568.8902889036353,1,35.040535825765375,0.47291548172148123,4.555412675571268,1361.660623521089,13.240777832910023,0.6274140841905079,Medium,1
467.937055262123,287.42600234645624,4.5109337118925055,4.150012889440914,Rocky,Plains,955.4983434140134,0,54.135359295859544,2.612092571780889,15.23215831821955,2258.4036352662933,0.4149632924494829,0.3191934863160305,Low,0
304.03965886776666,168.69360030259264,1.6676196303808999,5.341747638801034,Sandy,Semi-Arid,686.3396069952785,2,57.01038215161013,7.36706491782526,11.174922028172642,1068.8652165294036,15.304728805645842,0.6490727176094598,Medium,1
629.4857252496737,257.1710986704141,3.1369675615162294,4.683553108864173,Rocky,Plateau,1655.3066538000185,2,55.42047472167293,0.44484335501886163,16.952128116820205,964.4957285951832,11.994970883141372,0.3321655835404355,Low,0
426.2205640459545,100.30639976731015,7.343745338889618,8.960105151387657,Loamy,Hilly,529.8298744178178,0,75.32724116437075,0.2698161363582047,9.505085651762295,1112.7280177255454,4.653476991879832,0.23426929929520457,Low,0
445.90431907351024,443.58747701587004,8.594936621971385,3.7864154263930416,Rocky,Plateau,1390.2263404000919,0,37.96519205305003,1.0770153250340517,14.785067607879139,2383.866553263011,9.029079121590321,0.4777171369832562,Medium,0
310.0098061390206,243.56487125223987,0.6992895837161783,10.999631684140134,Rocky,Coastal,976.9135342946422,0,60.54750791696734,1.1012379685292677,6.20906338509495,1279.2940199912036,0.46697047745958803,0.3127081929705803,Low,0
383.5076623212735,221.33366571475705,1.6594755890913246,9.25613915085649,Loamy,Plains,1182.370912499336,3,65.74757280611252,3.6106443096987144,1.463854416464038,1489.3726094981828,0.871180282567888,0.38768168521325347,Medium,0
317.27959289596487,470.6728394132899,1.6332156159976758,7.0615051881030055,Clayey,Semi-Arid,1161.1068581575546,3,65.49358159400641,1.3921265479087634,9.829575821758157,52.71259288659212,2.7654293892716724,0.4890237547811272,Medium,0
424.05809101148657,130.93041597409248,0.17181704840130435,7.000955834395205,Clayey,Plains,150.0,2,68.7262247383565,0.141893670387962,8.372135583053684,1256.2576003176193,4.626115120573422,0.23597916138064726,Low,0
706.7562720213515,144.9295463161637,3.6475792310073176,5.328156071156339,Loamy,Plains,895.956562358205,1,59.40287048593309,5.5750415924445775,10.501694711402049,1113.607296298796,12.159467131687453,0.6601524716038087,High,1
244.21482856029655,148.45356101577218,7.719125168543034,7.810253234043293,Rocky,Semi-Arid,808.2201519681587,3,60.95354107197186,1.0276385987868855,12.161336781226044,1246.305311664813,4.694237357165607,0.40488420594395585,Medium,0
207.96579031848884,271.85543419606216,1.9223134629022636,10.264277389625768,Loamy,Hilly,503.4576668580564,1,54.04188360370586,2.4292910221111486,10.011438905800103,1039.0583672038385,6.565424519094533,0.5642401362044744,Medium,1
670.6755491240413,331.7957955565117,5.388847629852622,4.890530613232559,Sandy,Plateau,1060.8691130255538,3,39.884409201344674,2.4223763211780525,7.5252692237898815,553.5207596803418,6.8344389696594625,0.3855897590633915,Medium,0
418.6014484272201,368.76105617414004,3.9522256361524577,2.3998237332438084,Sandy,Hilly,1500.789110557115,0,61.945495539237626,0.12758140973228063,7.754748352522849,1063.7236317287839,12.601203283572827,0.5004154446072616,Medium,0
349.6390892010125,588.6394380993963,1.8841685804220198,9.109654764570232,Rocky,Plains,150.0,1,53.16829169324488,0.1,10.408125324943336,1954.4852795780012,8.996905851630611,0.4548393360075734,Medium,0
605.9857031094115,20.0,0.6082238986498352,7.973097922731402,Rocky,Hilly,712.9356134553977,1,49.072041590790136,0.2027429601706058,0.6832384428189133,1261.916443228421,22.641475540394556,0.19454689933601724,Low,0
359.15766903947036,353.04827069493,4.942182110706936,3.6394035956764617,Laterite,Plains,463.981842560232,0,62.46993311234951,6.898562654436226,4.489969725088255,301.72078834081856,0.12129362106614062,0.43215764523235234,Medium,0
723.9014570320404,213.14433129133226,7.7121087568382425,4.799825887257646,Laterite,Coastal,925.1222391831926,1,63.53755622691002,3.4756587422363183,18.494300903249403,612.8018367801667,1.39786555849272,0.5940277027717681,Medium,1
551.6888807008904,209.6301821333472,4.631596001661016,4.422687177849578,Loamy,Plains,786.0325508975013,0,49.531444275748854,0.3114709578522929,5.614540453847365,1340.4261580670327,15.993888275473042,0.46482036042503067,Medium,0
376.8132887781446,205.6273446095347,0.07216093975139307,4.826403192897253,Rocky,Plains,688.0129755349876,2,61.00010510526119,2.0991827748279133,11.387818901554315,669.1261849696496,9.427659081212,0.40703605431153095,Medium,0
773.5962319898256,170.9476395030432,0.9745734477389106,6.028951737876437,Laterite,Plains,1141.3273899151704,3,57.02526600216811,2.082701034305495,6.030647864851354,1316.8921374136773,1.8666274693030904,0.5019238896949371,Medium,0
359.14276154949926,482.1429801524142,0.28804677226044223,6.200358087157758,Loamy,Semi-Arid,1472.6634553699846,1,60.278675932638166,0.1,6.977724532018723,1825.0612179536624,21.95514457244499,0.39773491552215867,Medium,0
561.314305801396,381.07567924166835,3.379473518579236,5.04761903479462,Rocky,Semi-Arid,1831.4615281152423,2,73.0428123594413,1.2330529858595005,0.0,1436.1977547583233,12.235836431558457,0.459901396272303,Medium,0
494.8938870609738,282.783517426885,5.65018669061691,4.725508541500215,Loamy,Plains,641.1298330359944,2,63.31036204971586,2.736834070570186,11.118643210324278,709.3553902175101,0.40105328475816526,0.27031792441102315,Low,0
645.2611934098197,442.12189029844,0.4687392003488484,6.313646968241855,Sandy,Plains,262.6935568636758,2,62.40348424888098,0.45489268285306106,5.315217207016582,1285.423726229296,10.005894002837243,0.3910402757147541,Medium,0
684.2266795090279,98.49652416413494,7.2889857333828765,7.503074604578684,Sandy,Plains,1095.718751927419,0,47.377475982295394,4.186960268431794,0.0,1571.0530875250954,9.208421354633966,0.6723935605741481,High,1
454.800622359865,120.31538424028886,3.2433016923886266,6.051110390905466,Loamy,Plains,1463.6696573631211,2,49.067812654606094,2.3753549842909636,0.978441026415414,836.8019211666201,1.4996443448633932,0.3779127837200175,Medium,0
336.98731944807247,20.0,4.684332102662204,10.476001070023905,Clayey,Semi-Arid,1184.791488464255,3,63.77865361226903,0.1,8.545728424060613,660.0793380794506,6.6382915653375045,0.4432535632401714,Medium,0
518.9958214408674,196.0702551852055,14.217652799645283,8.52426314326236,Rocky,Plains,1462.2214638356088,2,38.94809063302701,4.2469456707510975,4.563427528084958,1155.2780334085296,21.08470218053239,0.501146939055068,Medium,0
348.3426945371841,299.40382320457036,0.3495628353337448,2.2274624294239125,Clayey,Plateau,821.0796652892583,0,53.72330553373577,0.1,3.9369849531854797,1975.154329738083,6.759641375564881,0.21181116068397499,Low,0
752.0080871289935,292.3430293518801,9.259603405367788,8.57118329624156,Laterite,Plains,686.648946079405,1,48.840964147967696,4.814966051500067,5.838873427989123,707.5472544400379,10.084481876452461,0.6827725360529424,High,1
470.48029966241063,297.92102932718564,0.5391696454406363,8.816631947756747,Clayey,Plains,940.4025675904593,2,56.29352816068682,0.8932958358170215,0.0,981.5879184397394,0.6280746189718812,0.6382097662791151,Medium,1
395.2017673031837,110.67318027207017,1.9966345054591834,5.695795095627426,Rocky,Plains,784.3063844215891,1,55.412243497540466,2.6388642411608214,0.0,604.6248145415688,7.799792667430712,0.3457168559311195,Low,0
477.70204587973626,376.3785691136826,7.627030346426956,2.5144072380905333,Sandy,Plains,1132.0829074691205,1,59.56694789347627,3.406674678549547,11.201073748518734,823.3439411128218,1.374628054192707,0.28507725476426393,Low,0
247.93105657054554,308.75530218867976,9.468675228093577,7.024200278233408,Rocky,Plateau,1239.4187223012218,1,63.58172632438131,0.7265893173038991,10.575014207387829,1134.7235985480881,0.44739850073290455,0.6304676235946121,Medium,1
304.2578942234023,367.9665137759198,2.823889682272961,6.976874045553267,Laterite,Coastal,1266.82928260016,3,69.59928307069549,0.969617210715362,10.799693370865542,1126.15873843925,4.818809303735207,0.35661558635954166,Medium,0
630.0620861916639,52.86853868919377,3.6066395293633944,3.635061290400416,Rocky,Plateau,1078.7074347815364,2,70.50158896880403,1.5673132358654223,11.039394813673885,50.0,8.33245082433609,0.4748683791223419,Medium,0
351.46585815429063,317.3789030557348,4.926024698381647,2.646342351220193,Rocky,Plains,986.0378143363548,1,55.154567157529215,1.9226451172513728,10.187552962576511,1084.5373412891126,4.747800606628496,0.4680551226911518,Medium,0
292.96335259770905,137.46817120989678,7.1532696425226865,6.737339360639682,Rocky,Coastal,1178.0493412377969,1,50.90907815678938,0.7598148281123721,15.192008092728182,2082.390101571108,16.09402051979527,0.6553458955227405,High,1
530.497912879093,232.32120969383658,0.518208343057611,6.3007684238475345,Loamy,Semi-Arid,212.95283232154748,1,48.54681220488939,10.733795280583637,11.006627609820864,1271.2098082343844,7.13778379176463,0.463219354248813,Medium,0
627.8556231994496,344.123787836366,6.64438421409578,5.7482039040328194,Clayey,Plateau,973.6997633168797,3,54.13123805764716,2.93836183491008,8.183565073959931,1077.651965002335,0.7504876809985034,0.48738438857703564,Medium,0
557.84299659976,290.93123275070957,2.6255344773307625,6.749767795760316,Loamy,Semi-Arid,918.3673200096579,3,46.14602146549576,0.7049122651950966,15.700452716421013,915.7814247530146,16.355897676314306,0.44903752974008615,Medium,0
599.4071528708724,177.81520242648173,2.395884575398005,3.6916708785390426,Rocky,Plateau,974.5781385900442,1,63.63582494935246,2.250275500101375,10.674053738528082,738.0976836792149,0.9955340457306554,0.12740454168332746,Low,0
336.48073671458087,280.7527787421302,2.20589436703145,5.695538161401657,Sandy,Coastal,869.3317588110191,1,70.28156871499678,1.2574908652307213,10.869191062009792,1253.451468342763,8.51924197420923,0.4509952595280579,Medium,0
236.72839998872342,96.21576217076284,2.8469686849790663,8.599975091843042,Laterite,Plains,1051.1494227115656,1,39.70454504656256,4.330622659998449,5.494027960820231,1425.805043157858,0.9648424625195899,0.4744951797643285,Medium,0
675.200047793323,418.0320875077955,11.605366676234494,5.950089758946134,Laterite,Plateau,698.8889774630946,0,58.113823334764234,0.8776058161421781,8.158939029096045,2069.3858272588936,30.0,0.5365192999299176,Medium,0
401.5980241736796,255.36591766044984,3.1780961022533543,1.9840825846223442,Laterite,Semi-Arid,1295.3332003087705,1,76.67144288867266,0.4577653023689454,2.298151360828827,829.2240828288641,2.4224870738257476,0.4878695764306411,Medium,0
412.3750475317429,414.2259933106391,12.245568958224647,5.581923166829285,Laterite,Coastal,1065.7774220947158,3,40.2207034731712,0.10391578263000968,0.4278049706222813,1848.3632447156142,4.110232720424952,0.5863013527179579,Medium,1
649.2291212773587,216.81619754847483,0.7952192766243394,3.789524609479419,Loamy,Plains,952.7400502593513,1,75.72679975191184,9.14030206459437,0.0,1829.1079674242408,3.773574218003927,0.5757653293387361,Medium,1
533.434501410099,217.17088139121006,5.151388846399893,7.8014088893851925,Loamy,Semi-Arid,655.869200277358,3,47.68234529668086,0.97915775439487,6.896158553290359,997.70257116776,0.6448244762762246,0.3314152527995823,Low,0
518.3831658122411,188.29758560345843,6.690353080386238,7.956512210141276,Loamy,Plains,1185.3609098227669,0,50.713799020877076,0.5480778234609647,14.84208699791487,834.7437462981684,4.087489526352905,0.48443713059145227,Medium,0
774.7503517351627,385.14087180316903,4.546862320537518,2.0236761247419075,Clayey,Coastal,972.3308944730719,1,65.41077157301088,1.488999983375606,10.173497771114441,482.3490610760449,0.971627490861062,0.3536079731627904,Medium,0
353.47226544297854,194.8682611205829,3.7349917057081727,9.277038911746567,Sandy,Plateau,635.5808122620792,3,64.09093784522244,0.7585641423028249,12.336893018976909,1216.3466137239116,9.716348239765674,0.19225367909266597,Low,0
589.1760192121856,357.3514518898212,3.327915808705232,3.6634410961643247,Rocky,Plains,880.1684601553666,0,56.735117330415974,0.5833039360748453,3.6702957519207366,1056.2431154785372,19.065458077144168,0.3880025564854666,Medium,0
458.55196873456265,234.10571227968518,7.891125382157259,11.677546871447054,Laterite,Plateau,1120.1789167344339,1,48.83877077888076,2.107851967396785,9.511738981153542,1735.8242517162942,9.903386012398919,0.43889281447222983,Medium,0
490.28884182948855,42.88440401300565,6.89595315128729,6.8536712064981495,Rocky,Plains,1093.050738586939,1,43.073007128199556,0.17115487624408476,18.164692963730666,1376.4988897491219,3.38392392683168,0.4679084384594494,Medium,0
679.2702639618798,211.56231186562405,0.5217503161602447,3.2608195043825132,Loamy,Semi-Arid,1070.4531387328543,0,57.080281828372826,1.5648529426010978,11.994080259628861,209.01334898490927,0.014245279015630035,0.5883144827561386,Medium,1
526.1753634434435,138.50701427645822,7.550993662984758,3.5740417879219555,Sandy,Semi-Arid,932.385987109377,0,55.45241671065299,1.078207199922464,6.129704822012887,1167.8389450191728,0.22399018531804607,0.541802655956319,Medium,0
530.7444118574449,284.0683268418805,2.138210377131464,8.044285875362034,Rocky,Coastal,1259.0368366556638,1,48.49274570794626,1.67292092733761,0.0,1353.3115191736438,4.099598676393214,0.31392673775175106,Low,0
610.8761005964703,137.15107171906118,1.170493468906413,5.826100330304867,Rocky,Plateau,1333.2287763340635,3,54.93354057596969,0.8498834652943983,1.4333439018115897,1084.7604494743578,6.8270002920193615,0.22680592809536385,Low,0
395.2570905685672,391.117012085754,8.153768660958539,6.710038271145578,Sandy,Plateau,1158.0629154864391,1,61.01070735244336,1.858376688669241,11.283110691245872,1645.326134224417,10.272614565331313,0.6697484301223887,High,1
324.11854989914906,269.0708967576367,2.2627100901647164,11.838340698091118,Sandy,Plains,694.3920538005025,1,70.83842090248174,0.18779253639221558,9.104214125403928,917.7880567516698,5.49072116652977,0.5541390747382845,Medium,1
293.2786208968449,258.6884806289513,6.608644564638035,4.902267807312774,Sandy,Plains,529.6783989483188,0,60.34075366586359,1.0380912969207592,16.98404353212836,1718.7017399555639,22.986288584838782,0.4805206322222898,Medium,0
155.04651159359975,358.7070565345099,1.2228607141377443,7.17988857308712,Loamy,Semi-Arid,709.6210815599422,1,55.89261873842808,0.5965320795527861,8.323468122435525,922.6792933135903,4.084680207148685,0.2683683277704483,Low,0
758.4310694910483,395.6688320891035,0.015748245951042406,11.259533462119158,Sandy,Hilly,1583.7798617918531,2,48.11869627111676,1.268108762706734,0.5771013381262797,1034.9052434706862,5.498176406156856,0.3150849483977661,Low,0
284.51874514174756,277.5881497876418,2.736426224965757,7.8115404263992,Rocky,Coastal,998.5935698395738,2,49.066396125297224,1.1177238748854659,6.8618006928373285,2174.117497666879,1.5689859611936328,0.5166970018593537,Medium,0
416.8119564621342,187.45596405408514,0.42245666526611403,2.1801917939259825,Sandy,Plains,1644.2546396342348,1,60.59734415183695,2.194404271573663,8.21277244772807,541.006706318169,2.4900069264416222,0.30666499601640007,Low,0
408.4780050166619,67.12364606654447,5.61581274617571,8.51616703519641,Loamy,Coastal,857.9305797443973,2,61.24898771430649,2.1799808924811495,6.0747766503281415,1246.9094605702908,6.895615032261518,0.5267959843136185,Medium,0
496.1110046713651,197.67402915577838,1.292270684332959,3.5109914266496673,Clayey,Plateau,809.4152153274774,1,55.333007301088884,1.173374461171304,7.984048670436058,1374.0297776632262,5.522415046841859,0.5967802885424781,Medium,1
572.3605818808945,205.9345304022446,2.345399445939781,11.220422586198895,Clayey,Plateau,874.0802121745742,0,68.8609207784453,0.4409511924298112,9.864523877604073,891.8651644574011,2.7688696889720985,0.32983587583949997,Low,0
579.0710232539618,292.84689435907563,0.36422465032218926,4.531397185006067,Rocky,Plateau,867.7390719813437,1,58.706043497441335,1.918548028127975,0.0,1434.4765387495006,0.7125792795407289,0.27845745205125455,Low,0
362.53838421465923,238.58237426343675,1.3511842412616495,15.908528523236994,Sandy,Plains,629.2221808462965,2,52.16333684211939,7.4726712523553385,4.643873154015538,1568.2116352205105,2.5169145719171064,0.4551531788478663,Medium,0
424.9317429320383,362.5519566461714,6.083698448658294,11.402127964983034,Loamy,Plains,497.90310614166305,2,50.139496896962974,0.45124317358348137,14.310240529520023,1339.6910565946666,0.2709607808051253,0.2298602944087468,Low,0
492.3869925732449,206.44200744751726,0.6575552331269994,4.610162291116064,Loamy,Plateau,1075.467819513302,1,49.334263878506576,0.15743105107683314,16.062636968884746,1297.607755007885,5.215973800356767,0.27359448031342576,Low,0
412.69633107246796,273.155059977647,4.166957355048636,7.060041415004831,Sandy,Semi-Arid,1269.2152511590773,1,63.76032399284725,0.6760334490300214,1.6177741153751244,1461.5792556477363,2.3406411983837803,0.5077516449744371,Medium,0
691.1018364029989,422.07849318362673,9.976234541576444,9.26093284490039,Rocky,Plains,1755.7434552332406,0,50.543887535628826,1.1717084552961787,1.6265424867819442,823.7595071527942,2.8667489382702525,0.34636979212671876,Low,0
523.6462427457377,321.019025674596,4.555697150004608,9.350981422680123,Sandy,Coastal,748.2004826581422,0,59.29081248768189,0.8042206843443883,11.817671282802007,884.5054790795042,5.135242263430314,0.7930839707836639,High,1
560.2316679074726,272.79549499737226,6.664492114670586,8.327008779928592,Sandy,Coastal,776.5705795975738,0,47.81812086009468,3.9601144317515176,18.134777788069837,1431.2952613384768,5.22342878445693,0.5008493927624397,Medium,0
549.4321903001119,207.76666696777875,0.4615160424340323,10.75647711089833,Loamy,Plains,630.0697469421439,2,55.99568328872822,1.4944574869903922,9.09890008371506,1015.552759200672,5.325393342723454,0.36521451225095375,Medium,0
626.0210786227988,204.01223239420275,1.1546332673041135,6.631093160096891,Clayey,Semi-Arid,1294.0046002807485,2,57.345529208471156,0.621571565298854,8.544120391093932,1174.7933126242174,4.058816693457059,0.3635940513104413,Medium,0
477.15323380555606,177.92640964576628,8.997650646306157,5.8998469942719005,Sandy,Plains,1185.2456091786926,1,86.36969761921094,6.599386986058943,4.456420244410765,50.0,4.018018861975155,0.5600027165414445,Medium,1
255.47520780662302,215.07917610605207,5.022546965966377,5.9594080362261685,Rocky,Semi-Arid,593.0728963439158,1,42.31477718540394,0.29392701617174627,13.063804046592054,1535.5326998436758,10.329577025093123,0.38955066082936907,Medium,0
509.95319276289626,370.67990064931774,4.081650574977255,9.575119695916381,Laterite,Plains,584.2306695594699,1,67.70397520328066,0.2885240891140131,6.486133324918211,1862.6418741242155,3.781647876279757,0.19903980161595153,Low,0
352.2964659312256,253.37340744492775,4.359800488629749,8.095543120907939,Loamy,Plains,1233.380165508564,2,48.777215460377356,0.6191127753664577,15.849386834683935,1506.052891071289,4.607614379872475,0.35923638537478153,Medium,0
370.70749773753647,118.02723167425228,2.1391111632970383,7.873850997070769,Loamy,Plains,1034.1186529229426,0,74.19688854431394,0.1757342095701746,9.803222963566014,1582.8696872152673,26.65314519117768,0.7291746338835776,High,1
537.954602813264,492.180315167174,0.18231914460220044,9.385702747771546,Rocky,Hilly,1165.4360495539004,4,49.62366967410098,3.0644395041734356,9.295172243286327,1662.7332077220858,1.198393861049341,0.5595856137571024,Medium,1
635.7424607150454,318.39582293741955,6.1380925589252024,0.846842776438435,Clayey,Plains,591.0310325813805,0,70.43484337450593,0.8253204830603136,3.888745992462181,1107.6604957199033,7.776988725765165,0.3441184405311401,Low,0
453.19073651040924,111.16679193841969,4.54168483809551,7.930206471625452,Rocky,Semi-Arid,242.7962976314277,1,60.660907381767046,2.8792136338971326,4.066411974627217,754.7264607541342,3.845459805685814,0.2786787050378011,Low,0
496.32495188984456,226.97812873110115,2.5607350536732714,7.655706666621147,Sandy,Coastal,593.7622441619405,0,42.02353811684252,3.1648936433233987,4.910329674327474,1460.3836306896671,10.65088968810969,0.26332007549298536,Low,0
705.3322416952857,293.30636593941017,9.200736525173282,12.006424243902115,Rocky,Plains,1140.7183555039294,1,60.384723228520805,0.5965896192238009,7.535824872018415,1733.170713172275,3.1054154920195787,0.33548806325896785,Low,0
486.11297692328526,484.5510511956852,1.63885447094235,2.414236053208999,Clayey,Plains,1638.870292522212,2,64.18706792247029,1.607244951129854,13.52612272650132,658.0880323621501,2.1657281944138114,0.3449175789294155,Low,0
840.2524671270592,147.0265050089357,1.3943834949499436,11.671559897130274,Rocky,Plains,749.6876036653371,0,65.05174931023772,1.6128637864708202,12.109406698533668,1559.2476751946697,1.3975438040619141,0.43961927046444876,Medium,0
534.8264468447317,397.12488632271356,8.247862950434262,7.2262273867739975,Loamy,Plateau,1696.549558656903,0,55.15677477920175,4.511697902852058,5.650743286223614,1344.0978345893059,12.345477048444607,0.4355367383551787,Medium,0
185.88558612662735,447.9383712366812,6.377953951177202,8.466968591980136,Sandy,Plains,1190.4369186220908,2,89.1355469526192,0.1,0.0,1144.6953154740104,7.602081899439861,0.6136687720120728,Medium,1
563.0012431656799,204.56148339105158,2.8942590455274773,12.02775636282813,Rocky,Plains,412.4386944019108,0,81.35303669780875,0.8381299069148492,4.375580687392783,1068.1936439568267,0.48010918443010636,0.48393687488420956,Medium,0
507.1737577324167,246.698365736772,0.5604278090430113,8.68228380401672,Sandy,Hilly,974.9118432338611,1,62.057588780148656,4.710698452804523,8.768031203261371,1336.4664885443917,7.49989598372016,0.5141253474807131,Medium,0
643.4629131124118,155.64289031514755,0.9686504471880183,8.201104868387683,Rocky,Hilly,1202.3909974441513,2,42.206420841297,0.5945266392870031,9.158203608932281,878.6221037197097,0.21386025513490986,0.3445709386302348,Low,0
550.9772026904938,255.5846630703634,4.271106416597605,7.726873557406956,Sandy,Hilly,150.0,2,45.996555615075025,0.3238433788907309,17.165178036292687,2713.090658729965,1.20261805312993,0.5919067495564319,Medium,1
429.2316024024339,275.6092030788483,1.944800267291369,5.549565595016869,Sandy,Plateau,1125.5579052696837,2,54.77240174386429,1.888369849740901,15.15322528934243,535.7780871573858,5.39067108463427,0.5208861908030823,Medium,0
266.3552645565951,359.15799976988444,7.243113346959741,6.914532626468821,Rocky,Semi-Arid,1310.4524129380893,1,56.84784219321999,0.803232667098134,11.971200433506256,50.0,3.736247854119947,0.33169734480580704,Low,0
418.6465114070962,410.8220165224536,11.979331459149703,4.853461701631755,Rocky,Semi-Arid,1039.6038434459,2,48.08656400178826,1.3855303609792253,4.752709836816877,1345.7810773500578,11.0136505460642,0.6232929664953232,Medium,1
322.421931868605,190.22847224540234,6.552109399309715,6.866299301723554,Clayey,Plateau,878.3975762615019,3,51.47519857811738,3.7727125718819305,9.408748665692023,1244.5905317605157,5.6172829858566145,0.3768572814164226,Medium,0
362.9214825292916,43.92099229288067,1.8963384878927152,0.5,Sandy,Plateau,839.4756959495076,2,34.133780800911836,1.6179289757894402,10.56593157069626,1466.8786729928008,20.110084145732017,0.5870972015851743,Medium,1
538.2867606630914,277.4506264868509,6.217648525196255,8.287118702702646,Clayey,Plateau,819.0371853078623,4,32.06440225743273,1.5959738881109815,14.589136324376277,50.0,11.593729092763247,0.5775946029133282,Medium,1
700.4856756527109,315.22450359623684,1.7320133543704952,6.634788238649124,Clayey,Plains,488.40706868151176,0,58.165103503106025,0.7171630081684813,3.0546139045085807,283.2716292439204,2.495050232711202,0.645913711648539,Medium,1
509.20072947344715,309.930122522205,0.7313671896576109,5.991388789999707,Rocky,Semi-Arid,659.3666588332615,2,77.10868350065121,3.4636519490041238,12.4556663074524,977.3920993755379,10.780063315608333,0.22689554736543838,Low,0
270.6175406947224,240.79921029891472,0.13585395864770863,7.659274251820429,Loamy,Hilly,754.1920840217441,0,39.38688655232359,2.9619940186941225,10.978218786411686,1639.2832046394085,12.238339197008688,0.47472952190413575,Medium,0
516.6904002330211,294.97025195967217,1.949196309479654,2.699308231103678,Clayey,Semi-Arid,939.7230211790098,1,55.43951581393236,0.5868069932134772,5.455779404986157,291.72007902622795,20.98459606728277,0.4610685094113608,Medium,0
629.4947229968477,461.8533770022697,9.355308022535462,12.787809989863847,Rocky,Plateau,705.1148348200268,2,57.778109811599485,0.8484720804330566,14.518598268504418,1424.2977576681756,0.07585504896682324,0.7185553694188441,High,1
358.53256435209266,325.8081002755011,1.0924171871039712,6.691697615537201,Laterite,Plains,595.8047651257245,1,62.47300831673053,3.4191004709223827,0.0,1077.1158346175048,12.464388424641417,0.08511179244490452,Low,0
429.89742499906237,235.19578899962988,0.9252733204684632,6.562466701083431,Loamy,Plateau,1165.919800694046,3,51.87549609427565,0.9740005238715653,18.864819633391235,1279.4182143844791,0.43474881221952044,0.3971706858350602,Medium,0
452.2032292093796,219.9762619484805,14.002407378282914,4.1038113696012335,Laterite,Coastal,1029.7148901817495,1,44.79791185893899,1.1369071675728954,14.582087777993602,1186.8170030864567,4.5061309233042826,0.6818635826368423,High,1
332.265253037664,259.61771707867234,0.10128810520594629,7.0718391473477835,Loamy,Hilly,711.2696621236516,1,65.7493270783614,0.9970513323662618,7.02959373013141,1191.068835801345,3.213410708165415,0.12341208355357682,Low,0
547.2420650765789,476.4087954196768,6.163047171781148,11.160879670819842,Rocky,Coastal,1077.1974650206555,0,34.55060074682517,0.38785727664205694,5.885073800766101,1188.8264933768278,15.145500008008451,0.575418344546184,Medium,1
431.85777770883277,258.00391485685634,1.5507166149037366,10.107748628296102,Rocky,Hilly,741.3947372099227,2,62.581472670020204,0.9171244585672489,7.827960565370432,1752.1763981236177,3.1166945967410835,0.13031216148530778,Low,0
512.9298665860541,277.62467865751506,0.15283480222106158,9.563313253421668,Clayey,Plains,922.072760320842,0,48.352968938408324,3.573291025740814,4.240619491247916,1217.3771644907895,5.438676209794695,0.32623012006227825,Low,0
316.876173329685,222.12237148764365,9.994523520761968,8.639196855001815,Laterite,Semi-Arid,1241.2654191530034,3,60.92616530185281,1.4860016981789117,6.868632037604385,1708.7478281644067,7.063569915684359,0.6120288516699663,Medium,1
384.3812549514884,411.8780028930357,0.6016283243593843,5.924372417312171,Clayey,Coastal,688.6906173918078,0,71.92611755372121,1.3483593611968936,12.104907937109829,979.8278182792428,0.11527891678020466,0.3426586639057304,Low,0
558.3572036741657,515.180470569361,3.2098779905366066,2.649510498889894,Loamy,Hilly,489.65593725818997,1,49.763917771757036,0.37404170453913227,4.458872090866815,1758.9382552226416,5.3632323184715665,0.4195776285265227,Medium,0
394.07502718623493,334.0735659317666,1.2811197313035856,6.396883684400095,Rocky,Semi-Arid,849.2028959425304,1,53.5818740778648,0.43008176203340864,12.701168457399785,1081.9593727051843,4.378765355552364,0.42012708763192863,Medium,0
709.0445776850108,289.9327484542511,0.2696599060074428,6.292385606398969,Rocky,Semi-Arid,422.7872443350883,1,52.95287228841255,0.1,6.764956308089966,1087.8303802413996,5.408540396775593,0.47864483163941995,Medium,0
390.0545721578096,284.4139399809082,0.20484681471045885,10.146383319013722,Laterite,Hilly,802.8930217271586,3,85.341690849267,0.1,13.466096742932898,311.8113102976431,0.4725975134989854,0.323784339531374,Low,0
483.70270886278286,20.0,0.49118748053966044,7.928171327379461,Loamy,Hilly,801.7768822402901,1,56.46426743830441,1.472807759345143,14.81406706565134,748.6233403418375,0.34296836320785173,0.5142490900216007,Medium,0
589.8886247809635,369.4181037141781,0.2961667264658972,11.836934583710644,Laterite,Plains,150.0,3,55.91371697816148,1.1579314888038454,3.0042525049502506,849.2845146933428,1.1727642210479687,0.05298769844380135,Low,0
237.24514006004526,296.09996991950123,5.717778180416639,10.592465620114524,Loamy,Hilly,1085.7223073105783,1,56.96213760069271,0.7086300066793624,0.0,295.4763514860124,12.218323378094368,0.6723925139825447,High,1
185.87867820288363,331.40104607928697,2.658753620142291,5.6305131714877135,Rocky,Hilly,836.0585816615378,1,74.2347055175096,10.141637186716363,8.827284531053818,768.4907778339684,2.6447297589641177,0.4262256389685182,Medium,0
221.1515528144858,194.6245367099554,1.6796281178483217,1.6146124101403947,Clayey,Plains,1313.6637584701775,0,50.34442697700256,1.1164813312014916,9.282436865058006,1543.4736470438124,3.415312276285358,0.373693292801731,Medium,0
639.3876155140773,233.865174522749,2.1676755937400563,11.156725701824444,Laterite,Hilly,975.4361929279289,4,67.5199724201615,3.421377986600945,1.884122677050322,1598.2716323680556,2.9674137037250765,0.4637709515513402,Medium,0
367.221278116133,230.67700761961925,10.577301920000382,11.078155669692233,Clayey,Plains,1157.4629996104418,1,48.89197984665007,0.5201090324811302,16.339545569179624,357.3939117318249,7.518350804291366,0.5833447297833435,Medium,1
833.7298928502378,402.59475808876465,9.665336677280884,2.901365227293322,Sandy,Coastal,1316.5135636224652,0,48.05945005160321,0.6242385128931485,6.1893801468935274,2031.2553112372368,1.802379775614018,0.5433724911191278,Medium,0
365.3628602013917,234.5488196076288,5.030570138668472,11.527720059482501,Rocky,Plains,853.8990210302388,2,62.44986286213529,1.848519296600406,11.198003808011944,1619.5251943219268,0.42506762952001254,0.5583707435181541,Medium,1
477.68269547955555,529.9192386531757,8.640260089162497,8.146351511777553,Clayey,Plateau,899.7118838976344,0,72.57073281313761,0.1,4.3359646557189215,2240.14782157608,2.850578429362196,0.3038494708427737,Low,0
681.3164928851813,331.7034902818045,1.540580032940916,7.482056494376959,Sandy,Plains,349.25987181341884,1,53.400056188442235,0.1,0.5350272779175187,1753.2526576611076,7.80809247220296,0.3176385859307934,Low,0
750.9139332238684,126.9180808005122,1.919306556135838,11.844349762741981,Loamy,Coastal,1333.8382108319845,1,53.315536321116085,0.3374934898421531,13.838498200286217,2145.9791188746703,14.788367949382707,0.5212515704771794,Medium,0
759.2255364954597,264.57444480976517,3.804690178024567,11.034055519691844,Sandy,Plains,849.0059100974559,0,65.6227813489455,0.555435585566571,3.370250821486147,1409.3571952565521,0.31295083704044896,0.4063490996241979,Medium,0
631.2549345889713,201.79898534123012,3.908687236323282,8.95399285598561,Rocky,Semi-Arid,547.9943073782065,4,57.87220297505746,1.6510065478534124,11.928714295551012,811.7974657157791,9.980074706268361,0.6281906118316875,Medium,1
603.6093788717194,20.0,2.628802965000169,8.419651197435948,Loamy,Plains,1158.9028702705996,3,66.16001218849544,2.5500051093731773,3.862320699120528,1330.653224725422,0.4108304684616141,0.6464349222452349,Medium,1
538.8790423801775,471.93651281365476,2.0476905573233943,8.849182871591077,Rocky,Coastal,150.0,1,38.495621991744265,0.8223382114550994,6.9002742802542345,80.96331388470003,2.4087842994216424,0.4564273195332918,Medium,0
566.7541614249957,364.3771050664005,17.12664403423708,5.799827698352422,Loamy,Plains,749.7540219943877,1,45.52791411708897,0.6010733072563779,7.204629130743498,1119.5557898408715,0.1353238045872066,0.3632545348508226,Medium,0
367.32214255072,343.9848781479175,6.884241441805748,6.834695650803037,Rocky,Plateau,1217.9088644241442,2,57.2604799376147,3.8071865190680776,7.869385756905225,1177.3904327919327,14.551344076005797,0.34905195157783653,Low,0
327.2701674866539,299.8484392359645,2.283578001856407,4.2930485362163715,Laterite,Plains,746.7973518119331,0,63.42186589039353,0.39086255551728155,4.787500976457835,1682.7264062174986,7.361176657500914,0.18408149414431296,Low,0
449.4938313883572,114.15789175690747,5.197421613190199,6.000880672783244,Sandy,Plains,648.7273171679965,0,56.441661501510865,2.495280467183587,11.59879081318181,1303.5340545931276,2.763982519777076,0.5572925238538479,Medium,1
424.4723066212607,221.96594325334758,1.2564420192707224,5.900098363993201,Sandy,Semi-Arid,754.3458210104674,3,58.958130562681454,5.892590828590943,12.713464168233797,979.3533702395514,2.8436514406169047,0.37787578457186216,Medium,0
382.01579260090875,381.01369297408155,0.422194694488503,5.094083891135006,Loamy,Coastal,196.52475743599916,3,65.27865679633872,0.5813284537765954,14.106959968641071,501.15843571853316,6.127289114954615,0.42738670036376586,Medium,0
554.4581171185073,153.85359642609967,1.7381198673555076,7.4102395079453895,Loamy,Hilly,1150.4174511240617,2,43.039772688192755,0.20015922144709464,5.767240231490918,823.747881293905,0.563545655806984,0.337176883457129,Low,0
593.2957812855766,20.0,2.0631704227802588,6.028057447898268,Sandy,Semi-Arid,856.9898853080804,0,65.27646733882779,8.580087543671663,2.4056208256679152,1088.0090202460442,0.9402641426588131,0.6573002334711003,High,1
463.2610329437771,252.74727906628888,0.06670155703249427,8.506704161055922,Laterite,Semi-Arid,804.6863865018333,1,70.60739306810667,0.6946968637796648,9.069050738175768,848.2070663738039,11.27270320566854,0.5177377907558757,Medium,0
671.6295121582893,262.9890935166954,6.7451030799659035,2.133038160118704,Clayey,Plateau,805.9659842568356,2,53.88590125468566,0.7094973905869214,9.8526991925949,50.0,1.356234582132707,0.42316240180189724,Medium,0
278.74663287997424,296.2676099697651,1.7801103495358295,6.659935617678101,Laterite,Plains,904.9279294626045,2,47.66638908224786,1.4546560929699903,9.881561534749816,1194.1632246669922,7.782373460326196,0.3122403421027669,Low,0
420.9510811080423,367.42223722174435,3.4739867859446965,7.394654920532487,Clayey,Coastal,1128.7030797352234,2,68.66534269940632,0.5780264413909568,15.667764059483288,966.9459787858411,1.5355727417575036,0.543583439203215,Medium,0
342.47665190957923,356.51269746774506,0.30736516223658933,6.068112280489358,Rocky,Plains,881.7777605802629,6,78.63428936956676,10.876303799844042,8.55387859554341,957.5834064919285,0.5536544237975161,0.25108192165707244,Low,0
170.01950743904098,311.0523766292706,0.7694721948646316,6.482821900572306,Rocky,Coastal,423.4272081370657,0,59.77341452094226,0.1,18.49255595766688,1282.0625336312798,13.817452668741513,0.3089790837299132,Low,0
437.5978971235951,423.46376657040514,8.81797786804495,2.244261967810428,Rocky,Semi-Arid,1101.4306425404234,0,47.40511135429239,1.3211416222785648,12.397804565236243,972.0363940624,13.916726490042569,0.4796579592966894,Medium,0
431.7378737425075,97.72362630240224,3.7529955069246896,8.069431314008476,Clayey,Coastal,1074.4993918514792,0,57.929852795113895,1.7486491143062914,12.552118705663869,1738.6821466578265,5.577956641397924,0.7409334761525996,High,1
677.0174614863197,340.54981773728684,12.005717900964067,8.942817947701212,Rocky,Plains,971.9344493757611,2,47.99502919320651,1.3841116522047987,8.437726914856388,831.2761533218621,3.719757771696808,0.4892468563599771,Medium,0
544.6217526832166,355.1846036004331,25.0,8.480611882611301,Sandy,Plains,1276.3344574364617,1,66.59319983336246,1.6171304508559967,6.4423566254681095,788.8653938388103,4.82795845336934,0.7930484109483068,High,1
296.37197635061926,131.25252567037126,1.859969564133309,10.11618117832655,Sandy,Semi-Arid,910.6325367445356,3,57.39265366155078,9.6544322627116,4.948254244050789,820.9581659336857,3.1467834906748595,0.5565904248858734,Medium,1
728.1138849501283,99.65552695811328,1.4198659828615614,7.604588817347506,Sandy,Hilly,1288.9816311462396,2,46.864448243186594,4.608496447294934,8.915591813436698,1288.5164113801764,8.492476070065251,0.48922890327898444,Medium,0
633.155054328803,190.48694482292785,7.817755203791634,8.436043541952811,Loamy,Plateau,1392.5238575174387,3,60.39311732465595,0.81138350489779,12.380093089576114,1280.8835373120362,8.428233846011995,0.412861058237756,Medium,0
537.3146555202924,200.61502689816496,25.0,7.468272215370558,Clayey,Plateau,1103.809509933569,1,50.135494849559535,1.7639499381233112,7.015674255220976,920.1050779185202,10.254873604119494,0.6491157137257378,Medium,1
416.0273851725252,370.4103356202917,3.9731324237151555,9.062652158777482,Loamy,Coastal,638.223232342722,1,42.21928595881524,0.1,6.146849736894785,1193.4557263559384,4.440502981347985,0.38793715910617815,Medium,0
306.08411449147803,206.2553459570686,6.341727947340009,2.2683110916036338,Laterite,Hilly,854.2249985241458,2,67.11132828397733,1.1591855057769276,2.844539949864627,1390.310540858453,9.697018974349394,0.4610876775402085,Medium,0
394.168983589342,177.23817780625552,6.0883804397679135,4.319257096065967,Clayey,Hilly,1333.5996119204308,2,61.58357419419162,0.3937476974024508,10.560179678465511,1499.6258810326153,1.015616540528301,0.26311426305296165,Low,0
613.3122929556279,206.6039515966529,1.7561271213633338,11.760698971099274,Laterite,Plains,375.83024687567263,0,52.37019787433817,2.7336695955052006,2.657939363772657,1141.8991658919458,0.18358868356405,0.40346617674551544,Medium,0
732.6879458901914,414.2358800985054,3.4158033186254233,0.5,Rocky,Coastal,762.8162161374869,3,73.26487771413994,0.5496903065876135,9.989846235226246,805.7663344554077,6.265648925924868,0.46081907291097235,Medium,0
681.4865292408283,281.56520492523424,7.160409961445443,6.579466210523968,Sandy,Hilly,779.9623072436395,1,49.039153885397454,3.0401506769010465,9.416268915486768,806.4493979091133,0.6687813945344012,0.4468385545759264,Medium,0
376.6725867320589,258.48987695717057,4.660468583252784,10.516824878824204,Rocky,Plains,597.1762898761932,0,52.78381377536584,0.8264380714061715,7.305448822218907,1331.4532305036012,4.799984980297986,0.5665741621229157,Medium,1
282.05738500664836,266.79934015587384,0.08556391327898646,6.720218003374706,Rocky,Semi-Arid,1205.5076324715753,1,62.50058201896632,5.723029257399861,14.026371125651977,1562.440578890327,7.661948789223797,0.4845586695743587,Medium,0
471.1329370366806,435.04724011918273,1.6421457959732189,5.7849667856479075,Loamy,Plains,1031.8852748642719,2,68.51518064971873,1.296983777756383,15.950303844248797,1275.368308228517,3.1362296884834273,0.29986901771996133,Low,0
184.73409516557223,190.09939280761097,0.6241631105238549,7.388265030445901,Clayey,Plateau,651.1295751898278,1,62.6916381127821,4.025057840010355,0.0,1006.6958154202473,0.2691853714688105,0.34007191553145266,Low,0
498.47515712771724,437.86099491281243,1.0609289956297778,5.94063945999266,Rocky,Plains,1111.9295220825438,1,51.23251615561341,2.1764770918755265,0.5647684010251375,915.122866768382,13.089185828338353,0.5547432161575921,Medium,1
427.8596120551997,305.2595558705804,9.436176405532688,7.0925484782708175,Loamy,Plateau,844.5543178661237,0,55.15178279203026,8.337398056352328,10.923345551283916,1603.322300978423,0.2652478339432685,0.41610436558557334,Medium,0
380.0945247197637,260.7496741629583,0.15036424889271474,4.949856890439611,Clayey,Hilly,588.43189937218,3,50.256347181205975,2.986722166032469,16.46598394804529,586.2496576106506,14.107659692803178,0.37289714134782975,Medium,0
210.79453990998067,580.1080597521138,0.9928235777908414,10.326023259867172,Sandy,Hilly,650.4785564149965,0,54.012075140075616,2.861898776660108,1.191574031678953,962.2594124054675,0.32439705115357675,0.35729803023980594,Medium,0
527.0400159854574,153.32326122416845,1.481758995544946,11.269794763196984,Clayey,Plateau,1052.617876171579,2,54.92059197924627,0.6769454110913709,10.107478751602128,1919.990206871626,7.971765091273314,0.41129180013433464,Medium,0
370.0948740507133,237.55770885195926,3.837670605761004,6.599829033665133,Laterite,Plateau,1228.6534574826435,1,62.99542388527432,1.5464112953863058,0.0,1784.7199039835828,15.52935647716767,0.48996452569076826,Medium,0
274.5124746434568,132.10825130031998,3.0551515509524694,2.84053173792627,Loamy,Coastal,729.6311184658248,0,49.71982921097633,0.7538309826904734,0.0,1300.0926996165017,14.24966476557923,0.5422950114108362,Medium,0
80.0,394.29543646434036,0.9849808202277438,5.428470489059814,Clayey,Semi-Arid,1090.554466784154,1,69.45778501713357,0.1,18.342819421412763,956.9764595478972,13.431181200307673,0.42415287037464083,Medium,0
445.87276424240457,482.7026720382015,0.7176602616120351,6.448034019691107,Rocky,Plateau,1453.6139551521187,0,57.700281729699576,2.727768525119383,9.944054585292433,1073.3601686255486,12.877521379903666,0.5939507233271383,Medium,1
715.8377395004616,480.39073376855663,1.0809303345465884,8.516616630709624,Sandy,Plateau,459.3953052704115,0,47.753109510025766,0.5917417155955105,0.31170608833724067,1243.166593396846,4.28511853926125,0.4872895892406501,Medium,0
699.1888821821805,426.87385037752057,2.7928771012633478,3.975960330487966,Rocky,Plateau,1024.4844554935182,1,62.66325255704365,1.1140262989661223,6.920522755148772,2253.874204358257,4.894477055650474,0.3191155323140626,Low,0
381.4355615120592,256.2855438644841,1.2653018114526309,4.692513044073548,Loamy,Plains,1190.7294919533929,2,56.558411113133594,0.7369288764006581,4.095556232078553,1712.1458413593245,5.80104486656318,0.4606128658263435,Medium,0
359.66819094573293,236.1710827012184,11.795585717600579,8.532028413576421,Rocky,Hilly,866.6975641904093,2,52.47903148351169,0.48991464600430007,5.864729942718532,1645.9948698632895,13.577210023235681,0.7652592783861282,High,1
520.3161384112535,79.45962730071219,2.4934787878484426,9.816726496118672,Sandy,Semi-Arid,1333.3991237994765,0,74.99818068408914,0.15285155499681088,6.433312373348656,1122.3800512907183,10.926898071508834,0.5901681044781059,Medium,1
300.2421841217563,524.3048242218151,0.2423815592894825,5.135217864487947,Laterite,Plateau,1669.5929633914493,0,54.248190585278415,0.9071115590281369,9.055742102915227,951.8484945451289,9.166554961591888,0.6421023798381552,Medium,1
495.2687849729199,336.2773693778161,5.226479955912202,3.000348838147012,Loamy,Hilly,1020.1743719352061,2,52.55104571968033,0.18761614491372416,10.246642469579138,1101.5982358117508,6.7569654666161,0.29817417317924333,Low,0
564.9120417577035,220.96517141566204,1.5950223983972251,16.852354603863652,Clayey,Plains,818.2435937027003,2,69.52840934441281,1.7098901902794756,4.56906262957722,1697.7854130559772,5.780038098308718,0.1928055669164366,Low,0
634.0399835826461,439.3668266784361,4.239362075001911,9.34991271126614,Sandy,Semi-Arid,1241.9439826816847,1,64.04642574739322,0.1,4.314439583294526,2013.017572009327,15.342298679941116,0.6186682629561482,Medium,1
434.97688852800707,163.26825798879992,1.31176340533782,6.198988714698905,Sandy,Plateau,1194.7241011322653,1,67.05309337883503,6.190232617892566,10.02176456082594,773.4185633737131,1.2839447995974846,0.5889462772977014,Medium,1
419.4489374734551,328.7946441067209,3.3828047990913896,9.60709382659252,Sandy,Coastal,150.0,1,51.243032256581174,7.470021746128607,4.745969912926841,51.624894029550205,1.2845454340062412,0.3872248414890046,Medium,0
318.30261198651584,259.28450388509987,5.916315018250847,6.626630110856734,Clayey,Plains,899.0425553681102,1,60.63902326153084,0.7993600942862408,4.708057500806392,1074.6305578246356,24.262888302386877,0.6921282599331661,High,1
325.967946894021,356.64125678563613,10.524842323491093,9.601470667300559,Sandy,Plateau,761.8901866413102,1,41.3633900555155,0.663009942097217,8.528168527324148,1730.504234605545,4.833315157030206,0.47721776325127874,Medium,0
416.028166214771,272.37117529766545,1.210517688546497,7.478179593328667,Loamy,Coastal,1038.8469920298708,0,34.95463608497792,0.24258784023077384,8.152808321701961,914.6942354047987,3.962617975073633,0.4967098891692723,Medium,0
505.1048260224267,105.88865306665309,1.6310126007186772,7.27381569450272,Laterite,Hilly,832.2196018971733,0,50.90900281551659,5.176655763202187,5.778957265348212,1426.3338859559556,11.406582290622225,0.5144171975452977,Medium,0
587.0376939349874,289.06916472040456,2.496473177021157,6.659254395307634,Rocky,Hilly,870.1883677051494,0,58.56603640452208,1.9447521755080404,13.261537051033212,637.5898934503196,11.373443994579958,0.5106560086567364,Medium,0
329.52315739794824,405.86369702504345,10.478774992012102,2.6578559996107307,Rocky,Plains,597.8755341886215,4,86.80242741255321,2.072243594410295,10.46934695157807,1052.9424570117349,1.1658645634582077,0.5520586498507479,Medium,1
673.9032853439282,276.49403129752176,9.266202912762349,12.814284698179419,Loamy,Hilly,1157.0852264485707,0,72.99726794022007,4.976367361036983,18.09045904151587,805.6734152516384,1.1438571075041977,0.5333250366584658,Medium,0
409.33145984361465,373.01381459069034,0.3767077211395821,4.17539823919677,Laterite,Plains,1479.2647775140563,3,44.87800187291324,5.316797638723203,6.758083190837147,1123.6083979983998,9.51622602900462,0.3697374254637828,Medium,0
446.7949058477346,154.53646171911362,0.5659308867355725,2.9199292710682165,Loamy,Plains,603.3148177747378,0,68.50717892443654,3.8769483050894347,11.526499516960078,1301.5135162335987,9.240378783490968,0.46728286716873274,Medium,0
337.9182481278265,276.84870480761776,2.736822521186888,6.361420351730898,Sandy,Plains,411.0307418985593,0,41.85347353159996,3.266455189684438,15.28851789191556,1545.4736619236853,1.530798995923201,0.42868152370996637,Medium,0
86.36396095905877,205.0587453893707,0.4509697708913846,4.11558455946848,Sandy,Hilly,907.0011269396124,2,76.3964327695375,4.614574813434006,3.534735894881589,990.2889650126876,11.052387832624671,0.3964995654737245,Medium,0
582.6068094541574,369.6377008125652,1.6960290654113592,6.844861628319187,Loamy,Plateau,889.9705186376576,4,51.936172518881364,4.591920736921252,6.207320385386185,631.7638471164744,3.9241487984857697,0.4177583783395586,Medium,0
560.526584563865,283.7789874714395,0.6424847053308307,9.063291545685306,Loamy,Plateau,1309.8264751421261,3,51.10520858552196,1.0117508454704651,14.131278688397373,439.6933994508755,3.809146405769164,0.2971270994551322,Low,0
407.800866432268,362.8088411603935,4.042849132953587,9.985908701587668,Sandy,Plains,469.78176666751375,1,70.24255592972037,7.978330891694978,11.366625542258912,1741.2334280499267,25.482286787260445,0.5899651070724702,Medium,1
460.0486075837308,410.52525113894393,11.942765944725913,9.444192164865045,Clayey,Plains,711.7156887415659,0,51.290590193350475,2.7167502027864683,7.885673668803831,792.5133738795084,4.394005531017646,0.5050134935124744,Medium,0
527.3908826556149,362.9942290145666,22.89647581802814,6.083103835642959,Loamy,Hilly,150.0,3,78.97921182950992,1.0172094895732797,1.0919565627298642,1457.8185950141615,0.8843590297626369,0.890230610223923,High,1
215.6181214670186,312.77421211523733,1.8815580627415815,7.148775482984758,Sandy,Plains,1381.2442726741378,2,51.15847466299279,1.2836671345863688,1.5103093212358996,404.13379891769625,1.9723230455493503,0.4371136169317842,Medium,0
370.6420983980558,160.21452897863136,3.655301464694685,8.223637152692472,Loamy,Plateau,987.6906199131772,3,68.64976062315671,2.556335963901411,5.734105887316338,1984.9675114235988,2.4359305057815654,0.18482442494820958,Low,0
569.1397019432741,279.66566671997185,7.759209655880533,1.7266377281737828,Sandy,Plateau,737.7984801067212,4,59.39159191704322,0.9856123744416692,3.9859462261330254,2591.861954052396,19.087592951770638,0.6686199803327948,High,1
261.85658652461257,216.02915175810003,0.4998140563876219,8.71175410035958,Loamy,Plateau,437.20498249308827,1,66.14557783350976,3.854202811912981,4.102836584979838,1364.7249817575876,1.839455731447035,0.15371521878503167,Low,0
494.0336898249944,238.7123251954928,4.679115368517507,2.628102137248505,Clayey,Hilly,469.3333796379622,0,45.907413292112395,0.35253554094202266,0.0,1055.301847240163,3.376956475679516,0.7016129156551665,High,1
246.51272930648923,235.0559019099699,2.1026990591612953,13.121039796719469,Rocky,Plains,1044.993414926987,1,35.99863190638804,5.239446519946534,1.2173265207414516,1919.393995667409,8.30902572356487,0.4098274036680084,Medium,0
519.9644973650289,162.40893102613066,0.9234236625494632,5.786454746074914,Loamy,Hilly,512.4012340397514,3,46.735151161923234,0.7884517082321426,3.594565873238574,951.9656312711411,1.9220275771501973,0.28862101690939546,Low,0
444.65377765537744,45.11936930392122,2.061702207243207,6.445374468416226,Loamy,Plains,936.4018981019992,2,53.15333468526061,0.3645741998868423,8.58674313692239,1225.187088369872,7.256768097534106,0.3359880946461356,Low,0
207.73022761417357,199.82283420066798,0.3160009151553835,4.690878702286434,Laterite,Semi-Arid,1615.0307013972606,3,55.600886668753695,4.294618310622489,6.279874399947904,50.0,1.3955098624908007,0.26833504887779625,Low,0
624.7109031685757,303.2055342308991,4.755117230291675,5.110089904432931,Rocky,Semi-Arid,778.3443319693127,2,52.19129130513027,0.6022078269482685,8.292292459350334,1161.4702162233118,1.666528873758184,0.41472919114515444,Medium,0
339.8112634802926,118.21875454870118,1.165382667562309,13.82228070742972,Loamy,Hilly,563.4944446089673,2,32.36111610241465,4.07887321660716,8.074927864537102,1778.2863092591294,25.756160179620565,0.453669087223065,Medium,0
328.46213444784286,281.8818683765949,1.4924117038764473,9.821109065869893,Clayey,Semi-Arid,1033.7025219084671,3,50.33530520503737,0.7729756461896342,0.0,969.8336430650886,2.7621679255013825,0.42042573523037274,Medium,0
480.08537958464143,508.03221091731575,0.5162515001653605,2.3523926645564845,Clayey,Plains,470.9728907263954,1,58.47464481819564,5.975302081045146,13.318632261840126,977.9456931904575,7.8490287627343145,0.5703776973682817,Medium,1
622.2956024143073,402.7667866302687,7.999834403641519,11.512638702055689,Loamy,Semi-Arid,1501.9945856152913,1,55.079780389147324,0.5440149986505268,11.66520991802247,981.7970373587082,10.997855384428451,0.5763485226280683,Medium,1
297.6267271532405,477.2249810944635,2.720483800225661,10.579726825424295,Sandy,Semi-Arid,1391.2668839849173,3,53.50778675319624,0.15882770189461928,8.213664873002172,2181.3985568658622,2.5557120769919357,0.32722074445649296,Low,0
459.25197747719574,326.93534523192716,3.3959012587823767,6.156362613135134,Rocky,Semi-Arid,842.5399333662245,0,52.478929905228426,6.065853760656128,5.352828208502872,1313.6804102977926,2.6512451987925667,0.3323409800512663,Low,0
514.3224750495859,420.1011787583735,3.3706063928843384,7.920090826089513,Clayey,Plains,585.947386501523,3,58.677041432150936,0.398361099343518,14.80070546338557,1219.425915846262,8.899170185149059,0.4753552277700441,Medium,0
553.9658410894716,193.12423234386551,2.1138755156222593,6.955167761736777,Sandy,Hilly,750.9805445286238,1,45.43344843605138,6.346501062118011,2.9210438442922886,997.6236720904574,5.603694525747835,0.5363739405475697,Medium,0
476.46623329158376,202.6791679573619,0.8553970862151916,12.917739713340797,Laterite,Plains,796.5170357701002,2,55.05664504988697,3.8217137193723496,12.89556699778119,1714.106405416691,2.694169354795939,0.42027022012047355,Medium,0
394.94582413750163,20.0,5.46804980688165,4.611129433023729,Clayey,Plateau,1034.2484960974728,2,53.10927414548884,0.18804855706072765,3.6568812696712714,797.1291818352622,8.307360719011347,0.5013834261724096,Medium,0
325.86146690269203,422.3374568850759,0.5435367032043651,7.438031829327181,Rocky,Plains,1263.8713152553905,1,43.01370663294166,1.2958677525428774,14.581769512019523,1828.8767554130097,11.957602038607355,0.41842254656675293,Medium,0
462.92158245695623,464.83887757838636,0.43869606745234174,5.715564007021586,Loamy,Semi-Arid,537.2205792344935,0,55.82206838364437,0.16771246151918345,10.322968293927799,1141.4032219974076,1.6075769526245653,0.45207603956923575,Medium,0
289.17914820215896,213.6187305583276,4.953498443005109,2.700878786146437,Rocky,Coastal,1253.8183478699607,0,34.166376946923776,0.8803499255007593,12.475612782582328,1785.7019072637413,0.1479459026790606,0.5262394662029124,Medium,0
80.0,249.5257952323318,0.9370051601045948,13.574914765164962,Clayey,Plains,1116.1899644839543,1,49.8528334639894,0.9528156482782759,9.060362859865856,1015.5203434109534,1.9224471336016782,0.6422121511754264,Medium,1
515.4839706236502,189.53654635708463,1.4655896536820165,3.455300262692763,Sandy,Plains,722.2736782176878,0,62.04236862640154,2.0138238506810264,10.234814174403985,1609.141405381097,6.734165924546616,0.48962086325547793,Medium,0
585.5902261629293,325.918426177299,2.5791615230351725,7.6603875624633275,Rocky,Plains,519.6508365130464,3,62.94286482529833,8.195791006632989,8.156094802521718,1469.8553521565689,14.808456605661764,0.8346053576817046,High,1
95.56013466872423,414.9919054363889,2.386633086407068,1.777898180858994,Sandy,Semi-Arid,940.6814510523988,2,58.15824009432311,0.4092981351383564,2.9173613035140082,1170.1290320066867,11.929466045508885,0.5136668968034327,Medium,0
298.5403942935094,70.86736313427508,4.9319470043387525,5.8027883822707205,Loamy,Semi-Arid,529.1440307042706,2,60.69749848161543,0.8782645345008403,13.470736596554822,1884.4080427216822,1.5074883460550141,0.4748355396300736,Medium,0
542.8731391507797,329.1326236770703,3.9066243545464254,8.265906464300372,Rocky,Plains,1258.2882972069121,3,65.43830302233172,1.9460229510289635,6.670314352698156,1847.9558888757424,12.77179911447357,0.658337207803907,High,1
758.6243204567547,246.79938739370255,4.135751932669598,4.525798061492912,Rocky,Plateau,506.6410297537284,1,59.25564008095029,0.41369442180217225,8.487756156526046,877.6443070925695,9.987538801938927,0.39189400839645755,Medium,0
453.11905615131116,293.60732703600274,5.007813814140546,8.760405552206965,Rocky,Plains,1091.6971676071003,2,72.11840790822995,2.7287138258797734,0.06687835009610765,841.5256766935121,7.954604631149407,0.20579994647418504,Low,0
340.79955881562984,335.0792802009149,1.3847079768269772,6.192876724335752,Sandy,Plains,871.7842723147213,1,32.54149197862341,1.1372764223597684,7.1129089814439,1079.1046072943188,6.99287718815358,0.3037740176480503,Low,0
422.565533834274,257.41570734726145,1.5563988889875944,10.48024753719584,Laterite,Plains,703.7812904686796,0,67.89756178056503,6.571872043337574,9.985610087371306,1051.1098302216592,9.873266619326488,0.6110128695806519,Medium,1
656.2314628722277,267.5695775913063,2.304997687172763,11.08528274002067,Sandy,Coastal,864.0089727882482,1,31.904484181232693,2.186587782379102,16.629228063747426,1719.7229974000384,11.871260576082026,0.5867043039629258,Medium,1
353.1053731313197,254.33497989344335,1.4695696745366642,5.239765717809965,Loamy,Plains,1277.9941093719706,2,50.47997732662947,0.9924471405951008,7.675634158011308,1379.3035028765867,10.25924559161725,0.2678481701158589,Low,0
330.12119900246194,396.43794421459376,16.782286256088916,7.230198578178871,Clayey,Plateau,482.70990685217356,1,66.76550770783388,2.7963886137956617,6.287418650865766,750.2673948084862,0.7796158167926479,0.38211501758260735,Medium,0
377.58847167269516,330.2511952152996,6.729151274216396,7.550362679416698,Clayey,Hilly,755.7452056828641,1,65.44140740691626,4.014620971558194,4.705095933812068,773.4798237246642,7.68414626564885,0.47258862612972957,Medium,0
307.00070876119315,306.4700245284833,0.7196403704780276,8.858047886304096,Rocky,Plateau,636.8897523594842,1,46.360805903675576,3.5460471515923544,4.828713977804975,1256.3754291891207,11.044597485875016,0.5368657060108772,Medium,0
468.4005473992193,127.48579346892606,0.022439447093638803,7.043145988732797,Laterite,Plains,886.4840032579499,1,57.42397110171704,0.6706650622282675,16.928544950338143,1633.1097356303972,1.232602842694422,0.39369752382476475,Medium,0
693.7017687704341,234.5704308144215,0.17490177283430272,7.570632878028526,Rocky,Coastal,660.361687620571,0,50.856682920475535,1.1869869826067818,2.6764034137835697,1982.4287957843844,1.4432456551462038,0.34464033559805574,Low,0
498.4618909674044,387.8402992407009,1.1191913451035154,6.269780575614641,Clayey,Semi-Arid,281.17156516468503,0,68.1688890019768,1.3239693358292304,5.928142707516766,1285.8593980692835,9.250030042335469,0.36195411357720525,Medium,0
412.14697468105686,284.52358877487075,0.48546858994007813,7.345719600916055,Laterite,Plains,530.7018585736732,1,57.071953179802904,1.0816292312638693,15.117397912172745,1137.8676955554736,2.5289194142303737,0.3808246098131153,Medium,0
406.2283096626684,359.1437763506966,3.0486011931910326,10.893820580605396,Loamy,Coastal,1473.2142564883393,0,50.22181439245137,0.8190952761510792,13.763359254045962,1088.0841949420908,3.0619645376048545,0.5085848228836508,Medium,0
215.52137869550145,491.98141603931606,7.807578316726805,8.938249723635563,Clayey,Plains,986.3548739501954,2,62.58113373847042,3.0741620970185464,19.580415233517748,835.6507683566546,2.8407867302634062,0.49188829517118454,Medium,0
582.4664665720738,404.632728305058,5.338607868579826,9.103766918330107,Laterite,Semi-Arid,974.326718832827,1,64.94902214683617,0.1,13.364383475957315,1161.0983164481793,1.4358853236451128,0.4930819507399396,Medium,0
438.3244204480797,291.1790005239691,0.9713909555421238,9.169210972406734,Loamy,Hilly,801.0856634969766,0,55.6578952208171,0.7644882994973174,9.224923263616933,956.5260962484645,16.761088982402626,0.5975734557611649,Medium,1
422.9280129614061,218.68129957651274,2.038633594458782,6.538573666356894,Sandy,Hilly,881.9311015617907,0,65.84014518943292,0.3359514213383476,11.098808841194547,995.6546029298385,9.835053428689243,0.39206937592801455,Medium,0
928.966135176729,20.0,2.8362462573027987,7.956481130738592,Rocky,Coastal,749.565827009017,2,76.73932936621563,0.3032666724628066,2.9417460236217527,1497.355421625745,1.7304068423896348,0.4680740253669634,Medium,0
494.81293625485296,259.7938093032577,6.647260850329056,3.744478964992766,Rocky,Hilly,1084.4249858643727,2,33.03413061858477,0.7134355570634496,7.49839613104133,480.15487421533476,0.6728821090684571,0.4038712602229024,Medium,0
337.23134248572234,240.8785005019781,7.30842599270229,10.806422968950871,Rocky,Hilly,935.2830989907806,2,72.472536061953,3.1594817149663927,3.173039814560438,241.81194877559597,2.7971233566029285,0.6849858433406191,High,1
386.0463605691685,326.84394332744506,9.619282515200686,0.5,Loamy,Plains,490.0561264444847,2,75.18473899421217,7.672434442842563,15.149862338706251,724.3471591723496,3.220024765456051,0.6376913306683848,Medium,1
622.2668563795132,261.5313727630375,2.847243071337787,6.738554822993724,Clayey,Semi-Arid,988.8035760864674,1,63.38960871487392,1.5902040668345283,0.656845623500919,1595.8041210571337,0.04270441880171203,0.6131799134083257,Medium,1
466.9905615806647,241.55379286758466,4.7402737780828526,10.422687931450824,Sandy,Plateau,150.0,3,54.24983921276081,0.9107093687964128,6.770918400611177,1375.0708041154123,13.0902893039544,0.5580838668484572,Medium,1
234.258303252395,66.47212833913352,0.47423501634528975,2.9083961991119756,Loamy,Plateau,1044.8507198872248,1,39.295947159092414,3.887596017153273,2.7507115975247984,1670.3669801793653,11.434296491152725,0.32178244769783226,Low,0
587.8843401862805,167.20386050199204,3.3322949775145165,8.199339752850554,Rocky,Semi-Arid,406.72510010721754,3,58.509554646370376,0.15281406064521752,13.043233623116166,374.88039059573885,11.38925498494624,0.6601499305830538,High,1
349.7783871691509,337.19812489606693,1.1437573514310464,4.957700660262919,Laterite,Plains,866.3807198404734,2,53.16937108688528,0.21515561749215684,8.849799354677637,1456.1487741127241,9.833300875006852,0.4655195618478422,Medium,0
730.9946664326319,485.9089157359233,2.260542170349224,5.893590204433394,Laterite,Coastal,481.88033888133384,4,41.30714935128258,0.9320948096895725,7.851214494626615,481.0096409202463,7.925870161986868,0.5126497718770981,Medium,0
612.0072098571973,268.29695395052516,4.0210398237671745,9.837822881918314,Laterite,Plains,900.9881198365839,0,50.119778820643795,1.308884592269102,2.0927711568717093,659.3646480645889,6.039273747474198,0.36851022289696184,Medium,0
382.9017156511873,319.3373288288948,1.1881612330836258,7.59417077765545,Loamy,Semi-Arid,1102.3974817466778,1,57.521496280961735,3.517107607626931,15.130501803977001,551.4518658982421,19.356801195374118,0.6237007356146431,Medium,1
642.152454260267,394.29737883433666,0.21438401771670174,0.8969323963469122,Sandy,Coastal,1425.989479837353,2,61.233076196279804,5.70634363972056,3.3551657488357804,635.2349465340767,7.463144685252361,0.431690630166835,Medium,0
460.1783265791105,182.69272765597003,0.041146329408850504,4.070723380805205,Clayey,Coastal,360.52482074598254,1,45.70399817689692,1.6670330848210182,5.974954143299541,2521.062992606204,5.969489372460469,0.37318448682192634,Medium,0
577.9160512683329,324.0176851942531,0.08963498612873524,9.926007204666279,Sandy,Plateau,1241.4155344848973,3,30.0,1.5058433249842225,7.978651605239223,1465.379013690067,9.330411129483993,0.45005531457690134,Medium,0
522.7099225941712,191.141187240141,0.03353916735211841,8.346828154578994,Sandy,Semi-Arid,945.9034468821151,0,54.93202761624529,0.5269902704744186,10.685785060216066,275.97071395399405,1.6962971351775513,0.4201759027456334,Medium,0
323.04650175136896,383.7789326189214,0.4677313432253361,12.244406717572854,Clayey,Semi-Arid,742.2664965113815,0,46.984221215943585,1.319972660273652,6.558839285050819,413.97604668933786,20.49400591466569,0.4679939663126106,Medium,0
353.4675251523807,298.1683657542079,1.0950573116235396,12.047942782039891,Sandy,Plains,1165.9497767708108,2,52.76382692060654,5.659173726447219,15.184504118489436,1240.3435681654091,0.11608768145990925,0.3252642140123697,Low,0
604.4941226371742,315.8142176777728,1.000114522601326,5.9732646095596245,Laterite,Plains,817.4263021201776,2,33.43792629502922,1.097934184615592,8.277514886720907,1284.0772607657414,6.2716515003032836,0.5377817058471446,Medium,0
399.78370018401887,186.08816830976932,17.3091218639836,14.509713415208465,Laterite,Plateau,1151.1356807402376,0,54.15078427195279,0.520490554130772,16.33101993244309,882.0039775806473,0.48136865196530987,0.8149026444530089,High,1
389.4527305137005,364.8438831532942,1.4611684625802785,7.073439009555733,Rocky,Plateau,552.7056004052018,2,62.4682504674216,0.9051358340066011,3.4003369940214547,2044.5453952055354,11.516434954164556,0.6179462020928296,Medium,1
306.73161309759706,530.165550547722,0.5452073452626925,4.111994396772923,Clayey,Semi-Arid,678.4510386962977,0,52.679157660974134,1.590095951259585,10.6403043618601,754.9842562354285,20.585015310373112,0.6687720090988444,High,1
513.5398598390192,159.05059654861526,3.1547799430560675,5.099080402268268,Rocky,Coastal,1230.26001847811,1,59.239857162330544,2.008071010747136,4.305245940428961,1664.5886884374436,3.1516848885963906,0.12111669601020988,Low,0
759.3787378864718,239.22891908229712,7.806514625513003,0.5,Loamy,Plains,1419.8901832496476,2,54.46987736712025,1.2460601497389578,7.21936680604179,1606.452440340086,11.676378221877691,0.48758450085430116,Medium,0
289.8700628618591,307.792896900171,4.533565026283515,11.821057024747843,Loamy,Plains,887.7388352965028,2,34.34642948459783,3.126278383521699,1.338364132030799,2401.6211694436943,2.454321334942902,0.3723788995755082,Medium,0
453.6329185009137,374.36874543949796,1.4043741340337563,11.784285967131591,Sandy,Coastal,150.0,4,58.972322893541055,1.9319530425458684,14.874035830043022,2422.9903428273506,1.0418625086604112,0.7669832822920902,High,1
661.8330833123143,212.85444576526373,3.2986416194635257,3.9534776835600374,Rocky,Plains,830.3327510870408,2,48.585454343447246,2.4062905704145603,14.871306132503701,1547.0135789888795,1.943167446737355,0.42576135451203234,Medium,0
438.0537913131427,20.0,5.019043490715523,6.316347134854282,Rocky,Plains,911.3491412378504,1,42.103025622782155,4.3718020214757765,14.129426461176017,1218.0567117081382,2.1558587385052377,0.3130393240187974,Low,0
517.8557694374601,443.102739299683,5.209349798449574,7.286822632337733,Laterite,Hilly,818.5293181573898,0,66.1384556462731,4.416706960901817,12.808369807725814,1378.652486324627,5.976356473556038,0.4302287150978557,Medium,0
290.64097077796805,371.2607343500971,4.392910914055647,4.118940843573659,Sandy,Plateau,1017.7184965829359,3,61.23262889070753,0.5005848885878865,21.72917972703372,1507.3075877056604,9.542167344569963,0.250500248638886,Low,0
514.2460645811473,70.84629634160018,8.18589751202721,1.7346939061865152,Sandy,Plateau,733.0815253409373,1,50.653106501728985,2.1481348953210926,9.057653974108838,270.0201095229137,1.3781135285685937,0.49835589417513904,Medium,0
421.9283602493177,207.0917449864533,8.164129503094118,6.368927188669264,Loamy,Plains,1193.6048012373096,3,56.13846243344281,2.7742883160009635,16.431433877064045,450.91833183466144,0.5540488787271591,0.2689795940654358,Low,0
597.8594993519795,468.1818915432791,3.4598870656309693,6.036761711622259,Loamy,Semi-Arid,491.65035454413527,1,59.92512440296969,0.34683421110498697,7.9507022542816275,1687.392660039217,1.5034881129873998,0.20003048698948994,Low,0
628.1079077347126,453.7355702149439,2.2474678635230556,5.834766277033674,Loamy,Plateau,1332.8970475739493,5,37.615712393763005,4.070097990590249,11.05135057902806,1883.2842913331367,2.1104470024462927,0.2373119682843579,Low,0
838.4345463027921,392.6368027214734,4.104090882552161,7.668148187802894,Clayey,Semi-Arid,1442.5275883863824,1,44.31410734768752,0.43785303189171587,12.117336293462607,1943.6717669887116,1.969480100542794,0.3419314515030062,Low,0
536.9449759820363,258.86650792481646,6.819656454226996,11.288558975577978,Clayey,Hilly,580.4290916788924,1,44.886922087606564,3.532851308021637,0.0,1093.5323424883384,1.490387131697622,0.48717637586850704,Medium,0
498.869447487325,289.9584902575012,0.022672553719912933,6.090721840924822,Clayey,Semi-Arid,580.240061038928,2,63.97209233252787,0.3874196913438986,7.436472286936459,1363.7090384605317,3.764158952290127,0.48739961897554157,Medium,0
479.1576452366004,264.2889033848648,19.31175973612735,7.511328996164089,Sandy,Coastal,1043.7433598221348,0,76.78567476090281,2.978662891178217,6.8908480467148365,970.8588452886022,11.626937119460884,0.7797987188811282,High,1
397.02505607839674,415.3887739922605,0.8079446837813057,9.180611571234808,Clayey,Plateau,484.47285658998874,1,65.09438187963583,0.3527533930292567,7.875040673890353,2119.61426445122,0.6344868746013579,0.3807669047623266,Medium,0
500.7725765192537,174.8989112205868,2.5413926683331005,8.662428779538246,Sandy,Coastal,727.5889951141879,0,59.4123350862123,1.0475286207641863,4.410585731534729,1005.778929614044,11.884315221436037,0.5690931075277514,Medium,1
405.6897884791456,183.30404141389545,8.223829382036177,5.156729426656474,Rocky,Plains,1285.884434759605,2,45.673232967871385,0.34082355539504644,8.82649204515524,808.9695400825025,4.123091222786727,0.5739365072344441,Medium,1
475.2691464404421,401.2329504203219,1.0197775151458317,7.289131369342107,Laterite,Semi-Arid,1158.162367566937,1,66.88746495477271,0.6945197797004702,9.784488970789665,1120.1648210202877,6.481122593155072,0.36046573825643785,Medium,0
647.639630341194,274.6766253386126,2.591129401000191,8.64261946050716,Rocky,Coastal,1593.0687195913565,2,53.650174098376745,9.169311992400178,2.9768658473385505,1004.3647467565248,10.136315167200818,0.4984149453831397,Medium,0
299.0186152080538,445.416082654457,0.568938015383302,3.6149459874676673,Laterite,Plains,959.7744516600727,1,45.86269727410663,0.2506363160879268,8.187652571398356,1164.0900690866613,2.1772527669102013,0.40123765539322337,Medium,0
620.9817841693568,199.41853516233454,2.0106119463051098,10.790617032389523,Sandy,Coastal,686.206699202635,1,66.67090168207892,1.1476493644389598,6.758467008188255,1651.1049505933465,18.50536227407615,0.5983315768976071,Medium,1
647.5672601009798,273.426596759341,0.779854713906779,11.294766715642332,Rocky,Hilly,917.9352290785572,0,73.95820072066303,2.485677190289289,14.02742697365082,1263.5356051135466,0.524706223257394,0.3835332552520896,Medium,0
432.2897209513382,169.31044181872562,1.8078863447574625,4.831659233666519,Clayey,Plateau,847.2940812069779,4,66.86434335013575,0.21862910301739522,10.8933339062408,904.1147823140525,4.500419146306727,0.2766320563353706,Low,0
131.7217651487108,280.88352177082805,1.8701975608958257,7.581010055044506,Loamy,Coastal,852.2050117789026,3,86.5417660373106,0.2539853252513253,4.15347829107964,873.226358616411,1.7646429655716305,0.4071383849462075,Medium,0
358.8267019358351,102.57436756014414,19.946184877807372,8.926834770013095,Clayey,Plateau,891.6687021664935,1,48.89766139349322,0.34017311497662667,12.889229094981447,931.9531355253467,3.144947606178178,0.5672622172693028,Medium,1
644.5491819841664,221.48398948540446,21.04642173237324,5.3631575310137425,Loamy,Hilly,573.8816519038172,4,52.37357176359151,2.278318060710857,7.743068256196124,227.71720464640123,3.574643454338592,0.5558770366716805,Medium,1
446.5697906551677,107.64953620862588,0.48770468036040693,8.444841537064283,Sandy,Coastal,998.776214239725,0,47.431838919567,5.2813310850766495,8.315794904636967,1651.9876332669146,14.7562561496554,0.6758449585470973,High,1
300.10466515576337,363.270787982951,5.178052940112284,7.489766878876496,Laterite,Plateau,406.9678562844931,2,47.35898394659846,3.8470066189031757,3.381336499309664,1508.5487890810348,3.4958798402734645,0.4659708165241807,Medium,0
374.2837618157674,365.9907207711582,0.2125293256003151,2.5962454670835973,Sandy,Coastal,649.11068723216,0,74.7664802694929,8.971152519066456,9.011090841956412,1978.983110497642,7.18293395943579,0.2865008916387821,Low,0
576.0930039756829,72.3684723418786,0.1226287241441739,8.377483947935675,Loamy,Semi-Arid,858.3924329010639,2,44.70477420661586,1.8987688700076228,12.723549297093475,1390.3564800610436,18.18979496574589,0.0760089079757109,Low,0
532.0100352302069,440.06628946006873,0.4452187860371123,3.6995727511868925,Rocky,Plains,150.0,0,51.43124001889818,7.164316986052384,6.796936099889635,446.7515213551825,4.093630176692843,0.4097631556095521,Medium,0
414.1601851245459,579.6898151703824,13.465521209759324,9.81760855498614,Loamy,Hilly,1169.147037720721,1,73.12919137269259,0.8002471655087718,15.902199688311349,1275.9640389207798,3.148633857609962,0.49992116709083534,Medium,0
394.9763382277969,285.52076640836094,11.311631031252755,4.986366774598334,Clayey,Hilly,181.3959215533731,1,62.63471653934474,1.2041142813505419,12.515330828421295,1292.2014830111711,21.664501984249824,0.6323671940003484,Medium,1
391.2362776434267,203.06628877304263,0.8623279499340091,6.516143699016565,Sandy,Coastal,1134.3556918143624,3,45.809779033224785,1.1093490614866404,3.827967417303256,1570.8910733234109,10.55028547840936,0.48814530068462786,Medium,0
311.6384723252246,618.9196709203655,0.7053849889246905,11.116836740339725,Laterite,Plains,447.5167485251432,1,57.03118365346763,0.10673422357512119,9.307165161126338,2098.943449526053,16.857797991448074,0.49061865803387505,Medium,0
692.3063534204163,121.72378020369871,1.1005646194977616,8.489144939586536,Sandy,Coastal,758.2784582537752,1,37.61534554688076,3.894494182947957,1.116768372235339,582.4994876635951,3.037269974216733,0.387544650128801,Medium,0
401.651929618299,282.4127760242918,2.8989393894030733,3.7615782412763643,Sandy,Plains,1081.6957264323003,6,55.587806370035985,0.1,3.1686364742460746,1483.4439367688408,7.150771329079394,0.5124031557277059,Medium,0
632.5737781238245,301.5546727158308,3.3731336154426512,3.955250287602749,Loamy,Plains,1669.3488318178188,3,58.92097406675867,2.8795252104735365,0.0,1115.833224784272,1.722977837186633,0.21292713696308702,Low,0
678.1974077883677,441.41771445428975,1.002025233279857,5.2020916341288235,Sandy,Plains,940.7581921975723,2,59.691640553369176,1.1498742894683898,0.0,2484.318069727564,12.051528410509484,0.5936861198816712,Medium,1
599.746634722194,323.1686770152146,5.652570907383999,8.183932250069999,Sandy,Coastal,206.08078513017222,1,80.5295220094481,0.1,6.518472919723871,1640.983336742147,16.22547068827798,0.6580719085200977,High,1
385.25695309229275,220.16393250538584,1.4816652416191414,8.074899444798305,Clayey,Coastal,1233.7932964225208,0,66.91871308168996,0.7533141594940055,7.050818520530429,1068.5621432446408,1.8707540483990912,0.36513225857233705,Medium,0
510.55951355049143,165.85787555344527,10.210926127501942,4.4706930860113925,Loamy,Hilly,818.8285582993436,2,43.952409270221835,0.9346550406334595,9.13599685786899,1879.6560411259884,0.6651362457911909,0.5243091603167918,Medium,0
446.37065904136256,238.98138157046372,4.276866889753379,3.4983715431569227,Sandy,Hilly,924.4673290605882,2,59.30459826000951,7.356673102225199,3.5176449638163323,1077.1457118485555,1.3443744340532648,0.42964751002940244,Medium,0
314.44472089048077,159.1687166865827,2.2932956254733647,7.844750215257503,Clayey,Coastal,1095.252060460665,3,57.2156329442844,2.3803747552247936,12.168742307414806,1540.1250725670777,6.011616753915134,0.6184935679905895,Medium,1
498.65389225824043,285.73903837416196,6.240915186107778,6.4544198026295145,Loamy,Coastal,150.0,0,80.38725736114145,1.7255115200473439,6.931389421574588,1006.9579554336183,1.9062361828487824,0.42519339478686796,Medium,0
273.1440313260296,212.29645841674161,6.813118456947494,13.471647662343212,Loamy,Semi-Arid,902.2878967073185,0,52.70372846869262,0.2989308187114247,9.55107860207534,1237.3241616051355,6.106799292430447,0.6066208537924835,Medium,1
628.1519082692346,100.71546480522991,1.3726754274697213,7.109810969689237,Laterite,Hilly,756.6071385165566,2,59.56407425831409,1.0914383814401347,0.0,1836.7475672364321,2.5864396095308653,0.25067948994806233,Low,0
380.30740540524107,430.61749460498845,1.6603321125104147,12.442758483100825,Loamy,Semi-Arid,1327.6422171019317,0,61.20499954741149,0.1,8.01507916722671,1016.5896660362265,14.921604095353882,0.5378730819423632,Medium,0
480.1739483809259,220.27929718851527,10.992686872094481,3.48884920568698,Clayey,Plateau,1154.48981716856,0,45.16266959687117,3.155160155304576,11.93577269612553,50.0,3.615427508602899,0.5853429935450358,Medium,1
492.4931807319213,127.8235834029625,0.7200538740644611,2.2803611813148787,Rocky,Plains,330.5493270264584,2,39.707300036338765,0.3908618132166934,0.0,821.9861509929863,4.130414165676813,0.4261992773882991,Medium,0
411.1642539443884,259.808903861495,0.17225809912971,3.6397446024233964,Sandy,Plateau,1341.9190483221669,0,55.28274128584734,1.985446871460743,8.164855682045001,1941.5721881736235,2.566862153391341,0.4595212073868559,Medium,0
538.0040702212912,288.20458791611907,2.4209505273260534,10.567389344360398,Loamy,Plains,1057.3337808560739,2,66.00168057911824,2.644282635601658,4.05447448926529,1992.5926384515774,0.45505519268558753,0.3439191488267777,Low,0
378.76445150662136,70.42399293051596,6.462023144071918,12.2683047690806,Laterite,Coastal,358.46544089137353,1,42.24445621970325,1.004321312944381,15.703140023658019,841.8911087624201,4.082999695450386,0.3023059048774736,Low,0
580.6945946185866,319.79772005509153,5.907820137673855,4.6534616381420975,Loamy,Coastal,919.5135862224706,0,56.80267559825241,2.202828028632023,1.5641761488148616,403.1676790447573,8.933005213837168,0.3379490795164044,Low,0
248.10304796298772,154.34109175716827,10.079514601396056,5.6183019107213275,Sandy,Coastal,1262.1891398495493,2,49.967656816723256,3.178803458512024,18.805620093966077,966.2659406940172,18.347529702570675,0.38608228523155985,Medium,0
468.95693693196176,485.3234571028945,3.0474232072482077,3.4930572693625006,Rocky,Hilly,475.0846445993121,2,34.767444332617025,0.4476838194748039,14.461352776914836,1683.0686397109257,0.47799818335439503,0.35443082840412304,Medium,0
740.8393498587427,342.87526144920815,0.4217295021433345,1.5650804586448386,Clayey,Plains,1382.152067545896,1,60.797668827706104,2.0205765146768497,8.567936339565708,1090.4174530618873,9.579056867830014,0.5535198479513171,Medium,1
299.9503013091638,232.012001186882,3.5536223889562435,9.155235093329889,Loamy,Plains,370.57992905536605,0,62.910528997005144,2.9124033977155337,0.8221221551519076,205.10457691361887,1.8641604806198253,0.3524771177620675,Medium,0
348.33825442127227,190.57986756191792,6.0274461339199465,7.66906090888649,Loamy,Semi-Arid,623.0704881735553,2,66.04516212171069,0.9717077626976544,5.70595435034393,1483.6276008012198,10.383439333005889,0.45248932644223466,Medium,0
527.0861774488372,267.4038750923651,0.39189863469734343,7.031463948021626,Clayey,Hilly,569.9952076136078,1,67.39873726500004,0.3901116073048997,11.430994630327273,1716.0820989088447,2.5114258264296008,0.3447140949714584,Low,0
476.9372672909397,353.5348889899948,0.7581456105216975,2.79983038850986,Sandy,Plains,1381.9268060560316,0,56.809941627557684,0.741476613720145,8.551460889219694,1991.4515040130984,0.7291645918978122,0.43604500011602404,Medium,0
502.5945148910339,276.940704569776,0.049467263880688554,11.919870045485983,Laterite,Semi-Arid,728.1443522077811,0,62.80543156737634,5.94919096524661,2.5075372300183467,169.18945191871057,5.6807968727015625,0.5549861533347148,Medium,1
523.3780695221495,253.94094314357721,3.6021870785922308,5.489929785851581,Loamy,Plains,493.01404906865076,4,60.25461728070342,0.9730764147237734,13.537611117101486,1772.4701625163675,13.460487664678366,0.375261429131324,Medium,0
545.2082202842655,287.00443489814745,8.712078818612042,8.600879274449428,Sandy,Coastal,1055.8238076199216,1,30.0,0.25069778530989617,7.5198070308419025,1293.1560443496182,1.202342395604448,0.41052948213426016,Medium,0
616.4549762934334,207.53692825156543,4.4426987834857625,2.636315784265827,Rocky,Semi-Arid,1131.4133467074516,0,40.00234393872312,0.18996912957918238,9.413542742071613,869.9110942109019,0.13227749225783092,0.5107105569045512,Medium,0
511.4727985392769,238.81528877883548,16.078452372493725,6.428424431139888,Laterite,Coastal,1133.637633177946,0,49.11476119324712,0.4379206914707826,12.973951791932853,376.16933837594433,12.91680978895415,0.8452503031634712,High,1
413.8113518072186,29.70490733139951,0.2604316501726968,7.874123368715752,Loamy,Plains,805.0312921708967,3,58.6285605315665,0.3000948793301028,12.411237295776147,272.37130136787425,7.180585438928781,0.5010716464518425,Medium,0
550.8860551804097,396.84714770228413,9.332221950680632,7.981225654159923,Rocky,Plateau,989.0870053629318,3,61.212956296706906,1.5032232793708313,13.400055129736373,815.9091090790773,9.923354428490676,0.3406049040861673,Low,0
734.9822902342823,315.8557336386114,6.729503236670266,7.463945629709875,Sandy,Plains,672.41841981975,4,65.8255261713241,0.9394505659921745,11.493118045128693,792.3965083210012,0.370217167581535,0.19797319059922738,Low,0
430.104938042614,187.18529871598838,1.5089191357867113,8.483567476146318,Sandy,Plains,1486.1805872775058,1,66.09601933827764,4.051092373146787,4.65177686042143,1146.8541471429055,13.26853406900771,0.4486786191514267,Medium,0
303.8206042994038,507.8481977626286,14.526452017625003,3.608438631901117,Rocky,Plateau,1300.471805530276,1,60.23225631466019,4.684442268266796,7.788489467600038,1940.3549687637947,3.2596387240875706,0.706686461898556,High,1
616.062100393046,290.4419776470864,1.3583597561945107,7.59211781631898,Clayey,Plains,1279.0348901642365,1,63.90649511564063,1.4103870413895954,14.747840331477192,1164.82520680482,13.674217357886643,0.20836195334959395,Low,0
431.94282540696025,155.6627713629764,8.803896450078666,7.341273050440832,Clayey,Hilly,1177.940577100741,1,76.39635080619429,4.826742377376948,1.2553739275337223,428.94478908144345,0.40276942201563354,0.48197527672605595,Medium,0
124.09956809789458,382.80849057645503,8.506084867971852,7.695018052585183,Clayey,Plateau,1081.9066570982504,1,62.93043394160531,1.3170887319669193,2.3599009455308826,690.7895794789447,12.966915000341181,0.7210522084658659,High,1
577.1132515725633,327.7657859811115,5.669614981186985,7.217035651957545,Loamy,Plains,464.4731305475742,0,57.59737078852332,2.259656298113387,10.706138919237679,1367.5593947298335,6.713683605868823,0.5776869906020633,Medium,1
369.7007721069116,327.3495982581063,3.315597051798946,3.180361678259807,Sandy,Plateau,1121.655432689477,1,63.49805139198642,0.3902263362119086,7.54885291789855,823.7603108131239,4.848231239516604,0.4671635887935525,Medium,0
436.42000765437587,228.90932744180913,0.5113459843176476,3.046600743673079,Sandy,Semi-Arid,939.9928305221621,0,67.78787390970187,0.11883406108118039,0.0,1141.782714010281,0.38263016773337444,0.3057690227586422,Low,0
499.79704958535217,334.05948685336415,3.0369063540530967,0.5,Rocky,Hilly,1342.1774297328216,1,76.59357955354255,0.38380054408972275,11.4948035672505,1776.7185304809977,6.996547335273837,0.5889881493943181,Medium,1
478.57495196685994,248.58900517346865,1.7651749588092807,9.452603529535892,Sandy,Semi-Arid,1182.59671383385,0,44.86184381012514,0.638319920610545,10.264606480268132,1524.853423340406,5.464449531588169,0.4676626137372945,Medium,0
556.417772570856,346.71297419750107,6.285044690651777,9.482972529205597,Sandy,Plateau,1092.6331645535574,1,38.32663946556604,3.058505266185236,21.171787114667282,925.6118318258915,7.774093111582552,0.24032408310236186,Low,0
384.6770444145235,51.406665518723344,5.677406426202982,9.53065087366636,Clayey,Coastal,310.52132086444533,1,60.4878349073248,0.4192357503559753,8.968802332766154,709.1771643425574,7.567849232153952,0.7043525997405526,High,1
526.9658697264124,227.9351844424973,9.659098040347114,7.920369887384355,Loamy,Coastal,868.8498121870352,3,40.65655625388672,0.3080327232975508,18.600173658142218,2184.67277302077,3.5190555767569647,0.37588360636919516,Medium,0
411.0679983624124,486.6586117369834,0.059764914984579504,0.6006423468456674,Loamy,Plateau,704.7377090337203,1,55.00974802495011,5.776492774732091,12.91805756814122,849.7775631410517,1.3740735614318322,0.7812299688489474,High,1
560.8215721331254,187.95190535196394,6.624089596881247,3.919868524644202,Loamy,Plains,988.3280734640757,0,79.73152180991144,2.5681199952974647,0.0,2395.6724803196007,15.077490502661345,0.4719113662810334,Medium,0
542.305122601958,207.5394043008176,11.152405088346347,7.511246252779336,Clayey,Semi-Arid,754.5581049950747,2,58.041471534455745,1.4104964669202171,8.152937417040299,2009.6378240837664,15.588956298367043,0.6665822352697021,High,1
309.6841946933107,226.24463938600297,6.229288358717946,7.4065540083753865,Loamy,Plains,803.4189783673429,1,58.17301252416074,0.21952790479089845,7.678832275764013,1155.1735860506826,1.4290200643758229,0.43001454683657603,Medium,0
612.8973174262549,134.2232636933628,0.5579424376382055,6.331755360543936,Sandy,Semi-Arid,1060.6618667173464,2,53.19339745274804,4.200088733656273,7.5547409650413995,590.0752941472608,5.976117314603426,0.4647761063694015,Medium,0
369.60548323289277,20.0,0.3390916307810147,8.106751608724739,Laterite,Coastal,748.7516602509284,0,76.0605692827293,0.2520735997880584,3.6787494577119855,1219.2417972536782,1.3604290449645324,0.5519492838667409,Medium,1
571.2086697421718,252.32963217716645,0.08426227630149077,7.034955123055736,Sandy,Semi-Arid,942.5570388509044,0,63.079672279807646,2.0774502350686372,12.009487327775103,1858.5517622022346,11.849387067474535,0.5464858506863426,Medium,0
505.09309701020106,296.3031308897988,3.963466916902182,7.362311396654085,Sandy,Plateau,368.2058381939928,0,52.38397164750712,2.4236220023172543,6.279009313733846,1010.0067477780121,0.6202636863906924,0.4595090440170216,Medium,0
725.7275515192684,273.69939177536173,3.9734717591163076,5.082804001503952,Rocky,Semi-Arid,608.6594831339794,3,75.75944261459071,1.1243253833818714,13.879378466299674,541.2796875630407,27.750633767364626,0.4508192070788982,Medium,0
416.4801026442222,262.61457256625357,17.344761936121177,9.946032958364771,Laterite,Coastal,1129.6152485210362,2,60.222161916535484,5.327425381012262,13.144722111751953,920.4910196033809,5.662926127951838,0.6862766356827879,High,1
397.60248058227035,285.1649045020465,2.030278216104196,5.707685173958848,Laterite,Semi-Arid,469.43275915623394,0,53.02020810618797,0.11446831544198252,6.8059716052677945,1395.122801713112,0.13907490625759703,0.31503960325098107,Low,0
447.0870591168401,402.7409765860917,1.613307292863551,3.0080527509381207,Loamy,Plateau,1336.0037771610491,1,32.94231036078325,3.749660503263435,4.967076761189998,1435.5897741213341,12.817510557776824,0.450488356066626,Medium,0
404.5230325748587,257.14645768849397,3.9171876006239765,4.687002961543814,Clayey,Plateau,1241.0397743554622,2,59.64898417799945,1.7753459740127335,5.208138664604904,1240.7387730644768,6.920784646921802,0.4504845169473708,Medium,0
569.9912852913075,211.11009074952764,6.985813985699512,5.954601425914059,Clayey,Plains,806.1195226310747,0,52.583398626099864,2.0783395284947446,8.134761525988255,966.9222711667334,7.17052130554163,0.5121691137723529,Medium,0
207.5534087345118,246.26494181342963,11.044155486659976,9.982008365106541,Laterite,Plains,1949.5569369258626,0,54.223237208238935,9.52484913297194,9.611008734947525,1138.866169227511,1.9297691551545233,0.7162885006646283,High,1
291.9476371280469,349.5216111708131,6.500728136520538,6.873196004695621,Loamy,Hilly,1335.0862522469026,1,53.54877096420171,1.9224145969925388,5.759433522486885,969.895129776046,2.464039090389533,0.5386400994568844,Medium,0
289.82956176312103,449.44322542518995,2.2252030192485974,6.441555343103053,Laterite,Semi-Arid,567.7521726529927,1,36.03277692917675,3.5083117725857687,5.9251377688498374,1267.6266665972885,14.749635891016254,0.7917915858805318,High,1
592.5461387960363,204.62275129969862,4.030491925013655,3.254009725712118,Rocky,Plains,1161.1609187950169,1,88.76530446796993,0.36669912991399023,9.426065028807196,1331.3614380109602,6.0464568797459854,0.5344255735947205,Medium,0
706.5920058872888,291.872054443466,7.760091202257922,9.356447769488728,Rocky,Hilly,923.0520732119151,4,49.67428504964582,3.6453982192538135,13.165534269304347,1078.1068412830934,0.10259702521508926,0.45771336027447185,Medium,0
434.3326172193793,320.60289303231514,2.698162942730804,5.044143537929843,Loamy,Coastal,628.1507681992061,0,66.01988891619581,3.1495130144177303,9.21629141771771,778.7863160422069,2.3796894154732184,0.4250566762086007,Medium,0
424.6767415214984,160.89063919254124,0.9768898537594719,6.699916423175992,Sandy,Plains,525.531799891827,2,55.373202206847274,7.580023216945187,7.860576588817087,1825.5089427969383,5.475932533272527,0.28212629198716155,Low,0
460.5078244669772,282.4500600655502,0.7439857142757899,11.440549230645594,Laterite,Plains,1248.2126672109328,0,30.0,6.037594326542711,9.18568788493805,1349.0057909190878,0.9610584443365282,0.6039676918798489,Medium,1
624.2817453912286,104.1191371189486,0.0006310280841649655,8.526289993147913,Clayey,Semi-Arid,690.7190873815532,0,56.22121126882329,0.529719011864831,0.0,1558.2458011016033,0.6207812279998233,0.5011354896342382,Medium,0
310.8970298714139,67.71396355127214,5.0667700728316,2.1152378568544767,Laterite,Plains,864.3432757370318,1,59.43339264231756,1.3757998053089187,6.841097360488184,828.9706852302015,0.3673273176494128,0.3880957000326512,Medium,0
485.7553474102178,324.0095689470708,0.4710695829217082,1.6914692909425835,Rocky,Hilly,577.6409251207151,1,51.45904991666631,5.334037869352995,1.716707904308877,1155.0868158500741,5.974922181875078,0.42401675330938665,Medium,0
596.2796444673645,233.93503104030606,1.1180043774316062,6.807068649642262,Loamy,Plateau,638.1447219454932,2,75.41089992750364,2.2523131457043037,5.273888707713992,818.4764744376159,2.3192486053483936,0.39981746761134285,Medium,0
525.1641254909767,304.2736489145463,1.414582898199092,3.361778155375585,Rocky,Plateau,855.5747799749848,1,79.50376644542874,1.3707370779646801,3.4256387902359577,1907.1815697689958,2.807350260844843,0.34606397027411523,Low,0
478.4372424898115,277.852602758998,3.2873769737460674,8.945640242898993,Clayey,Plains,1035.863802453453,1,61.44528939373137,0.25375267259699713,3.3577572860524354,658.7127830461726,0.3715101168323539,0.5333730943051935,Medium,0
600.1569138850712,162.83199416034432,2.029707472976778,7.126789194894938,Clayey,Plateau,150.0,1,63.07941924765504,0.9536791615154873,3.074646306798062,695.9256669993446,8.036895764167479,0.24356756559503998,Low,0
80.0,274.5694837642796,4.491709991821161,7.496154307071589,Laterite,Plateau,905.9219297083625,0,44.16942020998964,2.407550793842256,19.626694265397234,1233.965216713007,8.73404122976467,0.5843001356767056,Medium,1
551.6812979296361,132.02784339821739,0.22898563976753253,4.879770455072941,Loamy,Coastal,638.8576455952375,1,44.12475117413574,3.300440202452606,7.717669094553781,616.4589344444362,10.611852476028776,0.6220612674961038,Medium,1
351.88864753088643,446.9166829601681,0.5292791100582986,12.224150965860117,Sandy,Semi-Arid,1390.8269287075786,3,50.14665187857263,1.303938144678836,14.02201197028105,1906.226508453239,6.327515231368202,0.34378500955934543,Low,0
175.4050654715315,117.28355861680433,2.7662857190964036,15.527781184031378,Laterite,Coastal,1929.9634261019028,0,82.00176468620877,0.1264216677320829,11.803273700534476,495.06876111132385,8.904463898789963,0.2920812265501622,Low,0
526.6803899287471,256.5057674837702,1.6437087194798876,6.164245828729856,Rocky,Semi-Arid,774.2523377661996,1,51.417170179077225,2.2062979455343537,11.442277988620086,1081.1619080781606,5.1655109610761345,0.49006990072670326,Medium,0
656.0487817744437,154.92740943433017,1.402847392925147,8.059117745245002,Rocky,Coastal,297.2200037503819,2,73.8048272308728,5.600667155879163,10.718904550509366,991.4284925511823,4.059357833714067,0.5725299955924037,Medium,1
429.38272280584624,348.45054080329544,0.27752069607639296,7.292252029192937,Sandy,Coastal,940.9069394714983,3,49.329350650844184,1.5091875065804718,18.429838461142197,1350.3583304012157,1.8051108113177514,0.3425270365021808,Low,0
592.9311820804409,240.22823544621966,9.042671104556753,6.220939409676794,Loamy,Plains,828.0997346773783,3,46.45321495359735,5.801411560146898,10.1376128184814,798.8682965081555,0.32912954167636127,0.30118563233401785,Low,0
691.8417386982968,217.75999364545478,4.708266653268265,4.50378859680161,Rocky,Plains,1589.9727271504516,0,51.995600987543355,0.9616457539445383,0.0,1328.7811749433072,2.0703585440073793,0.1363125406414976,Low,0
647.237168037607,382.38418540618653,0.5186955150901142,3.7450960375585685,Sandy,Plains,1483.30627018144,0,51.68906871584577,4.784495093622004,7.129004573729205,769.5133331119096,6.904985368704507,0.5901610842381362,Medium,1
695.9946794057089,283.5316710013063,0.2690316142461003,3.593208203423427,Laterite,Plains,1202.8812397087975,0,49.293833897011446,3.395409940342758,2.768573078277817,695.3274828931445,15.69022212693975,0.4563820284370827,Medium,0
561.3191236607838,341.99733351231606,14.73517498212247,8.215720076647436,Loamy,Plateau,694.6570715755696,0,76.73846826777324,7.179459818315038,0.9999857944840915,1086.9864679411899,1.776009310360159,0.7458300934524844,High,1
461.31504583523895,162.2408876179042,4.572420932043211,5.440976565389094,Sandy,Hilly,1137.2182981632811,0,57.34978078773022,3.4441497993253907,10.158247515814637,1147.7512609016105,6.649233592259505,0.15354648868592527,Low,0
209.70512821542474,111.42196672869918,2.1614027278178467,0.5,Loamy,Plains,992.7522256739064,1,55.612413202733734,0.8532500995944026,0.0,1059.6542111780825,3.903338836344898,0.3701922384420111,Medium,0
413.0906267805077,292.864955444816,4.8390386069148565,8.334574661794967,Laterite,Plateau,984.4631211547868,3,58.30454046129275,5.078208369389381,8.543225388651292,1006.1638291690494,5.925889384279877,0.5939406730793428,Medium,1
323.51301070257125,241.73843734063226,5.647791038743907,6.885216152607533,Sandy,Semi-Arid,354.61955300124544,1,68.97896802291584,2.437265680462248,0.0,1882.2585243362926,0.009738957088360055,0.40529453385268865,Medium,0
775.6414076246721,355.1721606944733,6.055823760252933,11.040019004203439,Loamy,Hilly,1271.6283684587763,2,58.300989372538744,0.38900380098142956,7.122814799290911,1350.8575758731113,0.7851169877246824,0.5122541603224938,Medium,0
423.6171281351495,270.41098568049404,2.5994106883079215,8.119367191273028,Clayey,Plains,937.7329149089323,3,61.66639803399122,0.10352100914533402,11.882768871335152,1322.0946232592635,1.4678973685158991,0.2647162190855246,Low,0
468.48072101767286,304.6090407081556,2.2476530072161927,2.5639792110691086,Clayey,Semi-Arid,864.7055283593987,2,70.2121310331799,1.0020182207479482,4.7349845519725005,1736.9748272520706,13.434912747625553,0.37133143533143786,Medium,0
532.7228064060702,85.19409640705078,0.04435737757787048,0.5,Rocky,Semi-Arid,689.9452267469104,1,45.1713648090984,3.400816148158755,2.086844623444911,519.9061873023107,0.24823070673403858,0.4163608987134218,Medium,0
456.5403669558681,506.6124327537108,10.444989006414783,4.841582846986188,Loamy,Plains,622.2342251213179,0,47.94727159105976,2.1183725121065793,6.297149231518302,2239.3691150078726,5.058713702776587,0.43200591089624074,Medium,0
704.257656064613,260.2909617961562,3.6983792458995985,5.124677737919042,Sandy,Plateau,1011.0405034476437,0,59.301405237769565,1.6476432791947422,11.096462153038303,360.4444370528248,15.840049303333211,0.691208735580318,High,1
356.6025957398322,363.7104364407039,0.9083750585244872,9.8294776030005,Loamy,Semi-Arid,287.79301934967134,0,49.50671888547011,0.1,9.517101827758582,1815.7081447216565,6.334522396900181,0.453304658731875,Medium,0
479.1911182855864,179.66899957364484,10.083134535276075,6.97338720313128,Sandy,Plateau,1176.324565877515,1,55.2148502809868,1.257995506122304,7.641740033218911,360.13736818684356,3.974592019105036,0.709076753296871,High,1
338.62941214529275,316.9611882660809,9.857212750408507,10.401065494295526,Rocky,Coastal,531.0630970515101,0,44.76622327928666,0.37762296381986693,3.8167625320202863,1167.7548945145154,2.926481775154241,0.5891549696507218,Medium,1
251.99662331689413,123.65862837703057,18.106975825466066,3.025500832892096,Sandy,Plateau,179.46175982814782,2,47.646025992579304,1.3335872713247245,5.965241677000021,890.8987794572072,5.87211222579701,0.536749324928148,Medium,0
358.2346363642072,334.2481405911605,8.287689546496178,9.895793153141344,Loamy,Hilly,1537.6633605741072,2,71.32464731570535,10.560018455211395,11.448387183885707,1963.6454317881207,3.92800449606755,0.5474332610938241,Medium,0
444.4444804427382,237.28310987370008,24.448906137869816,9.162967460292759,Rocky,Semi-Arid,599.6695327290475,1,53.597200008564144,4.656141075369473,7.331398724620807,1585.5142779210619,7.3330638901497185,0.6852854675371987,High,1
385.604666322411,283.5028604722681,1.1224878848787017,0.9452976657064109,Rocky,Plains,647.2442934674066,1,52.494816516452964,0.818351640181825,9.210160598217152,1056.3753286415874,5.770468443432552,0.5070329702825059,Medium,0
346.1368530189216,363.7568836156117,7.3869645923295835,10.967853523782317,Rocky,Semi-Arid,1297.088415852826,3,48.07538534899865,1.980416981466739,6.199157791578351,1465.821513226323,5.027770961309031,0.6522701647534963,High,1
239.05238044922493,132.09516265356638,6.92706198359512,7.280375475299058,Loamy,Coastal,1549.0508151808244,2,47.37539642971205,1.5341621943988175,2.3492503844957078,1340.9138089331154,18.852930267947475,0.29828180782861,Low,0
437.53416410569577,197.86099232646436,1.050347024815583,8.176133511605517,Rocky,Coastal,363.4494474887995,0,45.55000939026828,0.3064954151061434,18.012916527649683,1550.8660740665337,10.836072687755715,0.5221800750428036,Medium,0
224.29194389534968,334.87891373041185,0.41450385678722024,4.405311662714732,Loamy,Plains,565.3411789122656,2,42.50670354982456,10.089214450095572,11.9207837523848,1101.6533147680175,5.632106774371399,0.5717298332444194,Medium,1
564.0083945534404,531.7865769456096,15.533842035706382,10.825741038765917,Sandy,Semi-Arid,591.0624122437912,0,49.554551988804285,1.218117790533536,9.386509467205727,852.8942572370772,4.641592799787251,0.8156358295749653,High,1
462.3659629401755,263.4301198406222,1.4040471910050667,3.4424430122833902,Sandy,Plains,1227.180581943479,0,56.61215970093279,1.5499655413480393,7.178039141621559,114.37005683346524,7.7229036920197025,0.457611869532533,Medium,0
231.3672750802604,350.9363341508719,8.188417570647335,9.496276055121838,Clayey,Coastal,1473.6962447753367,3,65.68767585993275,2.294570153650423,15.108442766548094,1027.7501936039964,9.775258794918685,0.8883122432611982,High,1
403.6186384425205,267.1634236169824,0.016542779533596612,9.461822427726013,Laterite,Plateau,521.9116034476724,0,56.98669479153904,0.4677853018471137,4.017520695132253,1267.2041588916018,2.099362954127561,0.4249801420841237,Medium,0
337.1765391614125,513.069471370756,0.08499590447415478,4.077497715483334,Sandy,Plateau,1395.160868288877,1,45.9095784509595,0.5529041317843285,11.34905668089983,699.647762076816,6.596725150291852,0.24634565466032582,Low,0
497.87617656287705,70.33339996416933,2.5084738964237587,12.950120798267722,Sandy,Plateau,651.8380609649543,3,51.50404153238607,0.4705460753122491,8.18899090976263,1162.2019954911987,0.8712259931134899,0.49571630739215616,Medium,0
651.0675669034717,291.35452536032295,1.0909882753223452,7.694585440652558,Sandy,Coastal,1017.6430160309503,1,50.77865960146099,1.0675815778191144,6.687447950437692,1757.0386829253935,3.3774661694823847,0.5894025675222341,Medium,1
168.7241295531383,84.93471597255268,4.682684494433228,8.961677830813073,Clayey,Semi-Arid,454.99120520026383,1,50.06615714510361,0.49002762246553927,6.612719675712739,1244.6005352190757,16.726118518335515,0.6133416025901727,Medium,1
467.25391187211255,20.0,3.3348295610880254,2.4186376139927326,Rocky,Plains,857.3243552463007,1,53.455050212231214,5.739922036984105,14.529165834692614,830.7156317401187,2.3698164921709686,0.4358918362628149,Medium,0
425.9800806650039,315.695446374138,0.3226100298733728,13.353190009025695,Loamy,Hilly,861.1105500745493,2,68.67516296945293,2.7562966984038413,0.0,1661.5953434312023,1.0050824772035765,0.21388272157472674,Low,0
550.7010114675699,296.7397355376951,0.7099488665934097,3.3263291793247305,Sandy,Coastal,789.6945927896543,1,66.08531989672392,5.018577733929734,16.325864855420118,1309.6126085401663,0.94796935789146,0.2786038398777335,Low,0
481.97949423565336,245.81956747093585,1.9644140253681586,10.074659298297792,Sandy,Coastal,1034.739843461894,0,77.16043709215182,4.151542800000028,13.119063279337684,1295.2280158080757,3.002564934599394,0.39626985584879315,Medium,0
337.2046002391771,267.25670919522963,0.8212344932816928,4.015684846204914,Rocky,Plains,547.539197301616,3,47.282396493538315,2.67197676356167,8.186969159128248,985.6146512015529,1.5307186759785667,0.05275683759033507,Low,0
402.1419096500073,651.7959320885509,6.285146992714609,5.143033591456952,Clayey,Semi-Arid,590.6968456346054,0,44.59860685052878,0.6117249523058359,6.814571212262042,569.9377839273982,3.3403881532699002,0.7301065568875758,High,1
330.59612147947666,249.01898343622787,2.1518982789793784,9.366262131656342,Loamy,Plains,1053.2552507322744,0,53.5699114120725,2.101749114922625,7.947386681720898,1321.6724802260153,7.613963667669227,0.41797805222344697,Medium,0
611.4010707897897,341.214923350009,0.3923563637218463,10.082658141025473,Sandy,Semi-Arid,1369.712365841505,1,71.99682277731755,0.4535566883176513,10.423089290901217,1383.8123644145544,13.144103413581556,0.47893591211754805,Medium,0
453.19674730079134,202.0762216463343,2.649253094766967,3.186147252657694,Laterite,Semi-Arid,892.015207083227,2,32.74317944820248,0.3126467470628534,14.17207308185905,841.5067201828442,0.7003256864800973,0.28590091024128467,Low,0
735.178602862951,315.4279090048724,0.38092872805514877,10.271416507170981,Rocky,Coastal,1076.2847707117603,1,59.36716605881983,2.2027207868565553,10.419482768734232,1277.9576526604915,8.776674919331624,0.2694403018412154,Low,0
440.9008779278069,251.4119589933259,0.5521652988794411,10.134941485399583,Loamy,Plateau,1165.3280036040692,0,53.93786147695885,2.1556289345085697,9.389804261852785,1667.3880463075725,0.6554099675568115,0.36506275086315,Medium,0
343.7389849634306,230.7377820724324,1.09569439410149,4.186139773465323,Clayey,Hilly,1190.676816021722,2,65.48237378185416,0.3747484208556434,8.132340629607699,691.8744376255465,2.8627425176921864,0.3746910355744333,Medium,0
222.94284110807592,498.267823864039,7.850980000106029,11.79594278077333,Sandy,Plains,566.2663459571766,0,63.042870814121486,0.9559546204325593,0.0,1411.1246108298826,30.0,0.6590056485448575,High,1
179.52904856160825,421.2621955821207,10.34045691638193,2.6294271152558855,Loamy,Plateau,628.0464194282836,0,65.42942860369621,0.15087584324780165,0.0,1149.9771321944665,0.42689949025574264,0.2974807666944413,Low,0
212.37960854917654,296.4095976879077,7.0007291235646605,5.125682251667154,Loamy,Plains,658.4738921197628,1,63.8816863646691,2.7672518314288497,13.501755607800023,1679.938069307294,0.13888120158156425,0.4948481279307873,Medium,0
490.0689976517225,20.0,1.6263262289295555,8.437007872275966,Rocky,Plains,1575.0218303128875,3,91.6265039262181,9.639693375348198,10.361752754381783,1738.6080149770276,2.435629320986086,0.5732494393198138,Medium,1
526.3087534844901,236.67889320969164,1.272270648709533,4.4393011458921805,Clayey,Semi-Arid,1077.8675287101664,0,79.411571968041,2.962768099317574,12.136968436029788,1230.8242797956632,18.110423562496308,0.5098358881128126,Medium,0
212.82139469517998,604.36330772861,3.186532845896733,7.791457257038023,Sandy,Coastal,1062.160502134756,0,67.90475728231789,4.089525426329351,12.045091123605081,1198.7192310933265,0.12145131714499821,0.6181010116328529,Medium,1
584.2557471114173,252.32060000323503,5.118424420874345,7.723228236409885,Loamy,Plateau,1028.1825136143084,2,52.17728532269333,1.423221474011209,11.065365796205459,1088.141772798358,1.5116622880480213,0.37135073820825737,Medium,0
377.5408422474841,412.38610864643897,20.066284400857807,6.438777190231838,Rocky,Plains,437.72230873317534,0,53.491042558419096,0.2210250618239484,12.34410821204618,670.8201254683188,5.545368768787855,0.6183437750574837,Medium,1
472.0189517978324,453.0330882343121,0.5642764600557528,9.49720161577168,Loamy,Hilly,1578.3666647719635,3,71.78962786479158,2.8530550663612093,3.7217845708520345,1396.9014716812537,1.5975069382596812,0.4320943659408211,Medium,0
691.8330942383136,306.275669902717,0.2021932310941351,6.314917622027083,Sandy,Plains,1067.715635775436,2,72.25440432889994,0.6521101013310158,10.831604518271819,1230.566824387864,0.3318561752767034,0.3541842837461379,Medium,0
584.5258973798298,178.98140417582172,4.741335559252627,7.694623206441417,Sandy,Semi-Arid,1153.1060394292335,1,47.79039807204765,1.0813075408050576,10.264397248771441,822.2695907332544,0.3232199040477598,0.42997569676799097,Medium,0
409.7204028141251,20.0,7.140544611667534,10.439415632463707,Sandy,Hilly,282.0675488794693,0,34.01100679969272,2.671586216164871,14.615017190379476,216.76287224506768,4.914430751022532,0.7061143065558154,High,1
316.3211661877069,362.09958503307456,7.492280197776631,9.372058630077522,Sandy,Plains,1172.8753483265314,3,36.01653643768498,5.173548182947399,0.0,1475.3017573270943,4.951765095363819,0.2668430366757807,Low,0
127.22768980060425,182.22927966117425,4.538577456220837,9.358051872442626,Clayey,Plateau,775.3256424553306,1,72.07188334785833,1.4652366565695212,19.949512865118734,1021.9555238530179,7.354730606605913,0.48733841780628206,Medium,0
342.127002113637,301.1380542265231,12.317830037337592,3.5524611933496595,Sandy,Plains,437.025958845817,0,74.3242139798983,7.171654517765644,12.237504329807228,1542.1261644962067,0.84759223977793,0.4792213844892498,Medium,0
418.3304641758458,130.0215592492763,2.861610123818744,8.574377726503965,Loamy,Hilly,566.1827169448709,1,58.20767612402959,1.6142900676181333,9.28121689805356,518.2176691199697,4.157103662538119,0.6603657936284052,High,1
301.92307092732244,248.17149514357573,9.805027161937007,4.364503627091485,Sandy,Semi-Arid,457.2870270413218,0,61.88622376963419,0.28751850774571797,3.2366473437116836,1235.8632428639455,5.511998832581606,0.6935135787488859,High,1
430.3114549361543,284.0462865881264,13.74466329075405,3.1557550606659213,Loamy,Semi-Arid,451.3755317098864,1,79.38810924375466,1.607565206891642,6.541682446224281,1184.1281240164806,1.50907187990413,0.7525701651390734,High,1
461.5277824438152,312.23122972531576,7.513388072990435,6.784880961145095,Clayey,Plains,921.1917371274735,4,82.16915388556848,4.3353344138671215,9.734325466548867,1095.1118306689004,4.755719337364453,0.5169081664162978,Medium,0
416.2716027287882,146.22133751771028,1.4828553370945283,4.28711444004523,Laterite,Plains,764.6330239439221,2,66.15599355288673,1.6990337835190084,16.352072603421682,1990.226121352122,7.3909082973674005,0.5179472470001397,Medium,0
352.499612876481,423.62931385136227,0.873697074519914,9.371853156519933,Laterite,Coastal,1016.9242767564856,1,57.73961999498799,3.0301828053574646,15.628400022495402,1280.4568537167136,28.157866732079356,0.613775469630371,Medium,1
475.29820079500917,208.37262583216344,3.177355059706729,9.443606379085972,Loamy,Coastal,1486.5915548738017,1,52.81177775201521,1.7467545138370615,11.093508520677737,334.56340069295834,5.444323489391966,0.39347934037588617,Medium,0
516.2910974354113,79.06366474561057,2.413333771535476,1.2921212907056745,Loamy,Plateau,854.6737002304319,1,54.62209248413836,1.7375121834299845,11.653547543973152,999.6339231251094,11.847929571192017,0.6262076867055274,Medium,1
286.44013838357307,266.91718960438436,8.407021567003559,4.51509238126933,Rocky,Coastal,150.0,2,48.704953116820306,0.7373044544988387,8.994236667365616,393.28217957356503,10.7627882554734,0.6156081991863408,Medium,1
661.6398569619405,284.1250370831752,0.421582825406507,2.6206399842460035,Loamy,Plains,815.3146259582642,1,65.82067528720063,0.4943848790780229,2.9204376815033735,1907.6768508997152,16.907213603580693,0.31368316409049324,Low,0
435.21178015736075,299.2707319806112,1.1922231019219218,5.612112170221328,Laterite,Plateau,1317.688052739255,1,56.423508184902936,0.7194077460165494,4.086540354367854,1323.1396171943504,7.703631024540044,0.20351178624440644,Low,0
452.82744344172716,443.45588844220947,5.574064614708774,8.365527009606474,Sandy,Plains,869.9211846261096,1,48.16453530610249,1.2788948689463067,12.823009810214064,1120.004536255337,1.4379277726960622,0.3538156757142248,Medium,0
556.2321634884836,251.62613959169687,0.3992223138397862,6.273135705464835,Clayey,Plains,1435.2657287920956,1,71.55051271422407,3.648867680497655,11.533424089126473,494.6594298386557,2.123710169185604,0.4382408417485015,Medium,0
484.9824196895253,265.64564507574744,1.5471490055861277,5.230722277998594,Sandy,Plains,1058.5295575982366,1,64.63512976760892,3.8852873834734307,4.918232381160378,1286.4024745079512,9.21391822638806,0.37760441850562776,Medium,0
592.9704950869868,147.61787425202877,1.958575491291862,10.900529580439418,Clayey,Plains,256.6055929609138,2,61.0922497404738,0.3924419478288994,4.218478704378021,1724.4826587593543,4.414108213988701,0.5274958633540909,Medium,0
493.06862478027364,378.46642034654764,3.8977328355280387,0.5,Rocky,Plateau,938.3537876534255,0,56.07181726616212,1.7707187524317174,11.234761520156013,1495.7659255955127,1.7365707546385956,0.40867079647522864,Medium,0
358.1343938039343,302.1170876893724,0.688531254535166,10.710615680554675,Clayey,Semi-Arid,1003.9504529926551,3,63.48572623195201,1.1833838898386406,6.494695922474759,1476.091914333218,6.414385108737566,0.41863794763116896,Medium,0
504.2255287809152,229.5966727247005,7.8817599726094425,5.367135120533543,Clayey,Coastal,1278.1245304457752,0,53.81991776542205,1.8615268046964664,4.04941925744503,1917.108057397832,14.221067330651728,0.5468877136927708,Medium,0
278.44106890190073,51.43903678414435,2.3735131711803663,6.765672969661631,Laterite,Semi-Arid,1536.872800064049,2,91.22937395977311,2.294720454613183,9.709675316143565,1964.2004985364915,2.6561040354166305,0.4731755608255807,Medium,0
466.2839558664785,453.3294634066105,9.956705177313026,5.417909986839675,Clayey,Plateau,1217.7039318980446,1,85.39115263468932,0.7215236888736086,11.381317349447555,1254.0698961300145,5.441680102660877,0.49391545264363657,Medium,0
445.01550140333086,132.67840426527314,2.5234691851477566,11.628664316617355,Loamy,Plains,1054.1679290855259,2,48.19271771593559,5.535866556106984,2.4876625517734805,1494.2651233852266,5.2264779455247865,0.4496326165615646,Medium,0
418.78247140911907,209.04663887563532,1.2865566209708457,3.3070645095842215,Rocky,Coastal,1136.665895052421,0,54.883533925059425,6.028630475197046,6.306788435872834,2056.8211419398945,0.8147442529505537,0.3441876846710057,Low,0
430.7193732841604,323.0013413291204,0.6118067961108431,7.035209109165807,Rocky,Coastal,841.1976177426513,1,47.21585486038323,0.24492897651005988,11.656239049975829,697.8617294489914,0.5674796071092366,0.2579371171031633,Low,0
167.7226431753541,136.41304856599763,0.015008500548182983,8.58231595557999,Rocky,Plains,387.9927571173997,4,35.492096454396716,2.670987809811397,15.87234544848937,1438.9973095230287,13.212463553255029,0.4916007536051862,Medium,0
367.6912638388558,100.7788266096228,3.0384941842932807,2.166991696344498,Sandy,Hilly,914.5236301780011,1,78.48177701906187,0.1,9.461256875580894,688.9511845325687,16.26664946368571,0.4293526623937933,Medium,0
463.9267351711672,25.126290075920224,0.4533767439411692,4.240305488661539,Rocky,Plateau,1027.851614610617,3,56.20286697809689,0.10490208380198714,5.4524069277964555,1013.1455514490548,14.07557334693178,0.5148470228858616,Medium,0
473.97845879961005,366.5196343486763,1.9885309601749739,6.555464399505313,Clayey,Plains,478.71983093082696,0,44.8693087934442,6.96373264838877,3.851097210450594,1869.0443916121885,3.0315945951715912,0.4207182926821298,Medium,0
295.8487288611063,214.57765063284137,3.5592940109716795,4.340004895946876,Clayey,Plateau,1364.3175738249795,1,37.204783421988495,2.6113166051617345,7.990127520745298,778.0856579791123,2.034863585081114,0.3538897727428348,Medium,0
639.8561761297051,631.2724110967996,1.2901205464899967,4.55322468634255,Clayey,Plains,1251.893855418851,2,60.67413588776833,0.8632002536947337,7.808643159364442,1745.222254512951,17.101721931656236,0.34318957670532374,Low,0
320.07377276782483,160.67739212429518,0.7705751965814511,5.9504120107706875,Rocky,Semi-Arid,419.88350464924576,3,62.29969702933061,2.4382423767129064,0.0,896.3544561439512,12.863361665197946,0.40712252853208514,Medium,0
595.4185800790106,169.42587718852945,5.961673634688779,8.94874399493852,Rocky,Semi-Arid,1378.041301076456,2,62.93804757327293,4.113410730297091,0.0,1749.680018320834,10.282705014460374,0.5264758222334583,Medium,0
514.0791542807527,212.15284356575182,11.7341238473766,5.971846669365567,Clayey,Plains,792.0899707765535,5,70.84290537690991,4.5038288009934675,0.0,1931.6682609899522,2.4404605595882836,0.41185018180453065,Medium,0
353.06590352342954,309.1761586166187,0.4233999544405259,10.23527858341884,Sandy,Plateau,627.527952208578,0,68.75576263038731,0.1,8.073449971744017,746.7786742658338,6.108987519374514,0.5437992380480899,Medium,0
716.2966338914268,223.57559934576264,0.6764700180216624,4.006726652021936,Sandy,Plateau,1277.7471924612842,0,42.551554499331075,3.751004763591136,13.261745931289061,1518.9709616433113,8.327861272688637,0.3032223765783376,Low,0
270.95447523652797,353.47986568030143,12.876769225044484,3.2442332185796423,Sandy,Semi-Arid,882.1309555339797,0,44.937719220590225,4.221145847449135,12.5569412895718,1754.7636363456413,5.150314778380251,0.758822613329234,High,1
587.8731260415002,162.5693932013615,0.15406620727125248,12.779036217163402,Sandy,Plateau,1564.7148622929044,0,69.695945176866,1.991609657942327,1.6021777566187785,983.6894000712815,5.527884968664588,0.4463760190242124,Medium,0
600.0873477064467,114.20899378437028,15.20055583645187,5.026125617003466,Sandy,Semi-Arid,601.4891846396372,1,50.586637243513444,1.4382314501535407,3.4158540483183044,1484.3477993933468,8.480458897387612,0.6100492235861391,Medium,1
349.40696863850326,64.2142312709071,0.018621208836169804,3.0672639787835205,Sandy,Plains,293.91986660957093,4,40.40300583575658,0.25884501603081916,1.4902294986159346,602.3032203135476,8.735872928308268,0.466603527701254,Medium,0
658.8697950096494,20.0,8.275388426534777,1.773838174684509,Sandy,Semi-Arid,801.8466015918505,1,41.51624008525547,0.602643511898856,8.444791387422068,2295.736140679517,1.646215814693408,0.7305737447964021,High,1
412.4930228101571,217.83171766299319,1.4687785062110164,10.225310361426818,Clayey,Plains,1176.2278746711654,2,69.2431538809974,1.483451686169464,12.62597785064334,827.5177830033599,2.972418186102666,0.5662165929302629,Medium,1
493.30404439197855,243.88236251281336,11.160655989523852,5.976086456019822,Sandy,Plains,575.4999550625598,0,69.03259467731968,4.4067564817472284,13.6876270581232,1055.739459982052,9.117156071263015,0.6578999486277998,High,1
489.0482758156831,204.227556702018,1.5247212725313695,6.238870794800804,Rocky,Plains,434.4648660200423,3,59.53829819911537,3.5755143536890803,4.601561504381829,1133.4695623707787,1.8183786003982347,0.4765940144062874,Medium,0
429.85368877941784,429.20869566245943,4.248808873625871,6.522394865240082,Laterite,Semi-Arid,980.124590945964,1,46.68683006375517,1.5070864605971281,8.551742275906344,1240.84233282465,14.832698320925951,0.4889617650436864,Medium,0
571.6212409739674,427.36362515297617,0.3336680459408406,10.038828654009343,Loamy,Semi-Arid,387.70947644136925,2,57.244487232241895,3.3880833735108298,4.279096867692764,1423.9595709425948,10.954129470612209,0.3882223952288237,Medium,0
569.0233080828319,239.82364150665978,1.1100283819409649,6.461410498072238,Rocky,Hilly,1007.3424448646948,0,56.08375768108504,3.19284985638858,8.115240645096014,1415.7961494574263,13.548895280602228,0.5159825894892454,Medium,0
187.7202040142729,64.72946641696444,5.943209857587579,14.032161336497879,Laterite,Hilly,780.781932070138,1,52.714707720964704,1.903349602040226,4.8284728942097885,645.0209460091671,2.1169506313678856,0.5257433421242647,Medium,0
645.6510364317229,211.99538703339368,3.0089217198755844,7.401281722162688,Rocky,Plains,1073.0632709233307,2,66.20687333627643,0.5475331275928016,5.201718613850406,575.613556519115,0.6663738428250807,0.34406162263376083,Low,0
200.62620179464886,208.0214327299526,10.522638219429664,10.185354300874963,Sandy,Hilly,415.65991862638936,0,52.23986639756231,0.9409762942331571,1.389042313988626,2049.1627857011417,0.6361019223647997,0.6441345650121945,Medium,1
604.8819306512486,201.14380452663303,2.239723208578236,9.41571957371322,Laterite,Semi-Arid,1354.3571030053663,2,64.48253825374456,0.3942485404601692,0.0,1778.8962018120733,4.870334966393548,0.46087177071666807,Medium,0
619.0057705241375,196.2737315322106,8.155114116989969,6.890658039225887,Loamy,Plains,835.9379302522086,1,62.0060201073153,0.1,6.090618052880823,548.8281759833629,2.188160096812863,0.6219708832299738,Medium,1
286.35503546772026,201.58445251302314,2.3837583895176406,5.23908704193861,Rocky,Plains,1167.2329337666881,2,40.702417586767055,0.1846963648509888,9.693830956354047,1398.0361282072256,1.835252908757496,0.08561533744439204,Low,0
388.3778568068123,233.61500609226883,15.500504326498964,7.995891785699661,Clayey,Plains,1235.9564114497111,0,81.92011005656973,3.1362269713668125,9.020234943471303,1606.2975933370528,1.5092997752959567,0.552211923345864,Medium,1
284.1442997271096,203.7350681421332,12.858975631912228,8.530296193621819,Clayey,Plains,494.8942666719155,2,64.92306677057115,0.1,0.5163027132724807,2231.6915080598646,4.95455549061874,0.6543084913106839,High,1
417.7618454566897,304.99870103507106,1.596759587319086,5.282241855620418,Sandy,Semi-Arid,1208.7901283628266,1,38.888029964614944,1.123276114278473,0.0,962.5753659073264,4.765702866289144,0.6707690220863785,High,1
403.79485737213884,323.2442459085833,8.683549987576336,7.499016597851967,Sandy,Plains,401.22662869948607,2,40.75736399885812,9.356884194256864,7.601188940500606,1710.7923467119608,3.2923351479873997,0.7105620381152906,High,1
566.9490798404009,170.7225895381012,7.525285089903187,10.708614934778788,Rocky,Plateau,420.4517900340375,1,77.00992038457102,3.489008374209416,2.202022787121833,1563.3427706273937,0.8940637222116805,0.3664613186054444,Medium,0
646.5463119179412,432.527839120844,0.9463358682424378,13.209843217209036,Laterite,Plains,1587.3997325959522,0,60.15711592722795,3.0552892431586587,5.748158950505587,855.7947694544296,15.853137153441196,0.6521527465777576,High,1
659.3525716184934,162.3925237791263,3.9157551060442946,9.563107961048264,Sandy,Plateau,1289.1486790788185,1,64.72923231231758,0.706600411967276,2.154903308392707,1027.7469907243753,3.3510260386462676,0.2121164811346154,Low,0
365.67479601325465,85.86392634215954,0.3018362819838493,12.588279059140847,Loamy,Plains,1625.7824614018143,0,62.65476839263887,2.258231775155165,0.22004669997103576,824.3504803237572,0.791885593738129,0.2637360219264487,Low,0
418.61671893832084,325.6933685638062,7.248927723135624,5.111877366380632,Sandy,Semi-Arid,770.4250892872312,0,71.04831857929727,1.519263215607582,13.852277670201858,1380.3125151737736,0.22670305600516366,0.5255811724723588,Medium,0
197.48427116685747,181.91102387027922,0.7672863993925194,9.105646756177881,Rocky,Plains,935.8500324273031,2,71.58192994369728,2.1509382990496593,10.299557061083732,427.3042214000193,0.9934471943077805,0.44774148539806025,Medium,0
329.1194900255717,318.5549764908866,0.2937883990506568,11.015558525743817,Clayey,Semi-Arid,1084.5741613633272,1,47.469219013332555,1.2592251110273682,7.875783390931863,1091.008840959391,2.115467789021252,0.32385715493876777,Low,0
594.7277449646186,20.0,2.044763398736838,4.311000001084013,Loamy,Plateau,895.7315516921369,1,64.03828508198467,1.6655621582974844,12.442970503959536,1021.2613135730145,5.967030418064297,0.3759258553963077,Medium,0
692.3374235322348,447.09471297796813,3.4407961894807313,5.543229663864972,Sandy,Semi-Arid,638.8523927564335,0,41.140350398518976,9.804139119708726,8.087397268957515,178.21275810750285,21.229461847630738,0.8276581089071108,High,1
264.8476692180117,360.67520896484825,7.721796003614401,12.21371428550575,Rocky,Plains,586.3703557419828,2,44.94496627331442,0.8787955057517237,6.107685362846176,1354.249797327268,1.9052831799194219,0.2862568780491962,Low,0
361.13036112706584,99.94281410043979,14.636121691969377,4.074703432639181,Clayey,Coastal,974.8517814901323,1,54.359452730909936,0.5366326738485253,16.28998458963838,1538.7036504612365,9.35829686067247,0.4746009690514182,Medium,0
446.0391364561609,102.54674513844571,2.315650712301624,2.976609902032868,Sandy,Plains,526.5990554181933,1,37.59393903354212,1.3092274005282327,16.615415153835514,475.3596634298606,14.540815405237257,0.4119378880656781,Medium,0
492.024173822941,480.67190849170333,0.2494038670583986,11.583944720918534,Sandy,Semi-Arid,516.7977776716016,3,48.668217133259134,1.6346241849578378,2.9541481959976323,1201.3304767715258,2.981265854684379,0.7628512067788044,High,1
328.5594720117531,191.51441158024497,5.531051680431255,10.590289674941316,Clayey,Coastal,1037.7502039041074,1,31.931219624471275,0.1969411459365009,9.363609078019616,511.98069181531866,1.7523385071910895,0.5462180673508589,Medium,0
513.6091566696134,179.89781815208516,3.331230469608084,8.296360731951308,Clayey,Plains,866.6942269800347,1,57.75950189735801,3.607456412433488,8.718473663873555,1261.0791291582575,4.052632226329603,0.33024192683085024,Low,0
378.9240979393626,20.0,2.37604165210168,6.862867736062517,Sandy,Semi-Arid,1228.0221947035898,1,77.71120694996857,1.2062000338790348,12.314265600163619,1784.5982907413422,13.621410161523706,0.6567884623535638,High,1
447.83215936825815,237.9066153278135,1.4800185856521568,5.684426483185054,Clayey,Coastal,751.2810064710052,2,58.38435916019817,1.1727073506080363,2.7048739272943703,946.1359640823921,0.06625568398876479,0.19503768862736767,Low,0
531.9426372005549,252.67364621970967,2.7918231161909954,7.845846621427153,Laterite,Plains,696.5604175085625,2,58.418532980297485,2.3658871461954134,14.379820698147066,1053.026985752137,4.000567939083769,0.42826277967755877,Medium,0
450.96334047164066,365.85917161233823,1.6540673727514614,11.73942087220465,Sandy,Plains,1048.2436886124149,2,53.68766475903091,3.2645408390197335,3.376180394198755,2256.8568223130796,8.502878870292221,0.4671834505874572,Medium,0
384.5421164210147,112.11058861786293,5.6589707012029145,7.715698378426228,Clayey,Plateau,615.7912939061605,1,69.72183234005999,9.38176927691939,7.325900693687722,827.5224575479047,5.514724833934618,0.6440134251018084,Medium,1
433.5585294111254,97.56558493112686,3.1401174996389365,13.500877801740897,Sandy,Plains,669.6552960551601,3,57.37825093827413,0.41927423039734424,2.3178577675707244,732.2273028461416,4.127040331825995,0.26849512295756967,Low,0
436.7455561191997,334.11551617317724,8.377336321250732,4.3061740430793085,Sandy,Coastal,683.5409633672048,1,44.808076952516956,0.9327313052258424,5.32512515871581,1197.37997862656,4.8394166485553125,0.696610230088363,High,1
394.49834551768083,400.8076085472478,3.137051128597576,6.940957737015192,Sandy,Hilly,826.6042627965564,1,60.0358983199772,0.40531062706160637,2.8258552475272865,2408.2672391866963,5.7933846896436645,0.5860417250219404,Medium,1
411.18059059993465,91.46171786585404,1.088612628271373,5.880823997008253,Rocky,Coastal,1520.3527901535658,0,76.62950428635494,4.680311409717103,3.225087093719848,1326.691864095998,6.875641552827254,0.5993348423219161,Medium,1
689.7970755757076,409.781690355969,7.617703290101394,3.744575370513002,Loamy,Plateau,418.123911264995,0,40.87117143807434,1.749362848111271,11.861282803113571,871.0556863591456,2.6420686319465316,0.31107672057501634,Low,0
534.1379171911858,284.5050209784186,3.258720357212293,6.540748800971033,Rocky,Plains,1353.4276537411106,3,46.70812516096386,4.209746320646729,7.781055403102603,1497.9130378829818,4.371086313913805,0.5874804639574783,Medium,1
405.6779522956259,411.01664068895747,0.9269264844907262,8.25198790498132,Clayey,Plains,1158.2253647014709,1,56.74681009006386,9.272644511944357,17.97075531872896,1572.518123302884,1.9176806811802112,0.21728453079205237,Low,0
554.5431606766103,271.573556617886,3.9074319021318518,8.57269053985609,Rocky,Plateau,1448.4425965794976,1,53.794008340537985,1.7577276034281732,6.908784253814632,1503.3592562085712,24.807270177609738,0.30837559733616343,Low,0
399.9270765365985,20.0,1.7709035859184046,13.511356536833668,Sandy,Semi-Arid,1997.8401169127956,1,63.0397317568312,0.2766178104651234,4.0710039625501295,1591.3479822022366,1.2442713503649698,0.48270743175654524,Medium,0
625.9686956379962,261.76391412207533,7.442010946413653,8.39340240917068,Clayey,Semi-Arid,1401.0085572757494,1,46.204325566802325,0.9861937380588557,5.378674972986046,1668.0004355962883,0.979754614312448,0.4488968640443084,Medium,0
505.4463288297141,407.2172582405524,2.4154183800994207,10.450410411038849,Loamy,Semi-Arid,1223.9834317677514,0,51.64331312374003,0.1,7.228081548694771,1135.7207096183647,1.878592343651489,0.27104310865537345,Low,0
433.90467839936565,172.75047770995428,5.184957069333107,7.1982827388969275,Loamy,Plains,440.6262769312439,1,58.62931376955647,4.163435005299572,9.559661974166794,1135.7204338077954,15.1584420341371,0.7811601248589453,High,1
517.1575388715416,233.44420373110574,0.4016520220087625,12.034166801357786,Loamy,Semi-Arid,484.82220847113507,0,59.04067486369504,0.1,5.998316013261254,1620.5168199687923,6.452704642269023,0.23606309687989485,Low,0
214.3685771897251,258.8639795738826,2.0168855612292895,14.195347856764208,Rocky,Semi-Arid,1026.0665645278275,0,89.2405011664341,1.9732715520745054,1.557511763075948,50.0,3.652036896919423,0.2817262661831406,Low,0
280.9848796635292,20.0,16.355383583913536,8.59325539292785,Loamy,Plains,305.67334822815246,1,67.39946605262392,0.2468369294718395,12.668429786111552,50.0,15.573319277642689,0.7218360957004191,High,1
270.9112490401417,480.5617090524971,6.610640504816576,4.022022953645256,Sandy,Plateau,1115.4037379519268,0,39.51322183396006,0.1,14.09444900135072,901.1849604467227,13.824348614200623,0.5218591310028501,Medium,0
471.441464214556,171.83491841233905,0.6971316650208209,5.353584931668495,Loamy,Coastal,152.777338233646,0,45.815498876393335,0.6510162382598679,5.870882617373538,1028.4252230505178,3.080899973378509,0.23912770778450315,Low,0
709.8772499227638,340.6882518967359,1.301613568796709,7.845802909615486,Laterite,Plains,1303.2816849476155,1,41.66085235006534,1.7657907843959013,15.429689330010447,1547.1386390544208,4.975739372584354,0.695473326503488,High,1
784.6950219288949,269.5958636622149,1.60081076889545,8.369494105751938,Sandy,Semi-Arid,787.4048908232405,3,77.36767475339859,0.17172448965641213,5.476021451437755,959.8802964288907,14.146936851530143,0.5387177558458072,Medium,0
545.7076652161136,430.9142867631232,4.203468515536119,9.095275403153115,Rocky,Plains,944.3089309145662,4,45.169788860058674,2.099285702910405,13.212796462317494,1786.0172562556738,2.3086713095087137,0.31380552404477746,Low,0
525.1266712416685,328.7267346913697,5.658689079951752,8.380593043690123,Clayey,Hilly,638.0696962528311,1,65.04834805281621,2.452379500636382,3.251356903852498,1272.0497598669622,3.1408034744878353,0.46949224174937004,Medium,0
179.84133987708918,251.80908741748306,5.537610347541297,7.020954748767816,Loamy,Coastal,235.51575642209968,2,63.84538190244484,7.692398704993639,19.86713453986602,809.937918595262,9.450641968486018,0.35299412435358823,Medium,0
368.59893003989674,172.7781888976864,2.8523715718294866,5.091404676393614,Sandy,Coastal,1332.1433477179917,0,40.41141134422192,5.055526473032102,0.0,1831.687875258096,7.196675304981865,0.626188975254237,Medium,1
331.83243721376414,375.7420841658567,6.660236716792166,8.203414783792688,Laterite,Plains,1367.49548823415,0,52.97350384446831,1.84037749551964,2.498629073049071,1338.6787715465302,0.2992419752301904,0.4910391862492138,Medium,0
356.8728602623326,55.187043525446,2.298457403885911,12.56496207244197,Clayey,Semi-Arid,776.9792821787057,2,54.826985064554755,3.4689608831231435,18.989663459105373,550.7795639607391,0.7491389083288479,0.4679483630126195,Medium,0
424.77842721228154,357.5068504331071,0.529011425410127,10.059785816283265,Sandy,Plains,1131.6753476569027,1,39.02822612989176,0.9943835831319342,0.0,1582.3883140754076,11.23510584409883,0.44039497407874395,Medium,0
379.1864133454309,148.11462981341526,3.324507791027547,8.604111848908595,Sandy,Semi-Arid,763.1880029263586,0,79.41998682334463,1.9386277160067555,6.763022120705504,1581.8982109200163,0.1811394068306672,0.4069994029983006,Medium,0
153.10502844363185,430.2740394347968,12.171411635144043,10.088700771468254,Loamy,Coastal,1000.9714454931863,0,60.04436008245844,1.136149500434324,5.3579509497608475,561.4924246897499,15.149064630541002,0.7697171468331381,High,1
562.1865384176301,299.3559451195234,6.300023266342704,5.886807913297442,Sandy,Plains,1165.6987196220384,1,77.11760728004998,0.9042952155331462,8.155460563377044,1253.6220977355924,1.90268797519396,0.40075819065555596,Medium,0
289.08854613902906,357.29485214201304,3.4576465894568846,5.475204561750038,Sandy,Plains,1094.2797236008557,2,84.49671907635047,2.8613830755441523,9.27432456705609,1502.385879424897,5.473481251755058,0.4068103579613398,Medium,0
485.8870296166724,289.8386576589663,4.162947345136775,4.756644686902055,Clayey,Semi-Arid,1369.339364693271,0,59.9153070925845,0.7742456796783201,6.806192860061345,367.4677968792769,4.988677364164821,0.5263771702448858,Medium,0
761.112400462496,69.7147485830804,10.669285600946381,6.624140131691687,Clayey,Coastal,1081.6082364968674,0,62.48308751562886,1.0536393031481355,11.703321684775277,1727.754287051359,3.0276077724841772,0.31078846807264676,Low,0
312.0923112620365,176.71250039255938,2.2368630328766423,5.73398230987276,Loamy,Plateau,909.8296159635083,0,48.546497772860775,1.006623063464796,15.059621697412904,855.7822818949925,0.19165002201329032,0.45134219961301564,Medium,0
80.0,360.6867205133659,1.6102421554815742,10.624824221956418,Rocky,Plateau,633.5033612429023,2,74.0030402327087,4.495323667454009,5.094985802089312,767.4184079141262,1.282659805034614,0.389566052866924,Medium,0
407.0993667179834,299.9986980831813,15.131277732368256,5.574029746953434,Loamy,Semi-Arid,732.5231168866277,2,57.42613969636037,0.41099742235449493,0.0,1057.9549461972201,5.726658474605703,0.6582550840019687,High,1
615.1439452497857,421.71878863668064,7.964056587170825,4.591834851325251,Laterite,Plateau,1183.5179888537557,2,52.91953548559137,1.056921685612124,4.6278299070655695,1549.6155725809904,3.547582161857575,0.42599015832621273,Medium,0
743.7521181330891,328.3929475644606,1.5605935487794826,12.827731536491894,Sandy,Coastal,374.3607183800584,1,48.78790500958087,4.813807920026392,9.49931410808685,1698.5707080742563,3.204944697574641,0.39688394970745994,Medium,0
265.5675608321375,163.99577311568083,2.492847473533951,5.645874306755969,Loamy,Plains,1287.0325561944787,3,58.87914198603871,0.1,8.810263311454321,2032.5549166537876,0.6168686092238713,0.3643856537875775,Medium,0
524.5048834854782,184.47230347352394,2.1451079781155076,7.460585371751053,Laterite,Plains,801.5996958949133,1,65.45824414944,6.49870549637454,12.410096162669095,753.3650820402058,2.558239841700363,0.5945548012019749,Medium,1
380.203431482992,292.3500868627885,0.6458223504033491,8.353968474230236,Loamy,Semi-Arid,613.4879334572386,0,60.44374896390859,5.041628471536998,17.316408025157713,1383.4402387358818,4.4847402465209845,0.40416056981345755,Medium,0
434.1077468543796,20.0,12.663172292319583,3.5899206432375546,Loamy,Semi-Arid,515.4465381264865,1,63.549783379295604,1.1902526866136447,9.058276149282797,1540.968422735949,0.48526110997520233,0.664411291530586,High,1
846.6515020525552,480.8130262747582,2.072155851282676,10.706451308509207,Sandy,Plains,1136.0287249769356,0,55.41203979449786,2.328707383328779,5.967043920630493,1442.3765729769498,0.41414421297649073,0.4062734198351469,Medium,0
224.55445074072702,333.00960836530686,8.328310697318472,8.911357121233683,Clayey,Semi-Arid,894.8755261688386,2,64.05788490922485,10.379523007683215,4.365272180413163,710.2186684966862,4.058370304515145,0.5320019398268321,Medium,0
488.060949224186,427.2441516458647,0.8397062653815353,11.675152035642345,Clayey,Hilly,1456.067828130437,2,63.68944495762332,1.7810429932710663,7.0670619512702695,1328.3212952634972,4.942982753024287,0.5302714112978371,Medium,0
520.153975764815,90.32752710289972,3.1751492912542423,4.962334188345699,Loamy,Plateau,457.92352231592764,2,72.57801006637476,0.22422518968952657,12.256352820416375,1360.7476643668283,1.7875380305282282,0.42724960527765227,Medium,0
612.8679487409021,429.3478192426307,0.09701251571936387,7.2973773774284805,Laterite,Semi-Arid,697.642731928348,0,67.67514158877005,4.227724300292016,4.981244196005608,885.9236882997111,2.365071371529581,0.32905098330676974,Low,0
464.69747302063433,547.7798693233299,5.779432656850008,7.118067264982586,Sandy,Hilly,867.7225946554054,0,59.85547799789793,0.31690001264563183,10.982426882619164,1441.686487436782,9.563467204821496,0.5047663708073878,Medium,0
496.20758092561533,121.49459735472189,3.4787155469009963,7.791665483050066,Sandy,Plains,636.8501396105231,6,62.97705652575519,0.6543348263032056,2.5772882218367617,1304.3126419065572,12.206167744377115,0.2987250576837272,Low,0
391.2527148867313,372.568215388452,3.9296108513465735,2.6361557542685166,Sandy,Hilly,902.1415324496311,1,44.184027430168754,4.548795561722427,7.906917850334693,523.6753152894202,2.3602886433956694,0.5538742363323501,Medium,1
490.3690411867661,280.1331933624752,0.21242556950990202,7.332509136076667,Loamy,Plains,1011.8252682454316,1,73.33444628424586,0.650657717912898,0.2541321626095385,1516.6990221387746,2.6376805674552535,0.2524072986319676,Low,0
398.52115867538845,94.66793821021068,0.9481501602494904,2.7206082657287647,Sandy,Coastal,1069.569483695409,0,55.0053806512454,3.0070233018478,5.161858219671388,1257.2154830708898,10.643277686741145,0.5065161266804477,Medium,0
543.2357834784076,339.14607662222437,0.30895368697775655,8.075002213590764,Clayey,Hilly,1427.1584958095614,1,56.50348179078012,1.3059557405477882,15.38983211174129,254.49278795669625,21.859881502639674,0.5853094022996246,Medium,1
394.5584495934549,380.0323845804818,1.3638493768359439,0.6140526264444404,Rocky,Semi-Arid,443.78464992644683,0,52.259123274136314,3.1373558535311883,9.302721470800433,1050.0637221424658,2.3192112453136335,0.49506983624321027,Medium,0
506.56505908532796,207.86481367973838,3.9494180672002006,1.4452394971282398,Rocky,Hilly,1018.2161119773588,4,47.359740048313895,0.5817334675733288,7.333336322675053,1261.8291336324323,9.327612680565618,0.31416435533644665,Low,0
445.61057794725326,419.90998243062677,3.340557488090853,9.455646149319996,Sandy,Plateau,673.5700131441417,1,48.189451967414605,1.1967523941444993,9.352004830110765,840.4087766498808,3.920010264085505,0.46357810790910353,Medium,0
618.9075376158253,79.98839118529628,3.7885446084329923,5.359484634415652,Loamy,Semi-Arid,1050.5046830082547,2,45.06887925939746,0.842516875144638,10.572043412590956,1356.218081334421,1.83693435181664,0.342936022047748,Low,0
442.2909414617271,100.62926242604271,3.187380949943703,4.036425779103277,Clayey,Coastal,1050.9662652235666,1,55.1267651171122,0.63009820145309,9.621778276895283,1056.1681544362534,6.870171850263278,0.4079010408108208,Medium,0
184.0451297689678,296.39168747065025,1.2754736445628727,10.812536863226644,Laterite,Plateau,554.5782158686841,1,68.0002723008544,0.8305098430449334,9.142259932106196,1712.7025173690836,3.72552148630815,0.3049013650170011,Low,0
639.2882251070987,283.0462333566726,1.1215416840164902,7.982878651985245,Clayey,Plateau,584.5966800780693,1,57.72785580574033,0.8581594628005489,3.0133182986297085,1335.552663691884,1.873180209184801,0.38600290621100997,Medium,0
314.14015487060715,194.01118138910738,0.5896389940072571,9.61627058660135,Sandy,Coastal,1079.0750722143512,1,65.96116568841188,6.840971737537706,0.6055147924759083,2151.9132219016547,0.6805553471566758,0.5343644714888842,Medium,0
351.935049202677,377.1513323166263,7.563779690310792,6.501273783037509,Sandy,Plains,908.1915787604456,1,63.77441296128588,1.6762225932630839,11.633531384870981,479.0540049471372,12.102380737292,0.46109877603608534,Medium,0
360.6508058934762,343.7073177059139,3.8334473429650284,15.038886081700008,Laterite,Plains,823.1323557439385,0,52.61834833482107,1.3639862012740593,1.456604442477217,1359.9219311925567,12.655338413847755,0.3842073154270881,Medium,0
656.1657139756226,382.9766885120819,0.8256915584186668,5.186458418320615,Loamy,Semi-Arid,1130.2953904212407,3,72.85810191300206,1.53957417707731,9.826515373750786,1208.3557378656337,0.4675211841979721,0.6101084075131612,Medium,1
129.64886790319565,265.2236277577279,0.7802140845931373,12.233486648079666,Sandy,Semi-Arid,1156.1014665517462,1,69.99093043581695,12.220456642032676,13.038853818355935,1410.2957497300265,6.533077463567892,0.45622452520108553,Medium,0
920.662280048999,352.30963215740087,8.255394235199807,6.815901879700261,Loamy,Semi-Arid,714.629460554404,0,67.85477192508546,2.33228523087124,2.8464607755557934,1854.296731701666,1.0645588441362248,0.6031866977531684,Medium,1
608.4085213599078,226.52196363640064,5.430530077325119,2.0364688152617623,Rocky,Plains,601.7814018251249,1,62.99015023608314,2.674458616443305,4.718343612149296,483.62281156303914,6.236177736821253,0.5638025026945254,Medium,1
483.48583711937397,526.4582428103915,4.308175237454762,8.448546237244326,Rocky,Hilly,458.3283581068253,2,53.92280429227642,0.8279183753664388,7.23213809914128,1503.9661303273422,14.290886370853404,0.49249364152709113,Medium,0
441.765899907557,182.4945075853617,2.0893269810340787,7.9442876843654915,Sandy,Semi-Arid,911.7089420705198,0,53.89594191915062,1.4031244238930778,3.564497561698942,1368.4832495773178,1.808371540795584,0.5216415711137995,Medium,0
492.83311122864853,532.6356915349975,1.215113376784387,3.8460345572823105,Loamy,Plains,401.8939029980023,2,57.64145431078111,0.44752633512193596,3.485043843241529,745.1400777719487,2.565613105556916,0.391582314568491,Medium,0
528.1683642569008,284.186553650729,15.53972589269349,4.233342168595856,Sandy,Hilly,934.7999603801619,2,74.53508134109914,2.54272538901727,5.333743938403569,1794.3740701249467,9.512276688505901,0.4814263613127934,Medium,0
546.7823378925085,114.93869325175089,6.382920677673831,6.925907070745024,Rocky,Plains,1325.8928769985537,1,71.4126862866334,0.9291669740310871,4.145746802428463,1230.330634617029,7.976621924376525,0.5639027043147096,Medium,1
533.3406699005172,444.16952205863214,1.4368797080005016,8.049243445743944,Rocky,Plains,776.2890803998005,1,40.68846590880137,3.0348365415951375,10.431398425982916,828.603011932136,3.152136939489986,0.34102552273575265,Low,0
463.4371021882873,295.1081666073951,7.524062667428079,0.5,Sandy,Plains,712.3285018109427,1,61.11589860726037,0.5274104439535499,8.391205833407708,1414.3235742315157,11.324922356209193,0.6170447028019124,Medium,1
420.3992369539011,382.13489180562857,5.690704057828807,10.159364357571409,Clayey,Hilly,1599.2456707695007,2,30.0,1.1366984509609364,0.7669229351655691,1677.9158259515327,15.198444171617098,0.48157637007529924,Medium,0
427.30900745197323,426.8627102251112,1.4100518957303343,5.516506078555068,Sandy,Hilly,1428.3956367156761,2,52.7039198673338,1.4016538284964575,16.64057015832284,1358.7806389283369,3.615931230465578,0.4969713218400851,Medium,0
420.7637579470979,320.55466649740305,2.224358029998432,3.0047575468054712,Rocky,Plains,632.390745305605,2,49.87425535880833,0.4007343905278814,6.508006783087788,986.3590801537707,0.24150546199360234,0.38330630967748164,Medium,0
620.0655145300597,208.93109862246223,0.8229508888828129,9.823199654355793,Laterite,Plains,948.6546133706413,3,64.6727934716802,0.15868843335564942,7.653899042694572,802.9021078945492,4.273245831288313,0.35657823763910784,Medium,0
539.0335083421293,397.08560532031004,0.4708681510386623,6.929146061744631,Rocky,Semi-Arid,1015.0373848218289,1,44.943070619081205,0.8389909922249071,5.383230375417016,793.1474201160622,8.075118502130978,0.5299723364662254,Medium,0
80.0,280.0906608945515,5.131516217510824,10.648497330346762,Rocky,Semi-Arid,971.2811479541624,3,39.65988672973765,1.7318858500399,7.94484190517911,1597.434378389009,1.4910431042270256,0.26984147219539617,Low,0
548.3851164794642,362.3029382330103,1.24523250294298,8.313856788939267,Rocky,Plateau,1535.1357066994756,0,52.013707613427826,2.3265125543480605,3.4671806962029663,1671.6039738117768,0.6283664327972442,0.4937400294699252,Medium,0
479.2104292078162,21.552331145024652,6.860513168770066,6.995456491155862,Clayey,Plateau,930.5304623467971,1,57.90605353324429,1.2184859518313118,1.2325321592497485,1074.2250218782299,2.0146378928186843,0.5720314487875964,Medium,1
447.1936865331154,333.6378060411822,21.71253036109037,6.541810165059531,Loamy,Hilly,983.032206470856,1,37.13340958943205,1.5261456341234105,6.338806257188951,2367.462289206406,0.06992723853424546,0.6311600961884501,Medium,1
391.72223203666715,203.36970098259638,0.3188569068790612,8.448138281668413,Sandy,Plains,1141.0318033012456,0,71.65370957531802,1.7236873296384099,15.172292117545465,1080.8553232745994,7.541535971237209,0.49987088999340346,Medium,0
618.616907997902,478.39715646142366,2.5624855346990647,5.759406223572009,Loamy,Coastal,1316.4719006166836,3,55.58412284559884,1.5779657213576945,10.815756326546708,1162.545840997681,0.9474248516245163,0.37541855724483436,Medium,0
592.1289693184287,354.7704817466914,6.479217017309674,4.442282233760501,Loamy,Plateau,1227.914718006437,2,58.30345793709629,0.20827794832120494,14.09118464778369,1002.1996728128902,7.716501372310815,0.326488584869031,Low,0
334.06834982645864,308.7829295019156,6.222657819066406,8.829727367963931,Loamy,Semi-Arid,1088.3296752090737,3,71.23145455529095,1.1422303400042686,5.124560523271972,1141.360010822217,1.6037325616848386,0.4547905764865595,Medium,0
511.05784306868026,338.3571992020266,5.70841806169044,6.5665364756667115,Sandy,Hilly,354.45506811213215,2,49.205813858669984,0.5028595897683885,3.9175584587572887,1180.701007358702,29.016645772546777,0.6234014033285513,Medium,1
304.2514898188071,160.18709765479383,1.7169514277186166,7.100702944207018,Sandy,Plains,729.1517965795509,2,75.77550658144001,1.6786070983534491,5.424033427690115,1490.2651093549705,4.553099164861558,0.6066923823632198,Medium,1
243.05727528166042,474.7908028633665,2.419470307463235,10.268139508463822,Clayey,Plains,1186.7974225218447,1,58.066548935090616,3.1220919280071366,10.568773308477844,1102.7499510438745,0.253305657638085,0.40306937975219537,Medium,0
355.9924163115052,518.9644502100285,3.6151603396261116,6.658370176792777,Loamy,Plains,987.639544047757,1,67.50370626599745,1.9058120800109992,13.100899976675318,1503.237880311528,8.88834974746652,0.44800781052173344,Medium,0
579.3590208574138,327.149621265786,14.589504403937054,7.045101776625372,Clayey,Plateau,1189.1450218380332,2,63.32756132339879,0.5517595563168907,6.61766174996428,401.54039849649894,3.1667142697795003,0.7318103423572992,High,1
592.968756806413,470.8484282288366,1.5872938453401997,5.201051465647204,Sandy,Plains,1560.5081215849368,0,66.24399554786143,0.5123513376117487,0.9775651609380951,887.9797438438263,5.608581173428725,0.5046850025426535,Medium,0
526.962813014594,211.70221615929594,10.26328110768386,8.292219801945553,Sandy,Coastal,488.06287822923645,0,58.912255615192315,0.1,12.870596881024053,1039.8352330933617,18.121775775799595,0.47943818208481276,Medium,0
558.7643680271996,184.3463720530023,1.2553207945400071,8.049483738040264,Loamy,Plains,1298.2685611816044,1,52.38251489193793,1.222737253479403,13.549381759667074,1072.5230928397707,4.369783891255585,0.37958631980171736,Medium,0
527.4267430672437,284.91096984747077,18.066610449221344,9.702325395371673,Loamy,Plateau,784.3727881272291,0,81.2651560038746,1.2477339616903438,10.557019554357913,283.28963601991336,9.789376174442264,0.7846945047683177,High,1
353.77776071655717,332.19292460414783,4.437847979702879,5.262613488979372,Sandy,Hilly,1227.3724367461564,2,57.758374522107175,0.5934693283480776,15.143865820759219,1647.4915613448572,2.1640359790045447,0.7597255006383986,High,1
514.7883817010911,232.72159825082554,2.490840463033305,5.6265490912294425,Sandy,Plains,885.5727398211588,2,44.82801022396182,3.1790424075784167,0.0,465.5591462603089,7.521521759595952,0.4819184956438552,Medium,0
570.0614287841523,344.532182844218,3.8013598129506128,9.376412197436409,Rocky,Plains,1644.4515886125484,0,75.6257496828643,1.0748173274042871,3.382794541935266,884.1624104615914,0.6276514863305217,0.1416724256082186,Low,0
563.1436994720361,316.76673784880967,1.272736499583372,7.75663901008859,Clayey,Coastal,945.5304276916083,2,54.27074391468073,2.4350707095161885,8.10332109103922,1185.9761996381217,13.42916383794994,0.2506229127835218,Low,0
628.3370057211964,160.20318696507343,1.2817790639676236,4.2813456214219165,Loamy,Plateau,675.8200214754069,1,37.32141628928615,2.248062594595246,2.7113909205279487,2221.0415706353588,1.3369671620910741,0.264850805172041,Low,0
556.2455770801596,342.2551620942065,0.48214273015588394,10.919662203203501,Loamy,Plains,1046.9561179771188,2,48.10924955952621,2.0420678463719755,12.58696830883585,1173.5128677293303,2.1566113691976785,0.2571915532815633,Low,0
502.71723113123744,383.62338910258256,0.48438039763074614,1.9046482947992471,Clayey,Coastal,1013.3799732513945,4,34.50307974340407,5.250709411927252,2.1193496844237654,1424.2004815501657,19.05085933412468,0.580761806019849,Medium,1
610.5225357474641,300.5763181108469,1.7088295189849052,9.352854259791256,Sandy,Coastal,1298.3339829386568,2,48.661016132834426,0.1,14.722835922860316,457.97398707222715,1.0120287330511735,0.703893936044726,High,1
446.021811112641,418.3177723914031,5.756342103170373,3.20436389200541,Loamy,Plains,1056.818479511724,5,79.09729971398241,0.1550174960217735,3.7551890648023747,782.486639286895,1.7614746307822555,0.499212009540224,Medium,0
317.71880231584237,133.91154478036577,3.745679559403959,12.657365549456582,Laterite,Hilly,1766.272623709256,0,63.50747507757169,2.817408505628876,14.998840193359458,852.1214093277061,5.207565355917875,0.6039472408202134,Medium,1
425.5399554084354,336.15405065582223,0.4329455227899363,2.3662008192831303,Laterite,Plateau,861.0085526092047,2,57.943015787842356,0.959688780165002,3.8787380560674336,933.1785567333192,23.684035848579114,0.5532550211299638,Medium,1
338.26460327903266,139.566315232387,7.648569701351431,10.456751955618245,Loamy,Plains,865.1330175768342,1,51.07081430675088,9.4747969444439,0.0,1708.437500094276,7.054634683322298,0.5364331786316606,Medium,0
348.72325875384274,146.3102370120295,3.6788626308710826,6.7550969199662685,Rocky,Semi-Arid,688.639882481431,2,56.34314985211788,0.5365202239041412,8.705868130767353,925.6882510425331,0.7275172980380475,0.3322495707250021,Low,0
428.3221993926723,204.2882999514652,12.961989253207047,5.900192290483768,Loamy,Semi-Arid,929.983918423962,2,71.37692436899285,0.4457842712855215,11.405419635919218,1504.2428386365634,8.272747137877902,0.6880993701884403,High,1
331.1370118500058,166.9527779710906,4.436899219894551,7.556189969403284,Loamy,Plateau,980.8706923790339,2,36.067574960114186,1.9519950644390227,2.8107365719289668,814.6861285815137,3.3330079613376373,0.34563604081876226,Low,0
403.805770554144,214.24050175106345,0.7703354844734902,8.895701017473439,Clayey,Semi-Arid,998.4236854845572,1,93.27313604913265,0.7209535555584133,15.925368967048598,1060.2284461370623,29.22180350731564,0.7127470990318168,High,1
165.95779995693215,254.30196271465735,2.568169169218311,4.2867984930073915,Sandy,Plains,923.5156864228998,1,47.408128561956055,0.9157778743077777,14.842976942262561,50.0,5.944745195288137,0.5340194528796793,Medium,0
481.9940561059408,380.4585383597661,4.182154931584724,4.552636824494283,Laterite,Semi-Arid,686.5625741454454,0,55.0060074545607,5.584953819373722,7.1162103216566885,1164.5474816674591,4.555156477499283,0.5225684331365019,Medium,0
450.1808213043336,241.4609153553157,0.11468735116924407,8.948814595338657,Rocky,Plains,591.4172051711757,2,56.0824893715869,0.1,9.592356556297691,1193.098126552557,4.888705411597,0.26534965192559556,Low,0
327.4367053397714,89.72491518764889,0.06009015831484945,1.8779711390512004,Sandy,Hilly,768.6891963075552,0,55.767398227629315,1.6669527549902339,8.077819172070907,1102.978025953553,6.155994293047954,0.43414730561187964,Medium,0
548.8868502648608,416.80814157941927,0.5543043858271762,5.247312720423744,Sandy,Hilly,1299.5381810822896,1,49.93855213219976,0.8971974301409976,11.278263733949379,2182.7021150755027,7.896788866194576,0.37436873048316094,Medium,0
590.6355206439838,179.54918396619524,1.1596151414258928,16.12206086247832,Clayey,Plains,1374.8798899220178,2,68.49770219063461,0.9341984485143882,12.256610390209609,1167.3890649094508,0.48935507057515515,0.19437949409784647,Low,0
208.8660203446539,272.95354874744453,2.2453128778836655,4.095961106232157,Rocky,Hilly,873.0624122458478,2,71.69066201134623,0.6264824393884503,0.0,50.0,0.8401915595917955,0.2596319491570359,Low,0
335.59128321506785,333.58438083288536,2.673353703811722,10.443408375279258,Sandy,Plateau,570.4459617364014,2,69.4635070105387,0.31867544936407316,16.38482138852183,590.2375916829134,2.1441458517193652,0.49886946554935,Medium,0
334.62864753190524,303.95325020833394,0.5941281510466232,5.242147693858564,Loamy,Coastal,871.5892363891231,0,59.06915364830246,0.1,13.935466277188791,1178.454296792633,3.900001166944046,0.0968530761685751,Low,0
309.01453483367027,411.3015457025771,4.4759732611975265,8.527135434391433,Loamy,Plains,1632.0829023445278,1,50.92798433766437,9.675139621358824,2.769347299810887,1160.218313698204,2.235670991770959,0.7262719727186606,High,1
574.4212262897622,337.4803772071311,3.626728785195798,8.963067071788652,Loamy,Semi-Arid,1249.638742360817,0,55.77331067203718,2.37575092856941,15.260464109503406,793.5388907503504,1.4435553905350833,0.4119874681936836,Medium,0
420.92607918407947,176.64285043634703,1.395190485779554,10.386870205548842,Sandy,Plains,1092.7599420363917,3,56.962423161831865,3.30331009636623,17.554760504793798,689.3701080760126,15.543980134176103,0.6088825230792069,Medium,1
410.3227738034084,541.4274608789995,0.05501615221454562,6.399238519561673,Loamy,Plains,1236.9397209683993,2,46.234859444970866,0.14786465944974725,0.0,1892.8405016230136,0.19886262554261974,0.07166460334942211,Low,0
149.42064533898696,303.32001560058796,0.3233130310798742,12.966653916264558,Sandy,Plains,1439.1983139694594,2,60.13788641725978,0.1,11.436765244854534,1694.8862887586452,16.751673564746426,0.34991814254701387,Low,0
545.3127045313839,262.31917280541927,1.9883140360815512,5.231990306244459,Rocky,Coastal,496.49682945850816,1,79.59433313760726,2.017427963620947,12.594476575735374,1762.5883503576517,14.266588308199424,0.6139824968338496,Medium,1
264.1112407719791,395.6710507666685,0.6688224082577157,7.70266124079868,Rocky,Plains,762.786045956007,1,55.96280888195025,2.8308361206828065,9.824486210335653,885.8885665312492,6.907935833656682,0.4502258164430022,Medium,0
458.98989453994926,309.93411351160864,1.8916769814532692,7.735830796652823,Loamy,Hilly,714.9474285071145,0,63.99903730215356,1.1050727551981216,13.851779706324892,1550.0990186903816,0.19845358988155076,0.3596081863269017,Medium,0
491.60654069372873,327.90738315271926,3.9574096702636896,3.634095640151754,Rocky,Semi-Arid,1105.490038974844,2,50.1169691084651,1.0793704400575501,8.997505082754955,50.0,1.5321068642635154,0.6952311218510739,High,1
654.0987893757977,579.0620798320824,3.1695496570143473,6.142383235062638,Sandy,Plateau,956.038811723859,4,68.62901784388723,1.0676315370750113,10.473604936089272,992.2355902968684,23.20821576833705,0.35111997815411644,Medium,0
253.67694013213318,246.9854286093944,1.0515722093190618,7.484540497715222,Rocky,Plains,1164.7089517412928,5,50.1066591197017,0.3646860157684959,0.0,924.2945640505276,14.183595630499934,0.4979485365731659,Medium,0
80.0,241.8686927179125,1.6852957361930225,5.70363687061174,Rocky,Coastal,722.589427546472,1,53.04143875398078,3.0845588935807697,4.715922542491505,1074.3454621093672,20.041510259743426,0.4277456501885312,Medium,0
477.57743171305424,293.98942144149567,3.8079949511213056,14.322771896369606,Laterite,Plateau,1380.1832177377046,0,64.20904819612346,0.5330976425486421,14.32689025342943,1257.6840620188614,30.0,0.4654026012132966,Medium,0
720.076677226628,408.5819122697246,7.888955702576127,4.484128979201408,Laterite,Plains,875.7332021477444,1,46.11128544822699,0.8627731858990033,4.519472007085466,1114.399129683657,0.3961174884840206,0.2275430301992209,Low,0
635.8419529409156,99.2159163771521,5.596925761495242,10.538273404421282,Sandy,Plains,1143.090943185364,0,63.19016526037615,2.4474720949804394,7.71735778159806,636.2230000073171,5.075867901508423,0.286825858511094,Low,0
481.4489122911939,44.13329302281937,3.2243679986394347,9.56937943944636,Sandy,Plateau,1318.392274623029,5,70.61337219386917,0.1,2.3538116852957307,827.8078726515057,10.77958090606071,0.4538843245454209,Medium,0
376.2545721551929,209.5461675255823,1.799505384531201,6.958413596487186,Sandy,Plateau,1290.293510423239,2,59.955046033737524,3.1977744773934655,4.679616427411024,1459.1146331434882,2.3114074852840147,0.41563905716083427,Medium,0
571.0683894955965,83.92924491288554,1.816844141537623,4.404372838443259,Loamy,Hilly,1026.2899429406289,3,68.42451797823165,5.045861268986299,9.691857898721432,1377.2880294643394,3.431513556320292,0.30713494411993747,Low,0
303.9680700443297,229.0202382969234,8.461678158087064,4.69523403882469,Sandy,Semi-Arid,1186.7714172338908,2,42.50023694419387,0.11659394024361111,7.306295428082869,1996.4002595701932,2.0022609766756134,0.49888625513349777,Medium,0
521.4536654034329,340.29996353551485,0.16013745263542925,5.44609810235047,Sandy,Plateau,1509.5812323903003,0,63.37838473652839,1.9702462700997982,0.0,1356.1955417281797,0.23289489819853412,0.37225554214991535,Medium,0
525.820523874994,173.11013637372838,17.685613503058402,1.6427761541612114,Clayey,Hilly,1079.7604318911435,0,52.525999868749985,1.155053309601295,4.220472875934413,1944.0006182466145,0.45295517813095826,0.5518946642487592,Medium,1
609.031486124832,108.7808107862389,4.367048151433961,3.989603722602128,Sandy,Plateau,644.623759278447,0,62.62379129602001,0.17976810603474797,14.966902125266023,476.18356756743174,0.13004990448381276,0.34558906717493026,Low,0
863.9490058366616,288.32045940584175,4.571983711691184,2.5525704539090723,Sandy,Semi-Arid,1104.0677558373598,1,76.98106138876447,2.5221471777948867,13.348485141125085,1495.3516192355976,4.495060976651324,0.5945604388314409,Medium,1
508.86239507681506,383.50521815382046,0.15495432077995575,11.03762500953315,Rocky,Hilly,886.9515736931434,2,30.0,2.0846572321600774,8.159972553482735,1578.7727444160641,5.7806569911056025,0.5374019283119587,Medium,0
373.6554561438752,76.60318737800648,3.7208413961286637,8.855387177164655,Sandy,Semi-Arid,150.0,1,50.55143308321236,2.2639506673916863,9.680275379957251,1442.4371731102754,2.2064299296959815,0.5588985099963943,Medium,1
446.16385317120086,378.4278877967181,2.6526300794821944,9.357922296596382,Clayey,Coastal,1061.6993082960823,2,30.509474069278568,3.694458213289345,4.7676357993817025,599.6754950940749,10.497324036478277,0.5526927138987905,Medium,1
184.63861426663226,378.07674444859913,0.4472089066375202,8.766495854625843,Laterite,Plains,940.8277275054625,1,43.22761024091005,0.7439524979223382,14.928143710104019,1358.7243055375418,13.136253737026799,0.551055274449457,Medium,1
345.79303033664127,394.4902122587954,1.3024885103915302,7.50090287000249,Sandy,Plains,1304.7462200241034,3,52.29673664186505,2.486690195978377,6.686666727915306,1019.4697681653535,0.9031815853284451,0.38068811957043797,Medium,0
388.6076342830344,426.2176257846024,8.84055079962975,11.382040996387412,Rocky,Plateau,637.4672198790928,0,68.31928535360251,2.9918154738200573,1.8424226401956973,1489.2300871617451,0.31992659549695435,0.3828063802238621,Medium,0
371.3867403098111,544.2416709591539,3.193927816116,5.167712032804788,Laterite,Plateau,373.0016181672423,0,67.6938212790658,0.4067862545303756,0.0,1156.5570884006063,2.3085121932179065,0.18788466498077658,Low,0
472.8532308050583,237.26895416571338,2.1337615167451904,7.320008966101135,Loamy,Plains,959.0383007936783,0,67.34669299400926,6.925845537447389,0.0,915.5244393940714,7.489377739274417,0.3704335445353326,Medium,0
326.6370101426699,293.148589609343,0.3018355929039673,9.241176483472369,Rocky,Hilly,1033.0620856619062,0,64.722167135704,0.91407079325009,4.036374204416464,2340.813519998186,4.248637769400933,0.30240118403375843,Low,0
618.1546000986707,230.02738801023693,5.008753917815488,3.036372304431613,Loamy,Coastal,932.8415308849491,0,41.90724497797355,2.751636362359524,16.235103110154242,828.3371600169216,4.017638672800453,0.34867313672140815,Low,0
450.03105973772955,280.2372213706973,4.854083952604148,16.289766688427648,Sandy,Plains,907.2480392898913,1,67.62460958495124,3.085512233247378,21.36754883332013,1339.7012194817423,0.992152324638798,0.5349566516186125,Medium,0
448.60495182920783,463.9448026763574,3.8081235493222834,7.085697288332758,Loamy,Plateau,525.9455660277857,2,49.86662445133075,1.542731721325304,13.34332008934792,1475.9218310540136,2.598135164643308,0.37375936576023044,Medium,0
400.8157925230623,118.59826192831974,2.8555441771153056,7.4259683517267785,Laterite,Coastal,851.3790020587769,1,63.37490173679835,0.3031353432076117,0.0,1053.3392856181367,19.149206924911162,0.5781762478411596,Medium,1
473.27860257884686,176.67403934013095,2.2751214339225037,10.770634095024764,Clayey,Plains,778.0579596734547,2,46.983583497040826,0.7094965503517802,2.4247521298579073,1769.5866858941865,2.4981897283310195,0.2546945329963182,Low,0
573.7647397001452,445.26171238054735,3.598433566417513,9.744865999030672,Rocky,Plateau,1275.448059268604,0,55.834407242222326,0.5871702172492149,2.4516143697511046,1631.6105051479276,5.370587553684741,0.19223522713214938,Low,0
319.930467643365,402.4043808282508,1.0631367720368028,7.1142340581893775,Sandy,Plains,1032.763877410715,2,57.18763863428218,1.6085183143977229,6.569159616169284,356.64040206686104,0.3607227252290082,0.5182142268476989,Medium,0
351.2825266387115,236.42420238195064,11.338473686942818,7.3903883142941265,Clayey,Plains,802.7010073891818,0,62.146098938103314,0.6662067611867579,3.794470582460667,1509.464141492893,0.3959046432517609,0.6179804787804023,Medium,1
404.4410956835003,382.5282401344864,3.5546490416275924,2.487554407156063,Clayey,Plains,1503.359706747968,1,47.927911844149506,1.7409845385512268,11.114432532422914,2086.442658763131,3.3125320482537672,0.3076205682586962,Low,0
248.11936147901775,320.94590109904397,1.491173426562828,5.330602666450071,Clayey,Plains,805.8823133247467,1,65.93889013850549,0.7479291492534501,6.572642114743084,818.9859049363786,5.559749018442702,0.3793366366136998,Medium,0
327.11132104177534,460.03295308011855,2.389020323216675,8.55163064847688,Sandy,Semi-Arid,1095.225353360157,1,42.24248557783039,0.1,12.373950461984693,511.303405715483,2.794549935830333,0.5431682627021576,Medium,0
378.56686896830115,288.9411512592127,6.553094555495871,8.33167851712866,Clayey,Plains,841.5775332437512,2,78.40632624707784,0.9930552289156364,10.976453810531858,1048.9213222761998,1.1834922327139012,0.5418461909209168,Medium,0
581.1583771069091,403.0758536647099,0.7051164880170305,10.663497250012261,Clayey,Hilly,1470.9033802598015,0,48.98056443677769,2.0538457075035583,14.553604848768888,1183.9249001499666,7.989867023564132,0.23070428859309436,Low,0
489.3841993502887,597.0414292591145,1.38596856021322,6.6384968253300265,Sandy,Plateau,930.4009215347638,1,34.509541779803065,3.2689348609347966,4.350518629603129,1215.7288534623854,0.9052430457178517,0.5445495224356359,Medium,0
479.0384867051317,351.7718986056959,4.551592139496188,2.838140459707401,Sandy,Plains,940.7449797617357,0,57.13482588411707,0.1,12.767160099031742,1723.6055817464116,6.616024482822718,0.30613821245514933,Low,0
577.6346943251958,285.9193798953812,1.516203463631461,10.170191292327033,Sandy,Plains,851.0453744295503,1,53.057542831864986,0.6574215089367379,4.231623164775359,852.9999883706413,18.842396744077075,0.32542090398391077,Low,0
429.3942317400905,366.6936382265175,6.290528178802781,11.308268038546048,Loamy,Plateau,968.7791741004252,3,46.983610564373905,9.308194776018405,7.725452293881138,1465.4995252434667,3.815350356539324,0.39774405270088947,Medium,0
508.56972748933345,236.16629701553381,0.5591338114418899,9.694733718568688,Clayey,Plains,1319.838243526768,2,74.14868503040766,0.6678349361675302,3.8256991943233256,1585.3309188028693,1.3421147794071313,0.3319844559185619,Low,0
434.5167370601256,566.5561246629679,5.753487353987671,6.509098987427526,Loamy,Plateau,1196.0453456396408,3,67.05863610678402,3.3032345560602914,9.771157183486983,1251.220298157342,11.070270313793927,0.4571784754135781,Medium,0
489.8043524099443,301.60852452351776,0.2831996478802518,10.133158155629737,Rocky,Coastal,909.8266633906599,1,63.54476813560996,1.5665592238225736,14.625042075204725,887.9814741213614,4.22495995919433,0.44720159015043676,Medium,0
362.58620135826266,247.24800157293845,0.05069028633875148,17.28673143402464,Laterite,Plateau,1495.463787259829,0,46.535276492105,0.28667510189903106,13.851819950848263,621.6378689771255,15.401024014487747,0.6877660760280134,High,1
84.17742625853566,179.71731939759565,9.139904925370757,7.345456943321427,Loamy,Hilly,1205.5449744698992,3,51.64002319624786,2.268510057636132,9.797516955770925,432.0132912558322,7.6503659747777295,0.3896463032995687,Medium,0
429.85812567205437,411.6664229927726,3.4827770956123665,3.0647899232646263,Rocky,Hilly,746.6366082809277,1,50.66744530444752,7.461234902088051,7.297395866603882,465.04734749604313,3.3791338465431364,0.5778168986304572,Medium,1
663.412220414991,384.0624895393287,1.7343899367141555,5.2411448513435435,Sandy,Plateau,416.8780761931217,3,36.077378823111744,4.793482362142277,7.91056803014732,395.2083866793412,5.764344829717897,0.2756044732131828,Low,0
588.9323103362389,220.3174754303088,1.0589604504555625,8.876428000912153,Sandy,Plains,754.7451693712004,4,61.25694256341657,2.578681390342948,15.637945979768304,1962.312038698654,1.11772027083398,0.26697054445435187,Low,0
594.8096226886756,349.17416141469073,3.8376884729194076,2.1855870673058115,Laterite,Coastal,1044.6720724925885,1,62.13403484531512,1.5790362389949093,3.792010173980877,1109.4020381878845,2.9385976869313537,0.3492725116053352,Low,0
635.4196082709327,98.97328381445723,2.8452623932766854,7.508209224736208,Rocky,Plateau,1109.0201297209994,2,59.46572059509941,0.846300592198367,10.330753586991756,2221.328881395885,5.406510657956236,0.1259579789964543,Low,0
463.2986386442156,302.19646900877876,19.11703516132809,8.141009950947648,Rocky,Hilly,1375.6981891557066,2,60.72991321302521,0.9714290374698038,13.62352687432977,1384.2369824351986,5.350201189666385,0.6785630248606016,High,1
479.5973561108393,334.33076224920336,16.34931372860522,11.605365219437957,Sandy,Plains,516.9089087083499,0,44.40643164501072,0.9349210091429615,7.954846801031483,431.7788021917262,5.308975747726578,0.8235460144224501,High,1
357.35221568484747,484.8795771471067,4.031700928649022,10.930584568162901,Loamy,Plateau,746.2956331186164,0,47.266516383703355,5.614615689131147,12.633539478442,1100.9473273966912,8.164603642177791,0.5745808040847142,Medium,1
402.5890715959425,187.50174367255727,2.3398303261025197,9.593754375255314,Sandy,Plateau,487.82506554392046,0,54.202928877000794,0.5222471223639196,19.08629452576544,1512.9734559678045,0.669971197797816,0.25051180789402117,Low,0
542.3656724656712,126.59768454372107,2.7023370156139817,0.5119629684564115,Rocky,Semi-Arid,431.42027594719406,2,74.61287801964423,1.0446989616310633,7.537869245439363,1355.4895680928444,0.4590647855913218,0.6987466497061958,High,1
630.5826655753224,172.548644688995,4.588846118842548,9.763159384143776,Rocky,Plateau,680.2634389163385,0,71.95065889362711,1.2442520999505131,6.726496629415106,981.7144511005392,0.9611584302806531,0.4222257721301709,Medium,0
429.08305864785007,119.6117799622096,0.4284461656154678,9.11654015818074,Rocky,Plateau,1028.3142855029073,2,64.20388947537708,1.1566978611989187,9.105146621406774,1644.2617390732717,9.432688325944195,0.5602915145508696,Medium,1
382.4716102722883,440.398882931078,1.5920839804555191,7.767833131235039,Rocky,Hilly,1169.9880522116107,1,82.17850296096228,0.1,10.451498665232291,673.5104357734554,0.40231404826001305,0.3924399901381872,Medium,0
450.0791938284896,465.8367154028844,0.31302359754897513,1.8093336215635434,Clayey,Plains,568.0760626824139,0,64.11719661640949,0.6952996643399643,14.665413629391828,1285.7255763494818,1.5311768336839906,0.39615187852296074,Medium,0
540.1810123393673,318.42598935385945,0.30476383201817747,4.669678272438819,Loamy,Plains,616.7534282144661,3,65.63145840184562,1.5186344270898287,14.29013368380593,1594.3871171899293,1.7644226524080442,0.320659397667192,Low,0
233.42177757996873,426.55539348221777,0.8718243275893692,3.4995316913978014,Loamy,Semi-Arid,277.06188863679813,1,75.75738359543682,3.144182691767253,9.647110931678174,1012.1340846374248,6.252001724678162,0.7310476099841676,High,1
105.57285702941431,296.07500566962824,2.6563210230479255,0.9549746814787277,Loamy,Plateau,975.0232728969485,2,66.34799756060701,1.8540445618008397,0.0,1446.463897614298,3.0812711725263666,0.5247234551757431,Medium,0
367.4194725762625,268.5866022759081,6.1442725294460026,6.991254545755616,Sandy,Hilly,643.7513843102415,0,77.78327535524464,1.0689990378241527,0.7524319856224375,1134.7951656350083,1.3313152308119103,0.4935583121686789,Medium,0
266.89313611287616,240.0354857135486,2.6582069506710364,4.606533635671661,Loamy,Plateau,1482.0609823741465,2,58.34217040240054,2.4068998000511583,12.848496800223618,1297.9020881432314,3.581989088053213,0.3278878963053336,Low,0
373.77897035290334,242.75308103469214,1.6347408115771829,14.875916740806735,Sandy,Plains,1043.433079877358,0,50.3160669099543,2.4118481204596227,4.852338953438972,1406.8594377835168,6.939699256217857,0.5511560570221613,Medium,1
427.8329521773793,94.26381324291626,0.3437699334913375,6.493684181686271,Sandy,Semi-Arid,839.9939897901287,1,56.855318983770786,0.6268213690825357,13.215691064035623,1050.6831249616039,9.252130059243857,0.26814896038342056,Low,0
382.012738646548,311.7105716328807,3.196658520545389,10.88125946759788,Laterite,Plains,675.6106503594417,1,60.85266881104427,0.24103822574328865,12.123841550642322,1892.833658730961,0.7935350948493894,0.16774086272688107,Low,0
667.8701301706118,275.1599307743148,1.265800185003263,2.2927029259203264,Loamy,Hilly,376.8654229320198,1,47.142768949170005,3.576063697409039,7.074389236537884,1327.0330510583904,7.525612174777857,0.2818898178468674,Low,0
499.011714690348,369.4432868893451,3.817363971433932,5.409731241985391,Clayey,Semi-Arid,421.2448780690992,0,49.45162428926638,1.6600312712405212,3.8751605396039217,1475.2058552228018,0.027197498506007077,0.5190259040989571,Medium,0
495.07115394162423,291.22281957263317,15.121828520845341,7.290693628102944,Loamy,Coastal,682.2506658997528,1,52.92525784792508,0.42728795773214506,7.152918776978749,1766.4529565686933,7.731166867307739,0.7339946561228305,High,1
543.3310716065102,260.475555811709,0.4720466938170272,4.275538154176989,Laterite,Hilly,655.3839912914933,1,44.8197978491881,0.6685970590454469,9.013045381295479,1494.2380876995169,6.490599442700168,0.27154225636635143,Low,0
279.1750323328846,175.4568363990843,0.9536653488863139,5.733397945585767,Clayey,Semi-Arid,550.289855003902,2,50.94273822395581,3.1993497402143456,1.0847660597851245,723.7418313786293,3.7941932543708283,0.6461101345096654,Medium,1
605.8667681130403,288.65838841861137,2.562936542863252,6.346147281269384,Clayey,Plains,1031.9831546048206,1,66.81891928360828,2.3302747101364294,12.642956307499237,1560.4646362813603,0.8831625698412859,0.35366269008494483,Medium,0
438.635357019681,368.58846769793945,13.845549848227574,6.298276043665316,Loamy,Plateau,1079.9929573452007,0,67.5283405115874,6.387601276682254,11.50781893859788,1326.3203141930005,8.677514829368507,0.63993951545778,Medium,1
550.5720925861818,142.79932106993672,5.910302733077526,12.565355719106039,Sandy,Coastal,739.4786609443952,2,41.16896772201794,1.3758585432079566,8.93546143849654,848.36767720373,0.44674508058611684,0.44914493349874923,Medium,0
289.22141504397666,290.4968504416887,9.140127943057706,8.134678856294531,Sandy,Plateau,1577.303293892861,4,61.70838045148242,0.11791485873628502,8.953682150381386,1770.220219398913,13.55535008497657,0.49665330160302235,Medium,0
216.93618509759034,307.96515418353806,1.6241501785295294,8.43853168882391,Loamy,Coastal,288.6447217193678,2,57.168467348453355,2.651843384878331,15.110576450521563,685.202589946505,8.909012214384942,0.6966609373326169,High,1
572.6834487037543,193.83222596580828,19.332538244589774,8.618964323035211,Rocky,Plains,920.3573646402922,2,70.61286914132847,0.647352806735405,4.3384055436660525,923.7594047599229,8.104717677090168,0.5695993951297895,Medium,1
506.4614289146275,209.45724341103997,0.43405221236312086,8.837879132011338,Sandy,Coastal,823.4969285692262,0,54.76937474719882,0.8609635506452659,6.218089527825818,989.8127181077657,8.42416578625653,0.37030966332423026,Medium,0
314.6922668463734,307.6733018519457,0.2177103036221508,6.751339048375404,Rocky,Plateau,707.2546913114602,1,43.12557381394557,0.4817177657730658,8.312311413349882,562.1496288955052,0.41978802752708655,0.43402780909581457,Medium,0
319.55053780879587,143.98947780488524,7.740744982335342,6.037760885563461,Rocky,Plains,655.8180038954292,1,52.160636213410356,0.8129483367164912,5.100719566483523,1190.9266590345908,27.60054928268835,0.6565189088922363,High,1
618.8152176622154,321.9908458299271,10.483723181175856,7.500448178554833,Laterite,Plains,897.5640409806747,3,43.632242325183554,3.891592047824233,7.3619296585618565,868.2155799136834,11.736959024898551,0.37411744297488286,Medium,0
271.5882160699008,172.557475160896,0.37981654598391434,10.470411846740419,Loamy,Plains,821.065260437395,3,30.939874622971562,1.891352239884157,0.12245657115857078,1313.1950184393081,4.2548476084615645,0.40000548449190926,Medium,0
696.4009429883945,407.542443163986,0.48156916758286306,10.378714565309151,Clayey,Hilly,762.8432155106042,3,57.36024339088979,0.25428351909826624,6.096419433332621,2063.277567277544,7.624957315137519,0.48046019395091444,Medium,0
314.9068898028197,560.539329446596,0.1349476033631809,6.278804572934766,Laterite,Coastal,445.4481277537189,3,64.23041922238217,1.9433667386725038,7.397599022039279,1180.364667827259,8.06532390698869,0.6895955130122783,High,1
545.7587888412575,176.70918379578166,0.4415260107168085,9.303531084004334,Laterite,Coastal,333.6608637663254,2,60.24457834658458,2.2086452059060595,4.256656882577875,1440.9865467808563,10.624167635053299,0.42951714162965643,Medium,0
400.7072286376523,344.1049434849609,0.9399527758156437,6.416246010880997,Clayey,Coastal,799.0192336815521,1,42.58067220368966,4.754840651998534,14.47098303850369,1190.3142461462746,1.7692398726758134,0.6228343033785604,Medium,1
540.4781146623515,192.7909714141577,14.036460511661932,7.101611648305733,Laterite,Plains,759.2663634262144,2,41.76939488432683,4.319883726689013,10.185710292255145,1042.1973829161877,2.7917944355882494,0.6068234335906901,Medium,1
368.3828996828711,404.91450085573473,4.4087975252729,5.579429855337407,Rocky,Coastal,831.0370989031103,1,60.61605642619714,0.14286519543481013,7.452571612588351,1565.2595798964867,9.64719395849654,0.4174271912122756,Medium,0
425.58106408915586,128.1689909097742,6.030288444064906,6.4550645832813,Sandy,Hilly,861.982370738672,3,78.37900379620757,4.433305273429461,5.010978953525824,730.5755485127586,8.791606861114541,0.4437570460057739,Medium,0
456.13787630935815,337.67041101132554,5.986927035073187,11.02399020864904,Sandy,Plateau,717.1241803410137,5,73.53892517202591,0.11489506000079666,0.30161431636491187,1698.4414700394636,4.436595978254242,0.5058098919193555,Medium,0
299.6718816327791,175.24132397327767,3.0635059505963476,7.277263442017709,Clayey,Semi-Arid,825.6574016636281,2,54.47632323308221,0.36823626212746424,4.587900082068401,813.0734379050954,3.0271266815699693,0.3140904961990731,Low,0
561.1236518130189,255.16184930819574,6.387843851480121,7.405847525656954,Clayey,Plains,601.2650921637769,2,60.53859400482578,0.26020920184076984,8.331703488205013,1874.1402150329213,20.735677483519492,0.3889230643847607,Medium,0
373.0179650292622,156.27696698232316,3.6234564379619423,2.6583466622261245,Clayey,Plains,1433.3810332071491,1,68.95837297763107,0.44115035661131796,7.64185877983149,1016.3025499152648,3.217079985823946,0.4904649800402642,Medium,0
415.7100126989972,378.6820565074904,1.5106961157083214,6.072268277101811,Loamy,Hilly,620.090948147511,1,56.2734524309346,3.5769411817715366,4.250053111651485,787.5704795691088,8.663177793462406,0.6621502116584506,High,1
300.84759380872316,179.56235746724957,3.294026858427852,6.276055288765814,Sandy,Hilly,770.1567516871307,0,41.87369078299206,2.5492333764395703,16.35755525187696,1250.9032507942188,3.1927283128840953,0.3028910409319941,Low,0
80.0,346.2357111198193,3.050062657188645,4.512569543669785,Sandy,Plains,646.6739238101418,0,30.0,2.5551505916347907,13.480752898619109,413.61271015470504,2.2249575939278223,0.39118582974805377,Medium,0
421.34583560997464,238.70823660852005,6.936673814439603,7.064996235110691,Clayey,Semi-Arid,640.796460928284,1,60.18154527750252,5.615904644099529,5.810487915207313,663.0278542399193,6.1465430819280815,0.596822167476244,Medium,1
811.8923132419374,266.26331538413643,16.009370459446348,5.712453129317037,Sandy,Plains,908.6245483232814,0,55.61500008050574,1.0941379121031762,10.923710569148263,1437.0398004743095,9.889567527759256,0.580278726357433,Medium,1
567.6906431847036,297.73070888801544,2.117605460840354,7.239987565730747,Clayey,Semi-Arid,864.2180265409457,3,37.52901171696874,0.1,14.482412001897124,1788.5856910485136,23.900310992536554,0.3017023381680925,Low,0
447.1109430398408,188.58103940093815,5.7653797209936695,7.364509029456803,Clayey,Plains,739.1888633686765,1,40.87574110215411,2.246218184302157,9.738500347187058,906.1540972809516,0.9673827371692152,0.3493919524032822,Low,0
410.5663756187598,305.2440536249064,0.4203888859050533,4.132736926532067,Clayey,Semi-Arid,800.7834029559909,4,54.84909767583356,4.456137507289834,7.170108616427583,1837.5669713110474,12.530383740181204,0.5270906801765816,Medium,0
453.36988392180695,463.6401477225293,5.999310409901554,5.803894652550432,Rocky,Plateau,648.0652571523553,4,51.44272364389792,8.22932329032502,0.0,993.5022123988572,4.455813890920183,0.3834105899668811,Medium,0
532.0678672762815,186.62862570007428,1.8571482368058165,7.232122848282501,Clayey,Plateau,1040.603973204156,1,75.18644976517028,0.995253747045404,7.663962723054101,1291.071045313192,0.6840029155356344,0.4414787563186115,Medium,0
272.8780777036733,420.6172171928614,0.16074779685722507,10.552898293470175,Loamy,Hilly,1619.3174599067497,1,75.02664911077282,3.7990195884451463,4.213920022489633,1295.3223219085198,9.490312550520557,0.2602990723682204,Low,0
617.1482542003308,459.7717160185341,1.8054886546710085,7.770157518387221,Laterite,Plateau,593.8055529683736,0,47.801404431274996,4.162366169246751,5.029304532459362,1965.3731932166556,2.4167120191476057,0.4724524565030025,Medium,0
557.3071973161866,182.06140131663471,3.773031914885517,5.014194460247717,Loamy,Plateau,1037.8871283071117,3,76.0541148331552,0.3431923666526299,6.3987989896325566,1642.1684388568622,12.161085766683946,0.15098319206726865,Low,0
557.7278588561902,105.39344738913377,0.5079266085826777,8.197014277731556,Clayey,Plateau,915.7321349572485,0,77.40387282646381,2.1962834228536376,6.896978657283041,1098.3544966127545,1.0304399199375747,0.5047895205275431,Medium,0
515.7713608214591,316.23530802061174,10.309903557929532,12.122646667965281,Sandy,Hilly,1134.0204153464065,2,61.51526964460215,0.41826401048842393,6.116194889040967,2417.6654028809216,7.449875327518371,0.7224057958135484,High,1
452.9424986540985,214.31109726797524,0.32341927356708516,9.750119417767056,Loamy,Semi-Arid,1143.877536173625,1,46.82898962264529,1.3018057842437611,1.3290150454014835,1171.6667414875137,2.1468786361706567,0.23267914843124632,Low,0
550.929185395023,504.2323862995603,10.637424156630015,8.64257959130686,Laterite,Hilly,971.8944440265312,1,59.42940610697298,4.651180850606933,0.0,1207.6615906765198,1.785172233172049,0.47895372027637995,Medium,0
538.7721200612067,284.17690485997986,4.912208498528271,9.176770526446965,Sandy,Semi-Arid,886.0627983597151,0,32.497216044705155,3.4278494828199957,12.117708079877284,1366.2301212562302,0.30940312766346084,0.3430609946613501,Low,0
396.8938933588464,183.73607103577848,1.6001922796400363,11.319862124285892,Sandy,Plains,747.9424301230438,1,50.94621319900323,1.8584715974438828,16.494479930608804,989.6385739262826,3.945622519560873,0.4697336524106862,Medium,0
363.9597340654649,142.34085867859463,1.9821086287743679,10.226880382052979,Sandy,Coastal,632.2638764119777,4,61.19732699979462,3.6387126804448715,8.521640428346481,1892.0614884469055,2.980574064451926,0.4883936087035107,Medium,0
465.278444289298,410.78859509089966,5.400765778107416,8.700281143352974,Loamy,Coastal,866.1040186668754,2,62.6260765236493,0.36487210216385413,2.523978829373016,1152.1993853105387,0.3820516481228789,0.2752549236679764,Low,0
682.3530227242782,211.45792310989762,3.6799010545410713,10.205926658770254,Rocky,Plains,450.39390900381187,1,52.663001856916765,0.47698825260029126,12.949860056430175,1523.73465599163,1.5420811840148865,0.32102056246785204,Low,0
264.13393865191483,285.25945593525137,4.454614434605455,3.755046711207817,Sandy,Plateau,692.150403458886,0,58.84174174123421,0.5154300629843691,18.35521783360006,50.0,4.008056943004735,0.6299012212033284,Medium,1
229.871210137134,394.6963294134977,1.9717111102933929,2.493204242979157,Loamy,Plateau,1287.398768565399,3,45.77106915216153,3.2915734370658094,14.067524512845667,1265.7257939184976,9.910046822041895,0.4546412022944009,Medium,0
474.71412618547754,221.88899776830038,2.676265707747223,7.4712959519314905,Clayey,Plains,934.4792773778919,4,74.89192931726669,4.875400144356393,14.727761626986737,1031.8804470443906,15.908421609272182,0.5140924066965584,Medium,0
457.6331552784027,274.48854055118073,18.36802249650244,7.206042128951615,Rocky,Hilly,1212.4325466274424,0,75.37469089708092,1.8203847227409582,2.1609491405931776,1235.700394342581,4.345749092206219,0.7591128182931243,High,1
476.00124965556125,278.0117908212976,0.9628014489282397,5.368269839460227,Rocky,Plains,1414.3753603304485,2,66.52582632216823,6.972702632023053,5.180738812512562,621.0375238844949,3.0981125795048188,0.6142528309940024,Medium,1
486.59297968627504,361.998941381931,2.1641510383190714,9.477558009483129,Rocky,Semi-Arid,838.039690429814,2,54.787622958564256,2.8645417603845194,14.035027933735869,1108.6195402907547,18.57390257471193,0.5194776704075414,Medium,0
416.5196618047792,350.8893202612391,1.3802459256080395,1.4114092406462921,Rocky,Hilly,972.5640419677745,1,48.116956790750734,1.824653922709193,1.962327690524007,1291.813310539434,19.758751198641892,0.4672070528693724,Medium,0
673.4795157903123,253.58635224942057,5.79457755985866,5.395683231826588,Rocky,Hilly,794.3539370465355,0,68.14969782938401,2.0805293358935897,5.231834697496335,1021.660526623431,1.26738133098161,0.4005110015170485,Medium,0
209.86440322852266,287.63788737958214,5.7759078958847585,5.545133365367155,Clayey,Semi-Arid,615.5879838335378,1,60.21493722460719,4.166842135315251,8.945270854004017,1498.5145184305322,4.548742688261916,0.5397224751162835,Medium,0
325.7254462829631,235.3865186171814,1.383762262025253,2.091094644701622,Loamy,Plateau,566.4611092336584,0,45.97703574579736,0.20792041330319067,10.69031407303179,1232.128058977446,10.319203548870954,0.3030669120188411,Low,0
434.5117859776429,102.68651116966663,0.3395758628230033,11.484193021807911,Clayey,Plains,1195.102630408772,1,70.70137663193971,0.4046764840991733,6.624763647148033,1518.4238243930236,10.364566962749581,0.22182489974893788,Low,0
203.5216783268749,310.9121028877755,0.04599412854981672,2.922396194010031,Rocky,Semi-Arid,973.0195481699768,5,52.62995101422916,0.6812260760740538,8.051511959200916,1688.3287200812288,6.930688547997185,0.4736350497200334,Medium,0
423.62183933518935,507.06301129996814,2.2306245698792173,5.234979828076942,Clayey,Plains,1546.3110752283685,1,47.635117951339474,4.953657498273764,8.826050279725862,1728.2673161339117,3.825921968544084,0.5105818405160896,Medium,0
699.2205248592027,173.95370311707245,2.112820398548615,9.723939273415402,Loamy,Hilly,1240.218204523362,4,69.35987850939347,6.378728551497014,6.864967699254598,1008.9288827039718,3.101630552716925,0.41969702108197937,Medium,0
453.1329732443943,187.23643484767564,17.82351212102982,8.938136030286195,Sandy,Plains,644.0754536622712,1,48.5368827041827,0.968707112483636,5.4881867609244726,1001.4753292951633,9.852143790538678,0.693900987781792,High,1
484.6051358578025,175.51266740275105,2.538019600273033,3.67547591054576,Sandy,Plains,1194.11976307937,0,59.508595802024715,5.665319211095099,7.390673421557271,2002.2376885281649,1.5349548919742642,0.362619669120626,Medium,0
260.97528522411295,366.9510134467747,1.18510690804408,9.04746762778191,Clayey,Coastal,793.2235613142107,1,73.39746059055055,1.7413599053902566,5.293533819903735,741.0331642492135,3.3562087431880165,0.6206816056319198,Medium,1
357.54578879407836,333.8182545035728,8.874058315576622,7.8693534359746655,Clayey,Semi-Arid,1325.9008981951506,2,72.19364501644549,1.4103634689433275,12.464640878289647,989.9463982700418,5.020230743701018,0.4063769725229246,Medium,0
393.72054295140947,260.9754769100252,2.701763070862004,13.999106686334402,Sandy,Semi-Arid,729.783142964943,1,62.099603624690616,3.9343773573304475,9.528031766599272,1119.4309027588567,10.695035617283075,0.7263643736355505,High,1
402.3427354865649,169.8377126033242,3.6569277626654926,8.211821248204913,Loamy,Semi-Arid,531.6509139150646,2,43.92837703984442,1.737652134938734,7.633736867814727,771.5309615607282,2.808993128768651,0.5297995695144881,Medium,0
642.2465692505652,291.0852149967909,0.4022380598348749,6.576274536794404,Clayey,Hilly,621.4857230285066,3,52.031153323843576,1.3332440547008952,6.8067002033027535,1256.400275708734,4.773149742538067,0.4322908628610945,Medium,0
533.6536591087687,92.2453447197035,1.931003127223901,4.430494128641731,Laterite,Plateau,639.3672841547802,1,86.99374696133523,0.1,13.215478406770554,1807.5517400423878,1.9640604206672867,0.47113186549953245,Medium,0
283.2813064594452,297.2111880228992,11.545623093392843,4.767269899133286,Sandy,Coastal,605.9118823834676,1,69.37274772597178,0.1,6.16112216280745,243.69220481214973,10.880816928620636,0.7716160939352557,High,1
486.9757167648007,384.5829263305521,3.5615698652622516,4.522692713595525,Loamy,Semi-Arid,699.5871035382127,1,55.226782167824176,2.1730800096107865,11.625442375931476,941.8354710896165,9.237826844786676,0.41695424366042133,Medium,0
524.7332622745178,129.85610360395864,1.6894392236022369,11.113296441735766,Sandy,Plains,1199.8421546138331,1,42.88640313935851,0.16775347199417082,13.925529452735042,1259.703821679008,10.292066655906432,0.5553217299948979,Medium,1
621.02235577819,96.09780678044035,3.9304399437071886,7.0539097450494115,Clayey,Plateau,1528.6154728931645,1,35.2001699282183,2.9378652970703523,10.46181544916902,1982.3163789283058,0.3551651856708691,0.3536402826796696,Medium,0
687.081102985256,469.5325470033831,9.650094937095993,8.69574137192419,Clayey,Plains,434.4336695562737,2,72.5819435263915,2.1422826340612153,0.0,453.1286361771131,4.003685307453922,0.5972616730058552,Medium,1
297.73587122581966,206.58884325944982,1.280769268934804,11.542742799942662,Rocky,Plains,1342.2295649916023,2,72.82065483452892,1.3463788467225568,5.8812260407928125,1634.4979610385647,0.8760036281570058,0.16577758450627128,Low,0
328.3713733184493,416.3137415132586,2.813733356430736,0.5,Loamy,Hilly,732.80369940895,0,57.542028470448585,2.7218344832957313,3.7277362797287568,1118.3518021473824,6.7207399578653675,0.33764420904924103,Low,0
261.36332116280755,261.5202801762602,12.74666602832154,10.836621294101125,Sandy,Plains,1021.7588859207818,2,53.06806714217407,10.938596881822672,2.0209730630951697,1281.20879327576,2.238489330425575,0.8135715699625128,High,1
414.8970211339528,260.5654219670407,0.7568826920729574,7.1661907353500025,Clayey,Hilly,321.0488892993459,1,71.61096471564355,0.6222396345781832,13.457185438390155,1813.8542597430578,8.938639435005737,0.6205494671070846,Medium,1
519.9537561669501,332.6095239395974,5.087064519319598,8.305145114921332,Sandy,Semi-Arid,1083.4122560706996,1,40.25412097932131,1.7914847517795964,9.892537008724299,1134.1550440286278,0.40432364060030757,0.712701353848492,High,1
598.1001774883653,173.9201371904271,3.81265928732135,4.514790334755246,Loamy,Plateau,198.14066111437808,1,81.97902127864194,4.071302619320945,0.0,1183.6805607846004,4.320157911299087,0.5616123854792829,Medium,1
438.6073464536216,295.8996572194775,4.553678331941077,4.734626804654445,Sandy,Plateau,1009.8772753085578,1,66.85372270524364,0.1,7.9439348958855085,1267.4950033477196,0.7920421256978537,0.3539419106019893,Medium,0
402.0228715117734,234.22127022110885,1.730644134098317,8.466537669438964,Loamy,Plains,990.0396164602678,0,42.96444516064272,0.5005849338876832,4.683288526693921,1300.6741143522695,4.8973028731944925,0.318983884936124,Low,0
472.76369883731104,121.54078679139621,1.5068073052467532,14.153793400994408,Loamy,Semi-Arid,966.8526720034135,0,67.4317118575162,1.6191304194501854,12.633663610240884,655.6514142118164,5.609042440704896,0.6100764434869385,Medium,1
324.72856475549656,320.4978489671679,4.610707200554254,10.009939938444704,Loamy,Plains,642.7814472784747,1,49.798810109551916,1.767724992457662,4.695982849920021,1280.9609229902214,3.720981158594263,0.5479740321887734,Medium,0
763.430808254216,248.40306317465007,0.9710555349416208,10.796568764255621,Sandy,Plains,1092.3343360503754,3,41.97063675313226,0.1986366701441217,9.584434405816763,1417.050355187496,1.968080261576157,0.5727572441859653,Medium,1
208.8508459322912,261.15702058663504,2.176528340234435,6.423996189215741,Clayey,Hilly,1036.878528295851,0,67.39050754630301,1.1512280318510357,9.528789862093861,393.19612543493326,0.19717167628744253,0.47370873123143753,Medium,0
477.71108683435864,134.78068679030108,0.8338801731989081,5.199387326243116,Sandy,Plains,826.5165257256081,1,44.74489085764902,1.6137458804030658,3.895488107190494,1632.1932071492215,6.5102825498559085,0.4161130806046676,Medium,0
753.540932884446,470.9680441315365,0.0333580737716901,4.6575851452630195,Loamy,Semi-Arid,1135.1476075113178,3,41.963580386100034,1.2097159732116076,2.9636499315762332,1657.5820932284919,12.261754923722407,0.5771470821203433,Medium,1
451.0199766839997,385.2057023663339,14.033886915186667,5.535178825909936,Loamy,Semi-Arid,866.5385487020732,3,63.81638352728956,2.6531170631007925,18.135980312065378,1326.4933208380007,7.937614041683437,0.4282852074555808,Medium,0
421.49414474977584,395.6987061006374,2.2604442881515796,0.8416527004884244,Clayey,Plains,1085.0720056180667,2,56.7568853394565,3.2463718598564117,9.95923702335917,527.7305246715955,13.410568736178032,0.44376158892082707,Medium,0
396.3831865784359,243.34663570699817,13.94044014630186,4.825241971325195,Loamy,Plains,855.9422354120684,1,70.13823236769825,1.356675621240204,8.251800114252198,875.5911472065641,15.912932287617775,0.5734905346042238,Medium,1
422.94124773563885,72.49805325958957,0.604796585146981,5.318940531820471,Sandy,Coastal,975.8456968883393,2,54.39749969566747,1.2199731492515642,14.049640214212125,50.0,3.58207639171244,0.45697719744094656,Medium,0
655.9272712014795,514.3500858987413,3.5407846658258215,6.473925476815477,Clayey,Hilly,1101.1530293763417,0,53.31923413761176,2.6884296240326244,16.78711870920114,1021.1561176223686,7.183798040976894,0.6483316458980517,Medium,1
118.22071330057395,272.66829903929585,0.8974473364338769,7.395250329241875,Rocky,Hilly,760.7305992336878,1,33.55973737213382,1.7827935090361535,15.5054613261313,743.2611052096275,3.0387983261055282,0.47539912833009124,Medium,0
680.0150551944488,190.14402447759355,6.244003184472527,8.087352605876832,Laterite,Plains,468.1571948110316,1,64.02786507876237,4.495935209514965,1.126256678375432,1166.0228157887962,15.120172767443922,0.548766480659455,Medium,0
236.40642713247823,330.01618893797365,6.124411055135016,6.9552238826711195,Loamy,Plateau,996.6276519418541,0,57.78626256957566,1.443492682342872,8.163081692149431,1700.743654641014,4.966559861887609,0.23833689882667222,Low,0
410.0021506148378,420.0544945603957,0.47786998493231314,5.255670740971729,Loamy,Semi-Arid,1316.2869825145253,2,72.2592751179468,1.8789868912459409,6.614436218658165,948.8367652319838,8.376856395123543,0.3093475368803188,Low,0
385.61333695520074,277.23393326974406,9.72460460761471,1.109924070203438,Laterite,Plains,1004.7028405351061,2,67.11899557982028,0.3033572954828993,17.476450214237754,1405.5573441333077,0.0877479033376946,0.5967945664462383,Medium,1
538.282990465608,433.42902015272495,0.8658121671009641,5.27407417479462,Rocky,Hilly,1011.3498101437305,0,61.985122861075276,3.977318473217485,11.561542608838113,1156.2087142835983,5.141755456464864,0.4433077500813985,Medium,0
210.28134721743785,409.95999262202423,3.7970881552062847,4.082648086938985,Laterite,Coastal,885.2383627261759,0,49.23111903722428,1.207111303672177,1.5248573905254812,748.0438733210145,8.128567194018817,0.6526252500016887,High,1
519.3258999122914,150.834257511753,16.971458121762883,8.398200244835811,Rocky,Plains,1158.6915284706204,0,53.01590395360588,2.7931769277767247,0.0,1904.58559924342,1.7824052771640793,0.477801405278091,Medium,0
753.6464434930278,199.14518732086282,8.561747110717263,9.727862190081082,Loamy,Semi-Arid,834.9226043517219,2,64.59116418667642,1.2346661181624088,16.108172286620185,1613.7296802970363,0.08686965312902369,0.5176818398277622,Medium,0
245.52389931107842,394.9044595935721,12.545860175748329,9.815713201179818,Loamy,Plains,741.1354266055984,2,57.380575656359085,0.1,7.938107889022241,645.7289828263608,8.166866118000325,0.5271054813864506,Medium,0
478.45592514155936,20.0,1.6778429943988102,9.27085820838346,Sandy,Plains,1286.8543885062031,0,75.01822559742935,1.125321137762664,7.811363429250999,1424.2364555191455,2.4757162148479797,0.554347161817531,Medium,1
350.7026733305087,262.06531682020136,0.4462997731907417,6.599422793642535,Rocky,Plateau,714.3115885975612,5,73.77533643492043,0.3510862183399964,6.280944592087769,1096.2299275087985,3.3599860446742826,0.5826455500347907,Medium,1
513.8830809289553,108.30025580503937,0.8347288557739104,5.43413330357231,Sandy,Plains,1211.3148312581122,1,54.9953093910569,1.11874418129383,3.844753436439756,1456.2764933491378,4.953936253904125,0.34070205994942887,Low,0
452.87216661236283,222.81354382797704,2.7765498435156566,4.7586917389988015,Laterite,Semi-Arid,1287.077411685198,3,59.11965441747715,0.8528098020664486,8.19633349567491,529.4423101013376,0.7008963895690277,0.21016917237793634,Low,0
353.77696364335355,244.1415893164955,6.304586634426645,2.477503250194749,Sandy,Plains,1098.3859262217213,2,48.467185496321456,0.4979322811881904,12.033839024974444,1025.8281256837404,0.6558944026737961,0.5145699971295915,Medium,0
523.1808427306611,237.01067465109904,0.6507988147993161,9.975561101523573,Clayey,Semi-Arid,462.7675681495786,1,56.773494240392544,0.290683929426188,7.859515039946466,1376.859424552104,19.446797531220568,0.5712039010748559,Medium,1
720.6522164680115,213.72864974648695,4.312081447811656,6.475866886210077,Loamy,Semi-Arid,909.5042182278742,2,69.39861447438945,2.868841054971836,13.237193060057681,656.1501599975135,2.4830692809250667,0.26011879788980485,Low,0
421.3644312409052,148.34276204454233,1.563750207915263,3.2609791191373785,Sandy,Semi-Arid,829.300001029484,5,51.473381279126045,3.0930394797310976,11.439023617754518,1329.4840936179087,1.770454801720593,0.3250628379309561,Low,0
557.9636913222273,555.0293520182423,1.669353705564717,4.520525872869296,Rocky,Semi-Arid,726.4002606326403,2,53.596749941504825,0.6773390481279183,12.513685132694931,1032.559623970197,0.2934911865896578,0.36280331394133075,Medium,0
256.00905631932545,504.0954404993621,4.337864044867714,4.399079630702343,Clayey,Coastal,949.9630555712497,3,43.97721755060708,1.503861927209518,8.915746783832912,1221.955723405268,1.1464452640694365,0.5912899284249102,Medium,1
306.5345434772987,140.55210156924605,2.516931063044054,7.12907345504538,Sandy,Semi-Arid,1169.2222216241419,2,51.239211021294764,1.3722576809412257,7.1818239650823665,1709.7672507639709,3.382142869432114,0.3428202460432955,Low,0
520.8609416820566,469.8540101564281,6.685961689593483,10.202403553212058,Loamy,Coastal,739.5065689540805,0,65.3631738615644,0.9655555073219032,2.2461609608368303,2553.2503587315446,2.5119707259364725,0.4554337227263095,Medium,0
672.6174042803948,232.06414114325764,0.6780249460595209,5.956031351213251,Rocky,Coastal,840.016064004214,1,55.11140198917733,0.715501045649057,12.926579485379419,1238.986386842737,3.3159486393117295,0.15304194633859922,Low,0
503.342002317849,295.5024967998053,6.241605776629366,0.5,Sandy,Coastal,815.6293731588044,5,44.181879835157005,0.45283460125951136,9.279982608466494,1105.9075092157473,7.3025450493453015,0.5455678615518652,Medium,0
403.04129542152685,272.4071248123701,0.2655646699550247,6.432458994523239,Clayey,Plateau,1307.3548659405092,1,60.54521244030776,4.537990684691896,6.726154890687353,2165.594923848993,6.159806730098396,0.2471651244000275,Low,0
449.8937108135031,200.83016304952412,0.8629535505998212,6.531418299708413,Rocky,Plains,810.0147837662947,1,57.383721111045276,3.9415956865851047,2.3193060544052724,1766.7763652006606,4.077277377522799,0.636181444483295,Medium,1
262.43883990454236,398.06228123273763,4.270195731687723,6.325239307193435,Laterite,Plains,467.9580197833891,2,71.44802084893266,1.1877269277439524,14.34008474046994,2088.175086229644,10.11861017072733,0.38599781744924616,Medium,0
540.677298953305,295.1063836691989,7.722035816950323,5.117616500572895,Loamy,Coastal,349.2978063533201,1,56.370033770944616,2.8099832354432612,7.931186739020544,1319.122690368914,11.683096892034028,0.6437969464761677,Medium,1
582.3499593485113,222.81382921369104,1.1650452290524567,7.652317242177527,Rocky,Plains,1026.9553482980893,1,46.05956176492779,1.5175971732108107,17.413476187349033,1608.2027297807685,5.3614933097038735,0.44660806050558305,Medium,0
382.18645007503795,123.4492667439433,1.5851787757126041,7.198423345447005,Rocky,Plains,633.7613910399343,2,69.55987504232641,0.19635037538422453,0.0,1224.1709125755933,0.7504618392405156,0.24124983081734022,Low,0
379.49367783607477,172.76859835370556,3.081156217378679,6.925509057620059,Rocky,Hilly,1134.0535768453674,1,46.36561890946,3.8019696140818233,9.56431255564986,1228.2388324446945,3.1270662470186847,0.5359866145397508,Medium,0
489.8817344478073,83.03438612774838,0.9508608491028272,8.237924084328897,Sandy,Plateau,434.073004022504,4,42.383072593150935,0.544561329835326,1.2142452857119768,1255.2516094819873,6.038334524364529,0.14124877122879426,Low,0
384.4920395939107,281.46682580982036,6.667341547122353,5.7105015305564395,Clayey,Plateau,711.3807416862873,0,45.52016611340455,2.699312073840747,4.337927642365536,1408.2026122610305,0.38947801798759996,0.4394438684416932,Medium,0
440.08010780612665,136.4001289258725,5.942455221279455,5.54024299089804,Loamy,Plateau,434.30090266794815,2,50.670824022428945,1.6489035378026307,6.616311061486913,1237.2113201174634,0.12064401941981541,0.48282826122441685,Medium,0
764.9582683749773,248.13273849777505,0.6279802073897917,11.1403698687562,Rocky,Plateau,1052.113750442123,0,35.315626026667125,2.580437944431869,11.121414245387795,1894.3031542232602,17.777779754407764,0.39802244557815575,Medium,0
412.9461448881005,444.4122224332445,2.4932140153392703,8.678066229146308,Sandy,Plains,1127.0966392186276,1,37.280320427082756,1.4017316919361604,9.360223274852126,1487.7718871669472,7.857437013406306,0.31802774488709634,Low,0
396.24897719681667,423.91594875059025,5.96355875229705,9.4808381828284,Rocky,Plains,1018.5188051728101,1,67.36988485865561,2.6676025556884753,5.259557578896709,1300.726409947781,0.997091403634454,0.6198227694025212,Medium,1
352.8687291547261,276.12677270768586,1.6459097707147259,10.678313756002204,Sandy,Plateau,519.922287858655,1,55.94621333777205,0.1,4.655837761653705,1280.6572660938339,3.5340903944858066,0.400497276733573,Medium,0
561.6287957249905,269.54983286282203,4.010738173488985,8.5778325418744,Loamy,Plains,638.9826895612669,1,56.01845583475145,0.1,0.0,987.4186598510737,1.2907343562649696,0.3205043042834973,Low,0
422.81637401728455,505.584945930521,0.2060706317262422,9.785166037408512,Clayey,Plains,982.0098960140439,0,57.323839514897465,4.986604987446163,4.940614659641913,657.6572295130912,0.06203197015915156,0.3000537027738331,Low,0
352.5940442517861,342.49073444304537,3.7530081070695505,2.261964513789219,Rocky,Semi-Arid,309.2905071564726,0,64.76985241451044,3.047156581491715,4.280005108743007,1700.428428600264,2.9824548227287955,0.4655265389904933,Medium,0
648.1956048409518,240.66322481481726,0.662579853585185,7.612461615988082,Rocky,Plateau,815.6027694642339,1,48.1717257699518,3.878561812113955,13.953797056346865,1697.9745423802583,6.271306213150803,0.35165261656895447,Medium,0
662.9404506770456,108.87782594554577,7.101576266515846,6.451844614557017,Laterite,Semi-Arid,1430.9168736675583,1,64.7246303354209,1.3417419189113509,6.010421477334706,646.502945725752,18.49150973710732,0.5637269813433404,Medium,1
359.93646513919424,327.2647861797692,1.7568081914182596,12.033052272699429,Sandy,Hilly,837.0155577868688,0,59.352542543095005,1.3541712661091632,6.052183304424158,657.3356891946914,8.813745689675867,0.7005998826762123,High,1
170.01900729590756,379.5188527099435,1.3226581671840065,9.7829365954099,Loamy,Coastal,379.009376338817,2,46.5077274481733,1.6798722707246314,9.049164466296,1550.0019651916473,1.5692655434005853,0.6197914887347121,Medium,1
601.1270534755383,204.20181705836274,7.3526122430223,5.108664427620461,Rocky,Semi-Arid,687.4067633133526,2,65.3080634314011,0.6143873441078122,14.83355342954324,1039.890794295741,2.4587537283070313,0.5158805869322145,Medium,0
347.3055261359994,314.9443306165639,0.20577963645586703,8.118382475587618,Loamy,Hilly,679.2576860128485,1,58.687256042700525,2.9092589033459264,14.731504787398368,705.0111469128994,4.411075843132098,0.5093589167854525,Medium,0
568.5938398744153,236.37120461019651,2.0207581411367954,7.503044000347719,Loamy,Hilly,1649.1080729427963,0,45.4413595941014,3.8912556964061893,19.955791765904955,397.7459494367862,1.2737626051443454,0.2519289174084172,Low,0
154.4844273432247,257.91611209611966,1.848164318290872,8.362994299456686,Sandy,Plains,1482.9876781798635,2,46.35191197532178,5.23065024246223,0.9978911438432583,968.8756000976009,10.736622665358073,0.46975015112495294,Medium,0
583.8896007448964,20.0,1.3407743136101717,3.9434725918760445,Loamy,Plains,1155.8274019355522,4,63.757196188629216,1.6011791559227684,8.819213371776437,1265.3003331742934,1.103284001932289,0.3780314522552084,Medium,0
268.32421060788283,253.38623155406373,9.710522688836049,8.080049395714676,Loamy,Plateau,779.9234242405106,1,70.17369651619784,1.177923498007731,7.479329775187949,1058.6942290436098,2.0547140688455974,0.4468240522658418,Medium,0
559.6146178599787,396.32431628896654,5.5600593904859466,6.315545952135297,Sandy,Coastal,1320.220381342903,1,61.39145908450398,3.9104156039885054,0.0,536.8242600928551,5.170824738762773,0.4802527573747689,Medium,0
452.1409601754651,204.231693332013,0.2642308653407194,7.847349292166801,Sandy,Semi-Arid,503.2891263323395,0,68.67246505912496,3.0734324276565927,2.16518743823835,905.8332624869262,0.7890226278902464,0.39676271387722883,Medium,0
306.90908709050325,286.30316418583794,5.0166801238639165,4.826844504633491,Clayey,Semi-Arid,1276.8013603354907,2,72.79204242137759,4.442817603890075,12.550346053800503,1477.5385319933239,5.878817741764332,0.5178606102916209,Medium,0
388.9445530609829,189.28591519696954,2.9971700292512593,5.244810485810202,Clayey,Plateau,1224.7907380970153,1,55.297767736893846,2.3459306581290855,10.633476691446672,1991.5141813510195,17.3185989820738,0.6012992114035777,Medium,1
552.9477685435052,323.2530011551328,9.245207673535713,10.521526061100108,Loamy,Hilly,847.0289928727517,4,59.97475515238699,4.726178035446124,10.59567586492143,1223.2769373618817,7.056898295608254,0.6627466275443425,High,1
465.8841679672851,254.01721629565918,1.5013673211334717,3.845357324979517,Loamy,Hilly,1298.7152096727702,4,66.03161562763133,0.2051678626164556,10.237292663788747,1716.4064776272803,10.05297245354312,0.3862538942253326,Medium,0
537.6619470708727,167.29101511815918,3.4147851432460214,4.066736796873855,Clayey,Plateau,743.4726046876525,1,44.232797888432756,2.5037433325183556,0.0,1560.4954877520317,3.4628010985626085,0.5282235344853915,Medium,0
746.4660876773228,439.9061761198153,2.778635488287972,6.845256228353266,Loamy,Plains,457.2200406656182,2,70.41091951875427,0.20457244875056915,2.510203215684774,909.5905743398102,2.727780065359118,0.28493814592077005,Low,0
215.3637582433423,391.4718416238658,2.6899358220124263,4.684328874442136,Clayey,Plains,1242.2877545499725,1,74.36000822528875,3.0402557955512095,5.3186402232850005,1668.8119528747566,2.3903652120160204,0.4938179479108165,Medium,0
692.5818862452936,207.41118832861903,2.4359992000420068,4.344914103211604,Sandy,Hilly,870.1649748011893,2,49.142129489810685,2.178121740124264,12.148334469024125,1762.1542161524458,6.481072563102067,0.440229949841415,Medium,0
465.65339062848193,339.7345971301333,0.9208210843356486,7.315227913624885,Laterite,Semi-Arid,1110.6232111545337,1,92.43674350487565,0.1,8.658599594997874,957.9175059868022,4.385538904739201,0.4116469474250772,Medium,0
315.18239275153076,344.48944033844566,5.637595670232005,2.4848024292888855,Sandy,Coastal,1537.3103070457921,1,67.53455543456758,2.011778783632218,12.520938864804247,1208.8543420849517,3.8355848246624507,0.7767407748904147,High,1
250.45295613915152,357.0761482013411,2.401076425453139,3.9761132952590863,Rocky,Plains,647.2110746612962,2,56.16857385406231,0.34793392383882266,17.779371398048223,917.392100773819,0.6371391054973584,0.3161632603819895,Low,0
421.631941383445,76.68929248059067,12.729816389604967,13.16228674877093,Loamy,Hilly,849.8171733060086,2,33.07308479034903,0.3379877704015707,0.05517060956658959,571.491379533929,6.7136214215755,0.5015740452769756,Medium,0
588.2475167886689,400.79278492391535,1.2087926365711044,8.378425176907028,Rocky,Hilly,1449.3720766021997,3,56.89880684626211,0.3587403545163093,7.403123443745489,1711.5621771289373,7.754265498690275,0.3129114210375535,Low,0
430.8676319433699,211.63612444891223,4.592183018147584,4.760309943190267,Sandy,Coastal,1134.056105799349,0,63.06360547763689,1.454874774780439,7.4252603830692205,2001.3878213448909,1.3104160220045888,0.5343931051727092,Medium,0
676.6732395371021,237.06064798704796,11.301736141440124,8.254645234798591,Sandy,Plains,655.0760395283913,2,61.69142607576992,0.27006246188549266,3.856259947155368,1169.263194966582,8.555336972341259,0.7229765899891829,High,1
232.32364649226616,596.545810271224,4.356133132924539,8.70199143095989,Clayey,Semi-Arid,565.7438037611826,3,42.27223174648137,0.29541842085423453,10.200597927404887,932.7634463352742,12.69135947690117,0.3876209867109188,Medium,0
448.1866578230918,316.2248056865214,8.200242714041638,9.983243260270715,Laterite,Plateau,715.1717759638291,2,50.06330714039101,0.6510681264060632,22.27760905418367,1733.9897454615984,1.151495747143282,0.5446833840614678,Medium,0
262.14098333803213,233.64130294633895,7.028990681526782,6.618531911629809,Clayey,Plains,641.5548533189926,2,66.16217289938218,0.1,3.259672001301685,1788.0566347685394,3.6093363326538883,0.49573080293420146,Medium,0
504.5447823937452,20.0,1.7858841999890718,9.929493108318667,Clayey,Semi-Arid,983.0718418213357,2,65.11168578662588,0.7098818135573791,11.010929834880734,766.9326261411004,12.5338094263538,0.309242945664184,Low,0
583.033108514595,446.7716960735627,3.666402518945116,0.8846604253534815,Rocky,Coastal,927.4520775191598,2,69.30647086537107,2.1194859243138655,2.7732277757743713,1270.088896412666,4.0083634843888,0.5870190309703998,Medium,1
386.88573094784203,118.5748395029677,0.6796499066485341,3.831075608572741,Sandy,Semi-Arid,997.7332139963729,1,59.42489560898154,2.024494696210337,0.0,2189.715202315988,10.132630662297053,0.5158710961830469,Medium,0
80.0,159.58733158005958,3.0673977756297828,7.491614205209367,Sandy,Plateau,605.7155194540762,3,57.61936461953315,7.680491330325544,4.931683552019057,2110.667642726799,1.4581867761949652,0.5292092345939632,Medium,0
479.8422220194742,240.2377241094581,1.047651718771974,7.988900598423374,Sandy,Coastal,875.2081323661607,3,64.13818810424623,0.2803088090939522,9.364575371289398,737.9464576485414,0.39639807027124996,0.1993399790941766,Low,0
515.5107827600265,449.9694150040351,5.446201184036432,4.264653136994075,Rocky,Plateau,180.50507911532418,1,59.1329538111388,4.414787445402696,9.995791499861646,504.2715817489234,0.36785029312824913,0.6196190768730723,Medium,1
510.6442132442546,372.7887983998911,3.00360030501017,7.778259973789478,Sandy,Coastal,950.7522110764783,1,39.639461802494765,1.0917470353515835,16.88725245981167,1375.5084605285672,21.530161199788623,0.8241709334186218,High,1
635.3673287733232,261.0594988191688,2.1188607380326294,5.1284792539382185,Sandy,Coastal,1311.4042257345527,2,76.24526967821636,1.0767889926760432,9.3928556519253,1556.4997253914644,1.0799139755950347,0.44329909520563565,Medium,0
289.3419480526427,316.9950476366585,1.2522571500993318,6.169122717318503,Loamy,Hilly,401.3389317288369,0,69.06088693482533,0.9437013907548023,8.068082039490132,1559.6673127469403,12.010049029107266,0.355441822073588,Medium,0
552.0324158175674,207.9537168554673,25.0,10.074321401995032,Loamy,Plateau,1069.1998807266114,2,63.07674612893232,0.2931067282567179,12.164586313664872,1472.599890476662,2.276403907638646,0.40763189358192975,Medium,0
628.8761268716962,296.7584427478421,0.2976466245484666,9.7268124906658,Laterite,Semi-Arid,686.1449768838029,0,41.58212426742826,1.4323224596000912,9.24079289251908,1341.8118417357746,0.2454854363569226,0.30170336809312553,Low,0
183.2118623990225,288.8004093733764,0.17815172934530404,4.008819017910213,Clayey,Plains,1180.8754037926792,1,68.05231696343773,3.4061262258023532,7.881272024975924,987.7770208997281,1.6543414312894318,0.5071866766729078,Medium,0
497.9477738878466,396.2523874817624,0.979805493199447,3.8282456139396897,Sandy,Plains,955.5266079242975,3,52.735788294103315,4.582394951036753,7.098279516654004,883.4059385148885,4.225157808544548,0.4274753022659953,Medium,0
374.3730253488493,396.06137469267395,14.17184459604956,5.766479813340052,Loamy,Plains,1041.6464394311542,1,67.96164092197138,7.244689646098206,11.18019887435864,1602.0387736064074,0.6774793096013889,0.386725903386936,Medium,0
437.77159903475314,339.27728586467737,15.498555973447887,6.919761096481224,Sandy,Hilly,922.6883645644042,2,64.55690496449427,3.3846528664156876,10.641549900631027,847.3467065217881,15.318857475222975,0.8843581169245526,High,1
502.1514725307504,236.51829309446774,4.2560056778271855,5.026304534275777,Clayey,Plains,1364.9161322345235,1,53.92165253684091,2.146657418835875,6.678591282663989,366.32068420520636,13.80861702451212,0.4027086535700242,Medium,0
376.91571538296716,369.0186753268152,8.484611299547176,10.121927328399003,Loamy,Coastal,1021.5936671932858,0,70.62356345818819,1.5140991021288217,15.20702762966557,1271.9484763753069,0.9690987639208395,0.34020959507929344,Low,0
348.64378812575825,268.9637840556344,0.9629991969618447,8.042169525125665,Loamy,Semi-Arid,653.1017000991421,1,43.69753543613349,4.572963762702407,12.211579298846717,1342.803135293879,8.01608036144592,0.47084329035464145,Medium,0
455.1228626232037,150.17027575442404,14.308221053769884,8.218255329623286,Laterite,Plains,934.5502683123512,1,58.674538579656875,2.959450236101735,12.81195918695068,2161.8453396551304,3.704992179998196,0.6594571003983793,High,1
286.9131091705796,231.60546497068736,0.616265367519847,3.200383513165085,Loamy,Coastal,770.8916349618827,2,77.90422840876401,0.38687514480744717,3.4334053123019324,1216.7523031993937,24.14682146313119,0.3289253281259887,Low,0
287.1262306672222,290.14323805411897,0.4264460276476912,10.50187215215134,Loamy,Plains,956.8399672818562,5,63.83992555976351,2.5243603125958476,5.433550297872862,536.8001807768766,0.3419895854780737,0.3279239546813039,Low,0
551.9059924434755,389.22589403976946,0.47608713696753213,0.5,Sandy,Plains,753.0806006716156,0,68.96163717059831,1.240673900029456,15.582817726971602,1809.6798951313704,3.820993469084452,0.6339997714829474,Medium,1
277.6808947262016,257.97661934114166,3.4050835870272675,9.502166355548107,Laterite,Plateau,663.1162425587898,0,58.951932531314505,1.9928582870837572,13.199134670892256,1175.3473685718996,2.0168074905034956,0.27579021063954284,Low,0
549.9468751363818,134.89615465124726,6.0742666571941895,9.802935213012313,Sandy,Semi-Arid,969.745274461956,3,57.742872706226954,5.0297501693379685,0.9265736998523026,1120.081667507939,7.776054472931484,0.5834629695633796,Medium,1
519.3886939280927,286.8090019956183,1.827036838666056,5.702796438166115,Laterite,Hilly,919.5263700157938,3,43.353169835043005,2.325826035560531,9.676260066331917,618.3342120075487,0.7068544509629662,0.3872846415892579,Medium,0
191.12899068141047,293.6147248067863,15.24798455518891,10.818730651742271,Rocky,Hilly,1272.3845457660466,5,56.129457170893836,6.143217704373694,12.789467290115825,1454.791879272038,5.934921813559536,0.632037962443982,Medium,1
348.3653021496517,302.3005154683304,2.2796150796418515,6.81070734113696,Sandy,Plains,754.7654423035154,2,66.08488782381066,4.427891736575316,2.8696102641160035,1278.1337756751564,17.74592120739124,0.37457067935729416,Medium,0
629.1164104571059,390.3845819145316,0.6521871023041077,7.187295109982329,Loamy,Semi-Arid,206.70115337664242,0,44.872026715578215,0.3035998558146676,13.05341998070913,1239.7471709095869,3.629503964755612,0.4733082220754169,Medium,0
302.82517032904775,402.2707888107878,2.509188690584979,8.018586362212648,Sandy,Plateau,772.6452205378405,1,46.44441470992092,0.1,8.256987284942698,1668.8522994141608,3.6333530456583514,0.3073829378157579,Low,0
380.3393606535918,208.6946953142,4.545719770749478,16.559724735433164,Loamy,Plains,330.749234379198,1,63.03135663550034,1.0673881014657882,15.528187417193957,1729.3968637022099,4.1075311935595815,0.2027894646367692,Low,0
519.3091339877844,206.0627850341268,7.140544540154118,11.033301724249013,Sandy,Plateau,1045.4851909338017,5,67.92050798041775,4.410841272369624,7.362260609657683,1360.3218970452554,3.224128767990381,0.299307030296348,Low,0
567.5085763923893,155.17615468534322,2.4556311692160415,9.103393602138754,Loamy,Hilly,314.13572507792435,2,82.1810003948719,0.5753624897219577,0.7732592426717932,1469.2686104393485,3.559549754534269,0.38507536716334867,Medium,0
412.2691670933256,363.85788043365716,3.601736716959005,4.261586540196415,Loamy,Coastal,554.0701281550645,1,54.7097759950193,2.5865599891407247,10.642314972796326,1373.4772243859002,3.7332105030092793,0.47518815585943824,Medium,0
360.37347079625374,453.85841300052584,1.2443198540254181,7.430769476438477,Clayey,Coastal,773.182939603798,3,55.035097165089795,1.4217604661468506,2.381371854713314,2035.9843254421114,30.0,0.6952104053722594,High,1
663.3554792547761,242.1901686509292,4.152890370122834,4.56062771846084,Rocky,Semi-Arid,1440.3827116664006,2,67.97904456581871,3.0155998449644916,5.137190389834031,746.6478377356314,0.7427494275566157,0.48310501658117044,Medium,0
710.8349495696368,251.02833223300084,17.066783804625686,9.466332541848438,Sandy,Plains,524.4884594997789,3,64.84705112462903,0.3966509022693371,0.0,657.1468672915336,2.015534193632884,0.8257058721761258,High,1
596.8287076172693,456.0139068278771,0.20119020369357013,7.42140092720457,Loamy,Plateau,904.3417441013052,1,54.900997348238704,0.6011314298087187,3.9599367064849744,605.7752739921917,1.420316711293506,0.34112728055961594,Low,0
462.79772138475363,340.6669423858009,8.70489082022273,3.6264349611583144,Sandy,Plains,1102.9918019350407,1,57.66001513539944,0.6110808991897755,14.71808351753595,1458.6589729333505,4.714049016940437,0.5795925745307487,Medium,1
328.76014175386103,332.3482845761266,3.304726240738069,7.2433737502555084,Rocky,Hilly,1419.421193627244,1,50.46089031766736,1.74922922108383,8.736361758102982,1143.3088635192885,0.016877327078357627,0.2594647506001009,Low,0
325.4333390165152,137.0900192831528,1.1619368300700095,4.451747590851084,Clayey,Plateau,1172.2281631024935,0,44.12726348817901,0.7523153354494294,6.837964226315061,646.8710849500105,15.23734071814968,0.48326333332420274,Medium,0
528.3771157898636,361.44736831353026,12.394579596231814,7.453648664012641,Rocky,Plateau,1282.867433071363,1,56.37837766859376,3.6736428634834555,3.6173734999453657,1103.264333038083,4.544461965349081,0.4500942975548309,Medium,0
512.7597331333026,168.50363913882902,2.6415917805048887,4.422768050904231,Sandy,Semi-Arid,1202.5074705980394,1,76.27173416856124,0.9368987491795764,9.036915223878882,2278.6919030225035,13.584641994644146,0.4744651055105398,Medium,0
660.2397889419644,143.91757768780502,1.6120140712764799,7.082462900082438,Sandy,Plains,476.8069600113513,1,49.37715235842956,2.3788955934902423,6.894196463379867,1413.7388147538877,2.538401624082244,0.4413518620741416,Medium,0
547.5675138804208,238.38741078799455,0.801115938087711,9.251409585805284,Sandy,Plains,1025.8922365109663,2,40.77985638168853,6.525662209488465,19.946800528046438,1937.4744548645133,0.9746189302216035,0.2737428018165647,Low,0
224.5379547360273,209.7048731861572,1.1212489739514262,6.8408440242246815,Loamy,Semi-Arid,1197.031333260278,3,45.955499203712755,2.0542534833810344,8.112024379386215,548.3520990971941,1.2813321349705404,0.4597377909931159,Medium,0
607.7921426584378,253.40803667379527,7.155431729236843,5.827335198482833,Sandy,Plains,565.224898614093,1,64.37938410474956,0.6100037894612163,10.268161905751276,1346.0124570270864,3.817566531746441,0.5848015587817789,Medium,1
300.29090590283806,107.08220385700974,3.811922697421553,7.6098286631723875,Laterite,Plateau,697.0840431465921,2,63.145461612226576,3.904222892032906,4.825163037282707,1456.3597154204176,0.24661285254399207,0.33745857253470557,Low,0
392.40430920714726,395.0579567761207,9.778697462472483,9.091547862378558,Sandy,Plateau,618.8826967055303,1,73.24880711855313,0.1,7.913953756931314,1546.0003333891805,9.134172181583747,0.5762317931687968,Medium,1
487.5300309377542,415.3223553419715,1.0556978750343593,3.6784501903547184,Sandy,Plains,1170.4180450888116,3,70.73878825367333,0.6521602913780796,10.313398666167018,1073.4609262607023,9.382102256653077,0.5974647627751398,Medium,1
749.3501234675946,46.318903103102286,0.5165121726194387,7.781968464115607,Clayey,Semi-Arid,875.7516078848038,1,61.570963842276555,1.07841977712095,3.388494938435259,1693.315647657706,7.263065356597199,0.5495981563199587,Medium,0
916.4877834008041,397.414936679986,0.02442454213837228,10.9526224570522,Sandy,Coastal,787.7039369827161,3,65.8066344621137,0.47988538029913136,10.966576744743929,1445.913605082658,13.599823123642205,0.48626644718282297,Medium,0
541.0084588704274,182.73656442140484,2.835984761792549,8.720970889830145,Clayey,Plateau,451.4155291714543,2,49.00736974674941,2.0380508654026865,8.648194749511095,1244.0619079284952,4.784080354535736,0.45999514097638755,Medium,0
422.5205071919418,382.8370644379343,25.0,7.173262440001683,Loamy,Semi-Arid,876.4120113821726,1,66.2711397379086,1.796182943935243,0.0,985.801703877235,3.9157117721483248,0.9712265082496908,High,1
530.1758472720826,271.7864208800301,4.749318544527833,8.919212520096684,Sandy,Coastal,701.3440757553378,0,56.69408956321014,1.1477670226948131,12.1197033747094,457.3335380466832,4.519622542427193,0.5719860132463995,Medium,1
583.1483138810754,283.45306768971983,1.474958822417225,8.357489368308048,Loamy,Plains,985.1688478424568,0,68.20868601360914,0.7670908208097861,10.440767648682996,241.65449596632675,1.2050178424427966,0.5354972475822282,Medium,0
401.8998561664213,257.78828206945377,8.377687410201073,9.260803327479442,Rocky,Plateau,499.96148047409224,1,63.024231417991416,1.251794133084328,9.1904334689083,863.4269179265217,4.30822139101077,0.557834529605743,Medium,1
719.2817033868483,425.45550450801835,6.087948071298562,0.9282051670511668,Sandy,Plains,962.2671908271702,1,52.31971674138848,0.7572071398014867,4.826935557463874,1122.8297108075528,4.682134264721324,0.4779260968082878,Medium,0
484.51061387871033,131.24943849699662,0.06214086025532091,2.339631599010204,Sandy,Plains,746.3672303254127,0,44.79486894074013,0.5501674958961176,20.326235609803803,862.0766972857984,8.678555892156844,0.6198047314253158,Medium,1
524.6614633637091,352.940840648201,6.7900280608234596,10.01448744844971,Laterite,Coastal,462.7460759926987,0,51.996632018283414,0.9520255303789469,5.059476423641577,1372.219871436641,2.565523148493222,0.39417683676585896,Medium,0
549.8886378081692,412.159619786746,1.4297109502298775,2.4841624715156785,Sandy,Plains,435.4505867426486,1,60.21566296421741,2.0287229602127574,0.0,1611.4781248805539,0.580566158912812,0.469850205351573,Medium,0
513.2379915921683,365.9608096648493,0.6485393758186442,8.204615907157615,Loamy,Hilly,488.04286419205704,3,48.20735129311047,2.299517239202506,10.586723158189372,574.6996086009318,5.459802191687385,0.34527808778579083,Low,0
575.8410750704418,558.9638697188101,1.0264437531693815,5.943851031903125,Clayey,Hilly,827.7603298958103,2,56.16561465674606,0.776363141654497,7.322337794765131,1474.5866984438687,9.305833595828613,0.544536881093087,Medium,0
357.41202201796153,216.52638847303615,2.528808967261693,4.01143226321201,Sandy,Plains,942.3484020272251,1,71.05206939974606,6.479004021155719,0.786212560345291,1186.6484284255764,20.951930209180226,0.5308832526611373,Medium,0
366.2547369080954,394.8765787112237,2.2126222900173405,8.048949271442421,Rocky,Plains,994.4382713320134,1,72.09883751049843,0.6682636661656386,6.735597487739131,338.32709834720515,0.5675427700267479,0.5205851452297807,Medium,0
284.97686505424576,267.2691237590296,1.363697406872391,7.603100511149712,Loamy,Plains,1007.6435212049566,2,63.73807984392158,2.73955796396783,7.664164702861258,1654.2351411828665,8.23082657783925,0.4929579329501829,Medium,0
515.9251845930339,428.0087291623204,0.756023334112417,13.331027956289132,Loamy,Plains,634.51685865728,2,74.35936324837198,0.18698165612889997,4.221591057546906,732.2256030126612,5.435667578147699,0.3610505524128445,Medium,0
566.8404755268172,279.07732051343567,5.745819120627934,5.125566386392332,Rocky,Hilly,1270.4410178333114,2,42.81558151540084,2.4049537892460466,8.552657335993471,2485.1104964582028,0.09273607803108372,0.4647332040250237,Medium,0
518.6659299227829,233.45490617650364,18.46483706616321,11.320330360207521,Loamy,Hilly,745.2210658971464,1,73.57040619914248,1.3554007148803495,9.777726089499597,1783.828208646055,7.600231979409379,0.7206680695367732,High,1
701.1738650021306,436.72866446459545,6.016558042375617,8.057268743152944,Sandy,Plains,1057.5524160209063,1,41.6820089304714,1.8521743675133127,7.768792720291934,1128.7726899581069,0.1593037370477824,0.44788320552759464,Medium,0
449.16059717564303,221.01256731772838,1.403549569098416,5.016934355371863,Laterite,Plateau,842.5455982771641,1,58.12043730975664,0.4475459373099741,3.3870412478294867,1199.1758274933836,9.229856410548793,0.5173790914947284,Medium,0
550.3112483388769,110.47290893193326,1.1231381219916423,9.397739372551737,Loamy,Plateau,1031.4674310960645,4,48.24546584990344,1.2504604724262494,10.343283553646147,504.3218190699696,7.66619385259397,0.3665453337344825,Medium,0
286.24486857910284,217.97837401914057,0.9818934449284875,8.697215513361854,Loamy,Plateau,824.9851768492802,1,66.86665576125121,3.1979690387743127,0.0,2078.4097742676495,6.986976009399637,0.28843280668529664,Low,0
391.9350446288398,354.2839535906239,0.5879492732463765,7.107529884574148,Loamy,Semi-Arid,1037.7722068010983,1,39.209075503576734,3.2055781581784597,10.03205961322634,775.3989562031068,0.7669741097859931,0.47140726282342044,Medium,0
554.3306636348666,447.04465019045097,3.205875412851564,7.7988860693218705,Clayey,Hilly,897.4138955418867,1,36.82160748167966,0.5966975629406466,9.542013421235827,1220.9968060934968,15.082278518495368,0.5398499838960478,Medium,0
577.3653166114716,293.33552503558144,3.7195345120105703,5.209038906863405,Clayey,Plains,1184.8441997277412,2,50.146545969234225,0.9565375991625024,6.917690628998239,878.9382982465903,13.750647691214391,0.08581178627642717,Low,0
405.9049578503727,438.183648068083,4.889941241764444,4.52263862423648,Clayey,Plateau,613.4602348760807,1,49.297574524737,0.1,5.446219555793368,1430.5455288243716,13.831190432480756,0.7571155028742881,High,1
439.26011222129,117.01900942268878,4.56040515902203,9.278326521467749,Rocky,Coastal,280.5380324382976,2,51.14875801576062,0.2073920500822852,1.861749604693232,1189.5532976443462,2.681120976867599,0.7692392918876646,High,1
222.31893799787858,226.80838422185167,1.3831282991532918,6.328181727060178,Clayey,Semi-Arid,559.3249031980662,4,49.90042655634929,0.29812397215559283,5.3395540325611694,886.8784886569201,4.06568624641134,0.3297813972192154,Low,0
396.4456198790086,245.37098594150785,1.6037674460992333,6.759751005252722,Sandy,Semi-Arid,1274.1214453333118,1,66.24766478880508,0.7648218396173652,3.9325862179846753,1432.1691290504955,0.7322962619294539,0.53778801649923,Medium,0
583.557474527968,266.2528687032976,4.576713768771686,7.839464787832831,Rocky,Coastal,845.9044130392912,1,56.983208965509185,3.130649737376596,2.9582604909748094,1951.955610432894,0.3146818060107436,0.2944337099760497,Low,0
536.2807524159849,290.0913265900236,1.7197339741766076,7.795865034351424,Rocky,Hilly,932.2218034412969,0,76.58911294026984,1.5704930824028478,1.978407707598878,1224.4199767071489,0.3634541058013689,0.1827132299545858,Low,0
525.0998582071815,362.90931488706315,0.9561934071264591,2.712020587077806,Sandy,Plains,531.2271850837645,1,60.77047144073025,3.460919473358329,14.569874794384448,104.59458542443213,5.0466767013369225,0.42935517816349966,Medium,0
457.466053077144,226.62317941954117,1.8757681553882262,10.858756259364576,Rocky,Plateau,922.9438038025975,1,68.58719440492848,3.093447006163479,11.820362063150514,1387.812705260569,2.3263684463984005,0.2115059554181415,Low,0
451.05947379422645,296.6834424343751,1.270279354145681,7.363546455702035,Loamy,Hilly,542.0155745745562,1,64.95791843510749,1.9462132574422781,20.211707138436175,461.68731448326923,5.198658436963624,0.5160408471713647,Medium,0
350.95182907898294,274.5852531611138,0.36983297513243407,6.392040211533552,Rocky,Plains,593.4765537315357,0,47.22099031150807,1.524308768470904,9.179401070519067,515.2661495619587,5.38870647909588,0.5052994378935297,Medium,0
554.8242630303803,168.89321153306201,7.091096992531705,8.29253801550924,Loamy,Hilly,759.1307110116419,2,51.75034723670788,5.892281532345808,11.601943232893445,463.32810978122086,14.25496000306695,0.7567139751648312,High,1
513.1459416584084,266.35999731022775,7.672322915232634,7.709626580844589,Sandy,Coastal,1055.784040244751,2,69.92979748490887,1.8530035746792342,7.641038988112373,1553.1215347677553,12.836843683959486,0.5797117172571725,Medium,1
523.8028271989199,262.76085641234585,0.9925651301494067,9.301188068469106,Rocky,Plateau,1093.1466532248785,1,36.68644951495734,1.4506184156787314,15.559449664609575,473.8424377560925,7.607516552117619,0.5036409850050334,Medium,0
371.09477359986295,260.19033219963444,0.26786056998660335,8.613951016452823,Sandy,Plateau,1102.6657142782428,1,63.83996490877472,4.4736573013136685,7.741855103124361,1693.632823921495,10.239108739370412,0.5014126648621184,Medium,0
126.99856201931334,283.8111347897741,5.370295722220479,9.1535386869888,Sandy,Plateau,344.17055973446907,2,55.860985033053566,0.16306157074413985,12.87216353901243,1605.4598432432545,0.01898785137734807,0.48400001762780726,Medium,0
614.5729067630543,289.08082487360633,0.9506367097609234,11.052981717182547,Clayey,Plains,897.6674248634085,1,49.06133916615869,2.3478182964769743,8.92895367801746,768.5369628044268,0.09394242749948312,0.28969991974782433,Low,0
378.1743815987394,228.12457850712036,1.9997767637603738,9.650873646912917,Clayey,Plateau,831.1263583160423,3,54.80458601145498,0.26387024148721877,17.198809200599115,1439.5602187635077,3.6814408014911875,0.36157036569303913,Medium,0
320.58363539353195,432.7257680765518,0.2651372527973084,6.5185413390143125,Sandy,Plains,363.73615437149056,0,77.44421137004915,3.770377517668459,5.590228236840146,1789.0635240148822,6.362590011875602,0.4323577717058153,Medium,0
554.021836787099,139.662324495638,1.0261270671387477,3.631296531769502,Rocky,Plains,905.5943183527695,1,37.3147123073363,3.4615353344045223,13.73961713533554,908.8265285810523,9.481727792508405,0.4765471375492012,Medium,0
391.19810401213056,193.48358698361244,6.298258046999709,12.003393799013544,Loamy,Hilly,812.3504738971335,3,43.37579885411817,1.5408212482410093,7.4584792532689,1816.0538353115544,3.5572810750880777,0.1736704911146355,Low,0
608.9904576069932,613.5956349068267,6.5266614259647895,6.2868298799586615,Sandy,Plains,1079.0339852412606,2,34.7437250647109,2.3801479159150647,3.818860340136733,1284.415100859866,16.89721958028585,0.6687975873537454,High,1
542.5508924365047,155.44103740129242,0.928156120560752,5.580677759918434,Sandy,Hilly,928.4364766839309,1,52.74370820643826,3.2585081991799076,7.743775307064097,855.3747768501157,10.123918734438693,0.44228062883646835,Medium,0
552.5353984800716,117.54943903482896,1.6373735463093355,1.7898195467066822,Clayey,Plateau,707.7378144008615,2,50.504643937131384,1.452660733893794,0.0,1612.9496644330634,0.6505621367791481,0.27281180447982617,Low,0
245.10664331991987,368.13720940014616,0.5765828762258567,8.015419315936334,Sandy,Plateau,1224.0168576599422,1,59.92666118139691,5.2008283167849765,12.674194410433918,836.8395437623026,3.480821960181821,0.490222217747403,Medium,0
631.7915978079601,30.74561754713511,0.30826995003623453,7.44665981186131,Laterite,Coastal,150.0,2,52.24626485958045,1.2639637002877864,11.330433246292333,1892.9832361930758,30.0,0.5694824700948927,Medium,1
489.1875796850784,251.76713080330734,19.40004700753137,2.4546551912515575,Clayey,Coastal,877.5072050496365,4,63.41141760268343,4.896831604308276,17.493000112054652,623.8745249749126,3.165205068283309,0.7290046227362034,High,1
394.6084291130695,537.4989910091786,4.263735773657988,8.359822126399527,Rocky,Plateau,282.86217380282244,2,48.54723118512784,1.92292199824121,3.1898183179709045,1854.6898048600565,2.9291991096791024,0.550613734237778,Medium,1
471.50827010133764,94.60768934159194,3.124387343383576,5.505424237895683,Rocky,Coastal,580.7323550778581,1,83.16930705413994,1.2222095099850097,4.2825162197971895,1309.0159565916683,2.089523211872358,0.21040404707884383,Low,0
183.56471506525202,42.16426171135441,5.8011731850244805,15.07094502186608,Clayey,Plains,1083.6847960532723,0,65.37941000242132,0.1,1.6849158549229175,1556.1606092973616,3.9989029980597017,0.28786454100683534,Low,0
511.2979217221006,100.0982557650762,7.332255312462295,5.291916423727395,Sandy,Semi-Arid,454.03088184571897,0,64.18820474946082,0.770761919460116,9.82806726568096,1003.2465976734969,7.852825526777861,0.5104980797947534,Medium,0
295.59427377268923,387.80314820163824,6.574353181188173,5.69442000340662,Laterite,Coastal,401.69876345362286,1,65.5180943913003,4.4535893120509575,5.923596290444286,1395.8951014455467,0.2918141206266273,0.6982760884387215,High,1
247.09945712346985,414.9732063982975,0.06671101232363534,4.375671327236897,Clayey,Semi-Arid,1733.6807441954684,2,45.44858209908192,1.2316990386812803,3.8745975845848024,50.0,10.837011007780022,0.5771228639767891,Medium,1
221.64612206731633,218.48934436257895,0.8271516390291171,10.833629563125916,Sandy,Coastal,424.24883200294244,1,55.03902863470388,1.203977125196385,10.000601028263766,1309.2569786204635,14.975534504805692,0.5053377384849363,Medium,0
616.9032562484888,361.98548848012825,4.255745652001415,5.881672616605741,Clayey,Hilly,1477.6823160807908,0,55.55805652629843,1.4788173247148337,13.511380232794867,543.3412042570362,9.114637631943324,0.5641934122076371,Medium,1
355.6104909460817,446.83063930143874,1.8848772975602408,4.82525753870351,Sandy,Plains,839.7292423972589,0,52.33612302521914,0.7420560879262629,8.531478740126566,1574.027312147329,14.835607301334306,0.5883464595944137,Medium,1
680.0591564874749,494.48156973157904,16.178254084786335,9.120865029761628,Sandy,Semi-Arid,716.3098074963586,1,53.83465705195255,1.4880599669287076,5.605990769130795,932.5897169594332,0.5982887487683222,0.7458582442774625,High,1
369.62978054215534,250.43976625841822,4.379335256070051,2.8589411937604448,Clayey,Coastal,1098.3752367058717,0,67.95137719191399,1.0366957954340765,13.858568621758986,927.886411881318,3.5881961148800174,0.6226102711462482,Medium,1
193.896306361058,20.0,12.544477248131065,8.875331638746843,Clayey,Plateau,1367.8079264405746,1,57.29544457721762,5.283895335340134,6.729447914391977,617.9770474042341,0.44215345498191116,0.570504850939585,Medium,1
282.52133400770117,181.4945293108376,0.8998131598440863,12.344199149802574,Clayey,Coastal,498.87622026208504,0,61.5949297256746,1.8260810165074721,6.655220202811142,1292.0225512517866,10.877995197204536,0.5520136460290378,Medium,1
635.3717430010408,228.78349660776908,7.979137893646136,8.699823498505268,Sandy,Plains,721.4125735950144,2,37.73333679026411,3.952690185606331,10.56475437795158,776.4782573770024,18.28806298002173,0.6484308050989631,Medium,1
426.61527330949986,248.92734441059312,1.5506125835760514,8.913694948779774,Clayey,Semi-Arid,1196.4044071394883,0,37.02039178617898,2.5545298212900995,4.5714487266692565,1173.6130932824321,2.120805221647637,0.4028912004070164,Medium,0
367.75690552640987,257.4568718789537,18.250285447177973,9.610180650722452,Sandy,Hilly,1000.79800934945,2,46.67275850357633,0.5258499185247109,13.122533857434673,1036.55967508035,4.5994016057442755,0.6563537563412668,High,1
474.00273387791816,414.2673517516803,0.686422339792606,12.129124086026556,Clayey,Hilly,1285.671240724484,0,77.6734126245604,4.449331259665647,3.4121553460656173,687.7026457663326,2.12015829381076,0.527034613586157,Medium,0
525.2674104251317,432.93141120250976,2.905490895578164,10.629681880057312,Clayey,Plains,1080.289184051123,2,82.10289931433313,0.2008952970685295,4.949545442161561,1005.7059056018741,2.8573135743692406,0.3139516832506321,Low,0
617.6098223853692,259.399161529026,6.2971428933770675,8.319009166819072,Clayey,Semi-Arid,1532.8784032022018,1,69.79612380529802,1.3097995798304611,2.237300682999038,904.7346847271917,3.8839699773602625,0.41818245878896404,Medium,0
667.2748844839389,411.8181851262182,2.267062513171546,9.711674201908004,Loamy,Plains,962.5060095917776,2,53.267818954858285,0.601317597152938,12.316055090452469,1685.1654660156278,9.386858759565932,0.37733605918335766,Medium,0
396.0347031316371,322.91936399573075,2.5250792399862716,4.3421952236046675,Loamy,Coastal,977.6339019158366,1,63.11807226346521,1.6967028362425927,14.775523050018137,1768.3968597144178,0.9539566936497206,0.4337434912959958,Medium,0
251.09284708769425,287.7407167435086,17.17776170674238,9.328880772241966,Laterite,Semi-Arid,1012.6024802055296,1,73.14619090996598,0.7848407032959214,7.237162167733205,540.3808707718343,1.0251164374935042,0.6969637510434714,High,1
387.9802258315086,388.7852988531956,2.2156851816200462,3.9833320864487574,Laterite,Plateau,850.1289018957048,2,80.25294090208763,2.822843642082514,10.23299259083296,1296.7552526737452,1.3528430811123955,0.42286316518447187,Medium,0
489.0420759874329,288.6702457885499,3.7060926260986915,5.89893274410512,Loamy,Coastal,1196.8305055803235,1,44.19992047284646,6.079328038607148,9.833880338639684,1059.9316880704182,0.3277012634411364,0.46384208571336805,Medium,0
305.4361610684084,526.9373412517315,0.2243333541510734,0.5,Laterite,Coastal,982.9644283520591,1,60.44923870666065,2.7164307788479087,9.483747687932809,760.4132984263263,6.187935891930151,0.44830285855223406,Medium,0
306.42736276574357,107.3906599846529,7.3859630090807915,8.204288978102387,Loamy,Plains,1175.8630032008004,1,54.12887252854471,0.9657697869480002,2.2124668207787987,1272.877242355033,1.263320989542477,0.3356914155299911,Low,0
501.5681822324828,218.17949210895787,4.178406517020302,5.068383966674942,Loamy,Plains,1230.5749487684561,2,65.03266325043406,2.016224432896417,4.725761922902866,1434.5274560770802,3.4525901073849328,0.3968044156592027,Medium,0
442.7021472644323,264.81773236552596,2.07019336848495,10.333435645613388,Sandy,Plateau,1049.9591385461147,3,58.627353018904984,4.826722389772683,11.800205659733304,50.0,6.942350824608669,0.559154852747291,Medium,1
454.91954931173797,332.73432285495886,0.0652067739056529,8.170577831816209,Sandy,Hilly,1075.6007134819688,2,45.99612006455781,0.6924491985729765,14.081426401600913,1702.3646939082669,3.5755419426115402,0.5337495005957066,Medium,0
336.22569979498957,432.1552584523707,3.582706878432794,10.372287684104876,Loamy,Hilly,546.3845743412132,4,62.73787289611443,0.27674989839574005,12.745684985798668,1555.452402800713,14.187854242316492,0.20971154616423096,Low,0
415.4398928691349,277.0721719316612,0.050954485174087946,3.7492103659823868,Rocky,Semi-Arid,707.3762442630625,1,49.64137224222548,0.3083093221118094,8.08292633716977,1186.8423878347674,8.796394556980692,0.29325098177195014,Low,0
311.3650283597543,109.33244205925513,0.004817355335935181,10.115158111478898,Loamy,Plains,1195.184208546756,0,57.575622627389,1.5023928115503953,12.010742595871596,761.0781699643305,1.9131559086316399,0.5084120998320665,Medium,0
583.529761668718,381.1016675746005,3.8294777264172715,13.317569033089981,Rocky,Hilly,1398.2709136364797,1,58.1510752140669,2.898009102605934,0.31274355290704303,1444.7131049293898,0.8383996643208929,0.3625334156717666,Medium,0
605.2874002085629,370.59505193703575,0.8380330795613287,9.292474899795682,Rocky,Hilly,220.84942107207394,2,78.24454631043415,2.355708407665749,0.0,872.5539300643973,13.490729443822964,0.21998179023723605,Low,0
173.07182066428595,46.976960874471274,0.8522162360139013,9.371047026076866,Loamy,Plateau,701.2478984620047,1,61.84795113274591,1.3308546760269848,1.123071442806503,1834.9683846196026,3.0341098235377792,0.5112909028650295,Medium,0
310.5733709711385,279.54350395950405,4.236853663614897,7.508793029184805,Laterite,Plateau,908.2672108451276,1,56.92953126612355,2.8748210536549736,22.10745130864754,1648.9430332800375,2.8925721820698733,0.5785367369249041,Medium,1
225.52061173648815,89.18298031836426,0.22077065533921003,5.4259936583039075,Sandy,Plains,592.2539382717628,1,66.69116486657146,2.2110876961873185,18.390581086631336,1209.7811577261218,9.964515950328538,0.3264396767021722,Low,0
352.4964098389653,200.2418682997525,1.5040459920502054,9.283577118104526,Loamy,Coastal,612.118124536411,0,47.39013030169687,2.1768602414598,0.012947178743095478,797.3652258512337,0.05639292035704293,0.27888895304002115,Low,0
437.48430453144584,171.66292876446403,0.6474032092931912,2.4817512687937953,Loamy,Plateau,1066.2219558278316,0,59.21142353667375,0.49746063094998094,6.887155500941839,1448.1130328290692,3.5991683128098755,0.7200744883268446,High,1
232.5532170452205,377.11176378903826,3.4716823359447946,5.746734625237551,Rocky,Plains,1453.4815892100019,0,65.6131571817858,0.8245925906568246,5.840910774810999,1596.090489018738,7.517299242133182,0.28748231943081537,Low,0
311.721028031203,294.01962090066206,4.3360592650718575,1.6868295929884534,Rocky,Coastal,188.86175528725062,0,65.0656392867678,0.9289313806491033,14.473486546426445,1032.8860119150797,11.330407172750457,0.6384712652172279,Medium,1
299.4063941877752,125.72907990927669,5.108122184849715,4.889030868054752,Sandy,Coastal,840.3333478564064,2,51.6451834552021,3.6327586538402943,11.273665175482149,1405.6960879733483,12.987845537334437,0.7324113783380486,High,1
481.09009940984157,385.60791555488106,1.178725868214517,8.926135275680684,Sandy,Plains,1062.148119626636,0,62.36718079409779,3.282721350369359,6.111442945847836,959.9887065800666,3.760564107366151,0.2777738746740952,Low,0
460.4016505554376,107.94330112859026,0.373946281565699,8.51618012866139,Rocky,Hilly,1173.0748902700846,2,66.16379323774399,0.6407546508587249,10.812178014725461,328.9943047606474,11.291715836443242,0.3143026272425143,Low,0
341.739366999412,319.6136548565132,0.3278072955886246,7.152741086606418,Sandy,Semi-Arid,1011.6945700741635,0,47.13857176298968,0.12480930287823042,11.865840226986382,368.51676454525284,0.21850127209497056,0.6161154505247859,Medium,1
476.52313082090967,182.31871968501332,2.221559756854359,7.511202982186032,Sandy,Plains,1516.4908924776403,3,50.75051285561495,3.2121902655835806,0.0,1278.0267364687163,2.1867355854822557,0.2326272562636442,Low,0
367.9979873119102,236.1187500963376,11.663576247169154,1.342406146407372,Loamy,Plains,910.1173076640279,2,54.130996147808084,1.160293094836242,10.65979214179293,1961.6120646688826,0.06332279071560207,0.3410142016679687,Low,0
409.25173345109204,340.5124897646061,0.9822163797395116,5.882313158287255,Clayey,Plains,1359.197476637234,1,85.9543610499031,0.5460598961056975,7.904535059217455,716.414906859454,1.0857176508786248,0.39602242472912935,Medium,0
701.0178135447806,342.5739278871435,1.186846069029247,4.9559451806943695,Clayey,Plateau,673.7713153789108,2,49.02414588878143,0.2737882059665036,2.273044231263537,797.6133242868898,7.740044784132662,0.3792962373827925,Medium,0
651.0691577685521,440.4362888267152,0.4253942460392275,5.022820928456378,Sandy,Coastal,920.2940313060974,4,61.90153954575259,0.1,5.042703244922456,1350.1809284642377,0.026603850618267394,0.5564555715354774,Medium,1
255.06281446086035,270.1295560394256,3.721257154569485,8.79873588344126,Loamy,Hilly,475.5497234704022,1,53.763237415749465,1.2279162123021838,9.417770383705584,1218.4492769200358,4.442130820035875,0.49256710010415294,Medium,0
574.4598626818762,316.7741035556009,4.5561483726547545,4.418478020484068,Loamy,Plains,1215.302554192148,2,46.749596317462135,0.913346832172606,8.623798494307959,1342.8134657487212,3.2064711397643517,0.41218169925311104,Medium,0
571.7094831737388,227.47152131148104,4.119307286152332,5.185957449617767,Clayey,Hilly,857.8449980755883,0,66.37492087336732,2.6230057108101645,7.0518367305951255,1458.9368249868583,0.7866057983272767,0.430700811635373,Medium,0
277.7605066871073,301.8387859147357,7.896875141731306,0.7387922628714509,Laterite,Hilly,1025.2373718819642,1,41.07033117337189,8.267202725642168,6.491496162727955,1190.8906811946315,6.943189618835861,0.39710401966899894,Medium,0
572.8166465632291,332.73832576102143,2.6654433188544226,6.117630458871491,Loamy,Plateau,790.3209790502242,0,75.32232426132107,0.5096475358635016,8.277905171856078,1268.4115723526543,7.087866488213587,0.5605064475654863,Medium,1
680.6897877618829,268.20281830547486,0.5775930817415902,3.736487356859141,Loamy,Plains,1105.2499755806557,1,45.52787901864652,0.6125674901754092,0.0,636.5985941916337,7.7754001896865335,0.39519741106919654,Medium,0
281.6182790633379,63.54994190890045,1.3666112626556244,7.237608786068931,Loamy,Plains,1039.1018908495132,1,50.01359266221428,0.9051608903222282,16.576040782377326,990.8849859942748,8.696876078416505,0.48968101728434416,Medium,0
312.37457684786045,319.77650755970745,4.3439292161314835,4.146675859772606,Sandy,Plains,551.8719995100778,0,64.86224740979073,1.3799338481129484,6.18645637290348,1831.0448133974623,2.2699478441416576,0.49047805206720674,Medium,0
602.6492200265254,323.74737728265484,3.7985832530321275,7.313626736647649,Sandy,Plains,572.1313985959464,2,67.03022325659221,2.6319283351433187,10.530113034485236,1435.6837255996024,30.0,0.6021785029889422,Medium,1
490.7242966238472,198.3791828382459,3.028636735136226,6.565942717772971,Sandy,Semi-Arid,890.2809443805269,3,60.79965312990222,0.9546091029765933,16.08999552852296,1339.5249014339379,0.4545108677946471,0.4907594139000165,Medium,0
532.7214412859284,125.87355567129828,4.5949650700778495,12.016125319126962,Sandy,Semi-Arid,1130.8508850923301,1,51.60638035263204,0.24208516494489996,13.674079144983448,763.7910327262919,6.259554268805619,0.5367034474426763,Medium,0
501.0883824600745,457.10549806047584,4.057718990364635,8.491653941359582,Sandy,Semi-Arid,1552.0134435898467,1,38.87868963599123,2.8833187775057305,9.508743133163932,797.8607617861634,21.196404612682116,0.5812783956114497,Medium,1
508.6043881392216,338.97346130732825,8.525462732541884,1.4810863823130909,Loamy,Coastal,1006.0467998330051,2,56.92092650424794,3.4825976098239098,7.451152483340404,662.8207157145168,1.5240175089613879,0.4218849582221835,Medium,0
251.02918075333756,252.51027628939482,3.5277154602625034,3.205333467691875,Sandy,Coastal,1252.6359908709892,2,47.79952378560243,0.6260140718227216,7.884004178756329,282.41501940930345,1.9554191166599777,0.5459020811101067,Medium,0
607.0976559932172,143.5560540223015,6.0311615823412525,7.1656240269769995,Laterite,Coastal,335.50217283254096,1,86.94463153460525,0.3235279862546337,0.0,1065.440918266567,5.14781168192716,0.6667284811143873,High,1
625.438498864166,181.38222058943848,1.14383905772556,4.210456154822047,Clayey,Plateau,1604.5345473018938,1,59.59620634299987,1.650780738356959,1.9006259992371888,1005.2274976097267,9.119162898000038,0.4231179170611138,Medium,0
415.59138838979584,436.3108476143478,4.535083708587909,0.5,Sandy,Plains,1111.9901738952174,2,42.52971775090559,0.5138997830249152,9.201122328245306,1292.4018689180564,2.393442798402668,0.6312139452779402,Medium,1
443.4784575279206,296.5194329041655,9.299082258052849,11.048638941501231,Rocky,Plains,882.6384210944271,0,54.013333679774156,1.031065238731005,6.109622858318096,1717.891685943105,10.87575998702512,0.435455510214916,Medium,0
220.33387461664168,213.92955195991522,1.9492979911474455,9.160672050716222,Sandy,Plains,842.3563833897261,0,67.09554763103641,3.3048502125241352,0.5098060309407497,886.7818736573726,1.6548671566077864,0.7196935848690761,High,1
527.1382134026752,341.16270774695874,6.040256498186857,8.562930620475315,Laterite,Semi-Arid,512.4800707493506,1,71.94970681301865,0.545506929812867,9.448916008955024,1824.5506122786142,12.446326896151572,0.6238876468240296,Medium,1
535.8086162571216,182.27221750644117,5.1608731888341755,5.178030863587255,Loamy,Semi-Arid,612.5496214979402,1,54.287862855312255,3.6107157046696656,11.775604116751445,1457.273324894149,1.7497640619392847,0.13076642734280727,Low,0
440.6713474501033,460.1011636336454,0.24548593930200976,8.283030313029789,Sandy,Plateau,1568.6524712466949,0,56.576551438097454,2.4660222659931703,13.825942559564403,1910.9811583578282,5.765142674561736,0.6718751491630117,High,1
618.6530039805754,442.336064187607,3.4843929799291398,4.886919027337355,Laterite,Semi-Arid,553.8484465998956,1,64.77736959499565,0.5458419214570824,10.657661394767816,630.3580933221209,2.6570508899076364,0.39509833326124016,Medium,0
399.8884153530089,224.01111145566682,0.5579189351226921,7.614571900653072,Loamy,Plains,547.1062847467792,1,46.77188903551294,1.6442842031135545,4.844713070040413,1786.4477419810148,2.3301093148077596,0.3941482988645368,Medium,0
534.6908888840401,204.55957035629677,13.683866719079393,4.238250322490567,Sandy,Plains,654.2228298735473,0,62.16702300978243,2.0946227475316794,11.42123447412402,862.6542540279183,2.6216935003195947,0.6702335831576206,High,1
297.05034919618265,20.0,6.672666762382291,11.548865351668042,Clayey,Hilly,480.63673646355454,3,61.428050949691816,0.49167504787229266,9.40622877646025,802.3020210690839,4.149307701561068,0.4939253947192213,Medium,0
446.46717736886427,102.21030741383584,0.4648941148908577,2.2892900377544656,Clayey,Coastal,905.3573011959285,0,64.40316357513515,0.3445080219709397,3.3746386543906253,1170.481209531284,11.187862039360637,0.4426675498173439,Medium,0
423.84686131457465,119.26362700506925,0.5193050496651,10.696851488532493,Sandy,Semi-Arid,1281.1186794328337,4,57.53384330578082,1.6665234163535676,3.208101494299245,775.737408880067,8.545678197306183,0.39606737186502344,Medium,0
483.79618830614123,296.2228409184863,3.6102797253362735,7.116747484051991,Loamy,Hilly,686.3276858047883,2,39.22520957510747,2.604032742918663,12.245841908631654,1414.6187052049227,3.5798359778020545,0.35244341821697633,Medium,0
394.57096067499623,240.85195546703684,1.691803431695792,5.531599013974027,Sandy,Semi-Arid,419.3365020837125,1,60.73309360783858,1.3763578694715224,9.568399478019689,1620.538192751656,1.989053874480434,0.6297882640274882,Medium,1
430.27911064924984,118.55974151017102,0.14211850814685065,7.5010087650872155,Rocky,Semi-Arid,1002.1514595551288,0,47.48766316677256,0.15974837218535884,9.288296279599704,1446.9408223741937,11.557273791762046,0.312527127249952,Low,0
573.9070757162259,246.26031490425314,3.1204146682218976,9.200044021534543,Sandy,Plains,880.4789818120654,4,78.71073062283646,5.7048360249272605,8.316975312602764,1171.8390020730249,12.249870062241026,0.5072116290975585,Medium,0
384.4853644142674,340.64045771768184,1.9630796936280586,11.100240210083191,Laterite,Coastal,1250.9535925285686,2,79.05384983336727,2.61212647632534,11.00935166530663,1789.7506070922427,3.6272617374816605,0.5704964936300924,Medium,1
209.0134348891981,343.3407219898705,0.42622933677908464,7.939429069400596,Loamy,Plateau,740.9220952442054,0,44.26217085312595,2.1356216475207987,5.441127368981487,1414.191230570193,7.141323965918831,0.2529729325669707,Low,0
712.4375856308131,52.039566296934254,6.4763450791142825,4.327911744213168,Sandy,Plateau,808.9451271306636,1,47.73962291926611,2.2699102300799163,7.363554606554477,1127.4098562663685,2.765203176611378,0.5223817750068743,Medium,0
657.218111803573,264.6083823419403,9.86403020591343,7.166890371297366,Rocky,Coastal,847.6643724098559,0,30.30575918334604,1.118709507491958,11.72519059652077,1136.1880324885778,0.96874764132337,0.6335851802065032,Medium,1
256.1605957341572,113.99910676340676,5.652096707432452,12.450379709987118,Sandy,Semi-Arid,931.1514386937188,0,66.8253483251237,9.153136018488606,8.184200565722021,757.8828721759182,2.327073609404553,0.6364431654452645,Medium,1
553.4561707867791,388.2074436568329,6.913388303103494,11.043034256537872,Loamy,Plateau,762.6034129248435,1,51.12282344591939,0.31316201975546065,4.253626275881365,717.9643694206991,6.875814504686802,0.5913135762109891,Medium,1
374.5537844172985,374.0975699624198,0.9758887121285388,9.726290434373077,Sandy,Semi-Arid,705.8745621838968,2,61.24750328723801,2.956308728119848,4.559614049383887,972.534584860307,8.802675468542612,0.5057241657121252,Medium,0
489.52308229965894,172.236732841065,1.2237803951651307,9.38706106036716,Loamy,Hilly,252.36781029135545,0,51.529976788960596,1.2017249054384733,8.223953761746783,673.615757491128,11.449303719564401,0.34991633491052787,Low,0
494.1336193520241,188.07457571195204,0.9354407813522136,9.098350271819626,Laterite,Plateau,702.114476807959,1,38.774434496737996,4.684766315959217,0.0,624.9437552135888,0.10722868382232029,0.39687430148178776,Medium,0
414.8388299525517,224.64795394020314,5.793758887910623,10.47626450352961,Clayey,Plains,1150.3281438286133,0,60.52759305749381,2.7791104841006113,16.754889432082418,741.507101200199,3.9979347631548876,0.3257613261044256,Low,0
332.43515016204054,20.0,11.81967277842963,5.630113642834284,Sandy,Plains,1197.58593177911,1,73.46534452607973,1.8174472511618802,7.130873013510733,1737.3789642377897,1.9205879030993622,0.8492561564711346,High,1
346.41884215256107,320.3161808128692,5.046933222015002,2.9347418026749814,Rocky,Plains,735.1104417430448,2,57.66395059265834,6.106521699638115,10.4275914585753,795.7167886152253,6.911309719485397,0.44044102538903873,Medium,0
312.5712126778136,247.2586544391843,8.530247570314094,7.207010502211184,Rocky,Plains,1354.8200993636167,1,45.67674670891216,5.358032661263219,11.185779734672675,1612.4271423184414,1.6888588857457179,0.221212311936082,Low,0
325.22666876543326,396.4210099081431,4.072176542658829,4.547255239666927,Clayey,Coastal,889.9535749048758,1,56.22181179682278,0.1182569414629758,9.260091511135615,879.8410550200695,5.012139545250793,0.39400265433296167,Medium,0
439.9232564925967,148.19089384449367,1.9618697311308855,3.834937733868447,Clayey,Hilly,431.75376986441825,0,64.15953597391226,0.4706267852879549,1.1701594055241147,1294.6946279286713,7.467990769793663,0.40921836000367273,Medium,0
342.63600163338725,205.7052462100082,2.218842655513416,4.839164270236204,Clayey,Plains,321.6655802410105,1,55.578049894837825,2.4797422190132057,2.6655036857959438,793.059468291504,8.819749615281435,0.2844959173033509,Low,0
552.307809856893,99.21696903530616,0.3132363843794254,14.455941773601058,Rocky,Hilly,1326.3902729169042,2,44.81724982589208,5.60777785444708,0.5526891330202943,1298.074802826914,1.8838958427319041,0.21288793880466553,Low,0
673.0869233003891,159.4851323806896,0.12785040061434974,7.408373902227533,Loamy,Semi-Arid,769.4486961586242,3,82.23754446158577,1.2379356827791737,13.47445254872164,2338.794030660995,0.5515875353558282,0.3840033512658107,Medium,0
362.9920137944936,138.16216047181373,4.756016309743089,8.085723509082964,Sandy,Plateau,475.07741692459734,4,39.84942693091003,0.1,0.28504592195727607,851.0958470919329,1.4808791364554927,0.48480226102531465,Medium,0
485.91067508030653,399.5168414615735,2.3080674939311008,3.332911578987238,Rocky,Coastal,150.0,3,85.29525162454843,2.2678755111446245,4.681830597417469,1053.1612892247736,5.484729722659323,0.5584275108170244,Medium,1
524.9527665454401,196.20857814983293,3.21376889782418,1.4687411236221104,Loamy,Hilly,761.4993611937,0,56.88628721195355,0.47635335843224375,14.533140468797363,606.2233168661317,0.24774003431121658,0.5557142967245723,Medium,1
520.8003406378912,294.90108216935363,3.262717129404279,4.542842070643582,Sandy,Semi-Arid,1041.6628006487265,4,68.76648686278263,1.768097010434756,2.3517242939272807,1749.7415525441536,1.0379967873230806,0.3871784825756519,Medium,0
461.39329018741313,234.30839153658349,1.29946395642494,11.314586755626244,Loamy,Plains,655.8080995838284,1,60.58261840756609,1.0683598576850537,8.747086525215712,1829.529450593352,30.0,0.18135899115356208,Low,0
561.4023627539584,127.66416807846244,2.584233934771996,8.002826398229564,Loamy,Plateau,531.364193953145,0,47.467803684257035,1.7963144610722426,11.796534973135685,733.9678462896832,2.890819623544661,0.6269901953310308,Medium,1
522.3373429020986,259.80394921940285,2.5452547305982605,8.795785274333177,Clayey,Plateau,707.7184809876454,0,73.94662038920814,5.928306363063015,7.70603830790873,1121.4191239730558,4.117342509735187,0.4273596537660605,Medium,0
264.35063665090536,351.89239982363137,1.9668852565543031,9.215698117606184,Sandy,Plateau,1335.1172067006996,2,65.39129205137846,1.4633170913370745,8.77840285756878,1410.361478786473,0.06640913787246744,0.3561211945465079,Medium,0
580.373409658391,135.06887289479772,6.87423045998184,5.225951860605167,Sandy,Plateau,412.4564338136833,0,56.852919517555215,0.1,10.665040293020686,1233.5871857623108,5.377572776197764,0.6406129352246343,Medium,1
583.0936255900112,377.0935348877655,2.3998224550927825,11.163896751920102,Rocky,Plains,675.404639352119,1,66.73201810362663,1.9133150111035648,16.930804830784336,737.4329015634344,2.3609110889683764,0.38398276629169775,Medium,0
335.50708437321276,178.03348942267644,3.7017752199974416,5.101577202333454,Sandy,Hilly,1323.7652088661566,1,56.35204141878893,0.8671249128428903,3.328583606233921,716.7008137092562,4.532602772129324,0.5189954153825508,Medium,0
455.6906753171403,222.0419288712591,9.03504306257929,11.21869707778766,Laterite,Plateau,1072.9617012983138,2,31.58629954999681,3.31250847209558,5.80418960332114,584.1176401072734,4.480785948718088,0.5430343762684106,Medium,0
552.4993489216604,343.68197476120577,8.046641819149247,8.326906468406023,Clayey,Coastal,962.6947348226347,2,37.47228454152315,1.3964353036355084,11.163682651535254,1712.2235916546024,20.55124075003301,0.43155669212751113,Medium,0
418.60292706309576,200.38766113366142,8.844482056872602,1.6328645372610335,Rocky,Plains,673.043852604313,2,57.73503429438005,2.97519125847367,7.0158355480688765,1531.7409564566487,1.8739555052856556,0.3017845152908897,Low,0
610.9467071649018,284.50898312030387,1.2588703573429825,4.755971540198395,Laterite,Semi-Arid,910.6766850751497,0,54.1880820515767,5.268847365226059,5.195560787984251,2034.1860754922302,5.069864215890397,0.4565401191892748,Medium,0
804.580874192904,242.23710054542892,0.1424361239071196,1.6451844013836858,Loamy,Plains,711.7598260413447,2,56.92542873869807,0.9896623908247257,13.155025717325845,695.9720525797948,2.8832587766679625,0.37071114406551886,Medium,0
332.10209510475266,295.52416080445823,1.2101910176004698,10.489846398382626,Rocky,Semi-Arid,599.2148541252371,0,53.91829512596425,9.998603360054522,0.0,1349.7944660692349,3.289086489270286,0.3825144008236233,Medium,0
242.84330952693378,20.0,1.3068412935512759,6.925793737592797,Rocky,Plains,521.9798836443908,0,44.540309248469136,0.357057351224264,13.64151461712763,1268.055069004062,0.342972762981651,0.2902466624808626,Low,0
495.57278934073133,60.43818217503005,9.603453067653115,0.5,Sandy,Plateau,1174.4334587303745,3,41.40862805733036,2.2717918558435373,15.940176383310364,1385.6776160943004,6.997230660554065,0.4947560985508599,Medium,0
558.2343757689215,353.9160407256206,4.19064336516723,8.127240645158976,Laterite,Plateau,878.8578537243526,3,47.850514710053766,0.1,6.973711810505449,1504.8057428515976,1.303605650671292,0.3147881553980707,Low,0
415.37004392328464,404.461768677886,0.3409418250201312,5.38850721283504,Clayey,Hilly,1010.0798103309436,2,67.05155102031293,0.5271178781201736,1.4221464801862655,2798.5954426563994,3.7921872991526753,0.5068458446143924,Medium,0
667.9890994981552,170.74159557621743,0.5818542044454276,2.5485824349000303,Loamy,Plains,953.0856150304913,2,48.194574853958784,2.209937811638847,8.886921397648164,2779.1167138577316,3.417826202488044,0.3947961200315793,Medium,0
249.20913004151268,250.71659773946388,0.6768764819403198,12.03389751090609,Rocky,Plains,1054.3215897329258,1,70.5057789504158,0.10404374771757201,10.408042865997785,1379.5992746526736,3.7882624877984057,0.31089534321945644,Low,0
553.9377934547417,315.3663103482762,3.981571133577112,7.3218575982897365,Loamy,Hilly,810.8484235049378,5,45.560419940041726,0.23616590798986611,0.0,2007.4344625365927,2.825265627543102,0.4379887877238291,Medium,0
359.120876886166,363.1861121990445,5.318356140629729,6.119705793060063,Sandy,Hilly,731.419892130899,1,72.221415065342,0.7566123312540968,8.410538615733023,769.198565088205,1.6654829119453813,0.6648792201899902,High,1
707.9066859310944,36.67872739949817,7.854290358490925,5.801725657041949,Laterite,Coastal,614.6518847131072,0,51.8130288074333,1.8857660324476728,17.74824002359865,1150.3106715855865,3.5730098655202136,0.569164561248499,Medium,1
748.8773029752177,173.67517036259474,11.296306301789167,2.460161592526683,Laterite,Semi-Arid,405.11080330751025,1,54.30362354220917,0.1,14.312770007436823,801.3219940896913,0.2839304642401101,0.405809810564543,Medium,0
335.00151183249784,240.090474418015,0.9011060848442741,3.0863533012476716,Rocky,Plains,507.2883902819792,2,54.40757956894999,1.4486211643713371,10.622397668542625,1326.0572780172824,1.6649850895463922,0.5424419068018086,Medium,0
367.566429613713,364.3768236683259,1.482936013826351,10.85475035462525,Loamy,Plains,772.1037976149224,3,64.98541800812575,2.1621920152844134,10.044704737902364,1462.8972198831873,9.218473505076371,0.6170567888606677,Medium,1
578.9381830469703,579.8116580465794,1.0994471162338229,5.578351390642843,Loamy,Plains,338.9361804475826,3,61.02492114841905,1.1330860996597676,8.194498594060978,2349.6592728164833,11.102196619113398,0.5665328168772127,Medium,1
391.9304025315728,252.63931278283385,1.7774156863736377,7.06620310281059,Laterite,Plains,416.19993355238944,0,59.67005502033096,0.15407934585065688,8.753823431791943,734.3201661203615,7.538112511409217,0.5363199220753159,Medium,0
443.1883173101643,111.16270454752134,9.844687403838742,0.8670085713967763,Rocky,Coastal,1264.7489624223122,1,57.0293209768359,2.0764781679920374,7.525041393972355,1863.076571469715,6.007237257739302,0.5565995802827794,Medium,1
453.80826308136153,328.27216926415576,3.4237240341078197,3.045723892613483,Rocky,Plains,978.4628196988274,0,51.16727353324616,2.048170701717442,9.023073464906393,993.2967474682965,10.004492324425238,0.4351989093691402,Medium,0
162.04902657035154,438.5194947448852,5.360573904468205,8.829437559624258,Loamy,Plateau,741.8571451287678,0,71.16284867708228,1.551672109693746,0.0,920.9330815899918,0.8206318803535508,0.4393097300548846,Medium,0
447.9243380858644,292.9616945175401,2.6943135077016436,8.1331352803415,Loamy,Plains,1695.0510606165963,0,59.03153124308346,2.5990393122708997,0.0,1082.246802933297,4.469853873436339,0.24496073265670337,Low,0
346.5408338903739,171.20217458148485,0.11712996462070838,12.260125596172948,Rocky,Coastal,323.1125984504399,1,64.89007770535616,0.5124758794520203,4.245258533617991,2190.341578005517,0.7419321002235608,0.2597163821075812,Low,0
376.0315766400342,394.95927297760227,0.2653947075161835,11.028868994893678,Loamy,Plateau,1241.4639467616375,3,60.40159712832314,2.4967458321367717,13.161248848580014,219.481737333433,9.026848882358216,0.3078201534815707,Low,0
666.5448005203222,359.6254742198122,3.0880952111568325,6.307867082545531,Sandy,Plateau,860.9868710272044,1,52.941137826462324,0.3873907871196451,10.968221797696419,1426.1125912085834,4.410773901950153,0.18368758939330296,Low,0
261.5239658581115,156.87029869652508,5.074600502267993,8.418860694139813,Loamy,Plains,1174.7664580194842,1,86.74457294346632,1.0971881553327645,12.23083935708183,1763.037332108849,9.965173140459836,0.31354501139863894,Low,0
571.9807780121967,325.77107410412106,0.9699708161786272,6.050189671290778,Sandy,Semi-Arid,938.1338010447824,2,72.76168216983356,0.1539067212283893,8.47607432090552,716.4226280402702,9.628595810099078,0.5104023377855191,Medium,0
408.15556045022873,399.6718681190647,5.119235779089792,13.164429455915945,Rocky,Plateau,244.7142282141599,1,51.518704019970926,3.7619163723655156,14.074880856575035,1466.5965399744791,3.7665433714349508,0.1591069091730458,Low,0
408.03597472562484,421.82680510706723,6.656965725694253,10.447044088157199,Rocky,Plains,933.4111636455899,2,82.63082074379076,1.6999306629125948,14.662510164216414,838.3168889713128,4.12149137481876,0.3544011735301249,Medium,0
568.5557844077567,272.02612296286526,2.123415959019284,7.509055272573254,Rocky,Plateau,1017.4445491238594,1,69.1284619514207,7.792746550904666,13.973656683585276,2181.4175973988677,0.17204827929557956,0.36955998981940574,Medium,0
501.00769418533355,237.03046645848173,5.488291594342581,7.601184354629054,Clayey,Hilly,150.0,2,44.88428317429539,6.276510318404664,4.591096488697936,555.5554203727335,4.447892687636164,0.4062558072559589,Medium,0
535.5919495829296,427.2728586497515,2.0702594616337295,11.334550861779423,Clayey,Coastal,1580.4169028306644,1,68.58397102558101,14.39658335886095,8.275013086962257,1489.6084775710315,6.789257563341117,0.49417703074849084,Medium,0
595.2276990799292,134.78073964229378,4.5371729523336946,8.738733541341542,Rocky,Plateau,1008.9226579604702,2,62.994064259217616,0.23489039657127084,5.683378725369984,983.8668835617735,1.596742375387326,0.4085353895477266,Medium,0
400.3037425225016,332.62951491052064,5.77564388460558,11.675884051210257,Sandy,Plateau,1135.1957090477736,1,59.98688544373903,2.052332694826387,15.375414164355497,1130.1924472974233,25.842481507725502,0.7024885481638679,High,1
358.16448982383747,115.59680471626848,19.27673135852513,0.5,Loamy,Semi-Arid,492.06471364829093,1,70.17690761309444,1.1517689776940259,13.613731298619015,1055.5400361899992,22.092346381965843,0.6795338758184994,High,1
287.22742101633025,407.84515267115233,1.6949032709117184,8.383684784496396,Rocky,Plains,1141.7161327509664,1,62.09011854147283,1.6735577118875058,10.28648971592962,1755.0528662379725,1.9946591810321834,0.33784124606362903,Low,0
326.18842050315675,249.0345381266606,2.11759333878528,5.453695405955845,Clayey,Coastal,1281.3265608470697,3,33.88174381726234,0.8124134679538881,11.4452345331176,1297.4648281263828,7.489079307060882,0.16251050962865496,Low,0
892.3641637963087,432.2299882776963,0.7242656644195674,12.269133962883977,Clayey,Plateau,988.748879848246,3,41.75896237771146,0.10837762251819916,9.458939617232286,497.0481878641782,0.18276556344446596,0.4639830284535898,Medium,0
636.701937110518,338.9695307626632,0.9129915170471566,11.639196061569487,Laterite,Plateau,896.7199545177324,1,47.7331900025193,2.706322522534797,3.335343397468259,1390.7269241123358,6.575245038156806,0.31127773865137354,Low,0
247.3388450687968,133.2135723925684,4.728780053036202,7.09850742730392,Loamy,Coastal,587.2441562855543,1,81.94703698604316,7.427263787813817,13.3608433804148,1340.8887054690877,5.8692599187089,0.5618870493800191,Medium,1
251.63130648846447,450.9553278492692,9.957856404256347,11.606892936433095,Sandy,Hilly,824.327578775836,2,65.8202041182279,1.6722270042882785,18.088415540557136,1726.0257770481412,10.361214569100701,0.5596959069162405,Medium,1
522.2799092577737,466.14943197132754,2.0074962463371824,12.349343559977518,Loamy,Plains,720.789670009252,3,64.49336703198938,0.8796718115516076,10.527078630745471,1374.2244786179083,2.177581786552384,0.6676657792502987,High,1
532.0897196066951,385.8743791119059,0.7930450309334701,7.223220015778442,Laterite,Plains,1100.1984730874394,0,59.29420630237097,6.127261530475287,7.397717441126275,445.97309461039174,12.622904745048675,0.7292983246226976,High,1
532.3325752976046,188.6094561956536,1.342447623791971,14.415801317295573,Rocky,Plateau,602.5434262089091,3,46.94134724384823,0.9979315884986355,4.365194592032164,1794.4758059426,11.710514229140784,0.45621437890647704,Medium,0
411.7566309669453,243.27832547711094,2.428257440108178,6.9059765419908326,Laterite,Plains,1097.627752526245,0,40.55645749752904,5.411076873184065,6.7154035646243795,1777.2593969224422,6.64476118212016,0.5071104833236195,Medium,0
431.18186099956495,297.4512660886911,1.3736267421768684,6.356437148992273,Clayey,Plateau,606.3550530446203,1,69.94947244017051,4.258754365986687,1.6264772604032256,1468.0705333681776,3.8357605079135686,0.44140650837601497,Medium,0
499.1819286239036,195.554752080228,1.064095041281573,9.59761776575303,Rocky,Plateau,808.1766060439936,1,77.96084786861235,1.6550243538871774,3.425045628116033,1351.7393558688302,5.7803135565686485,0.3205414977648907,Low,0
462.88395094399954,483.08158869558457,5.3269896914151165,5.938627806573058,Rocky,Hilly,1115.6155389544858,0,66.13047904429806,2.4853593877275033,7.163043879370659,1393.7912877494512,7.855083744518099,0.3614088464583604,Medium,0
117.10494408786974,297.3191766071244,0.031503418083590515,7.256019327384681,Clayey,Plateau,653.6711480048847,0,52.110190000312,2.651069321873218,9.581980563954284,1784.4887246904807,22.193915657551457,0.3643149894912551,Medium,0
415.5300554137209,20.0,3.099429681420258,11.22830327215273,Sandy,Plains,1127.6877711421607,0,53.092200433024125,2.2543144115449336,0.6224185164331493,1887.6071029884097,0.7787949364636337,0.3582811742571915,Medium,0
322.28903486095294,320.7226975307465,6.31499098286734,7.057656556651811,Sandy,Semi-Arid,1093.547955184979,2,66.31753037094337,0.3855424968324135,8.96172122485033,1473.5890719681033,2.253161595366064,0.569953015899576,Medium,1
476.2817128362768,238.2211123819224,1.2382292620986526,1.914946621074077,Sandy,Coastal,805.1672643180698,0,56.601317262324066,2.596393458684139,15.912664517710196,1524.7179525365773,9.104334082897603,0.4699618825937384,Medium,0
897.7888503905115,271.0088132657863,3.6982142066828287,8.10195816354759,Rocky,Semi-Arid,1306.6241204745263,0,56.112008533668,0.1,10.177034216174732,1306.8863018437705,3.1574634864810043,0.18007247898428141,Low,0
505.12224982114566,235.76567610571604,4.421340613688378,4.911119262842815,Rocky,Coastal,927.22451969199,0,51.53792192751436,2.7236029127784502,10.4766498561899,2409.5118115505875,6.697236419643708,0.7704690799333506,High,1
402.9705470741403,376.8455699928025,4.257129793183553,9.595813471883638,Clayey,Plateau,1285.7967843048725,5,50.03990205382067,1.7804882211624755,10.029325953378768,187.47573639005282,0.8571143002305255,0.39549511506934115,Medium,0
588.2702252965878,414.3625334264058,2.3612768425932016,9.088569147478736,Rocky,Plains,1527.7127237070126,2,56.55605210790382,0.6617190609037029,0.0,876.7751704667021,7.409925031227123,0.6402523474815585,Medium,1
522.4031830813819,313.96637947103846,1.7021283671734304,11.414201044499567,Laterite,Plains,815.544642404541,1,38.99537416402994,3.5825658423000677,0.43985156439548057,809.4551286627591,6.726322078029632,0.398830854902981,Medium,0
513.0141735677762,239.2826575434209,7.229703955810311,9.72259690237809,Rocky,Coastal,1125.7342444095889,2,65.43171897674125,1.1432581340275458,10.990522977144666,2258.98840340476,5.288728669979786,0.44460662821901986,Medium,0
541.0275889823506,275.0395354228996,5.682648201543102,10.270732850974195,Rocky,Hilly,676.8512261369935,2,35.593859186260886,1.4632169518849953,11.551151586645986,1098.5590814686984,8.695097374951315,0.563283262809571,Medium,1
758.4815347244312,282.3519539893154,1.5500401189426174,4.99270971958686,Sandy,Semi-Arid,538.5149566721307,2,70.78421439710642,0.1,13.224041521541785,208.0179089333052,12.727195467930063,0.5151036487332414,Medium,0
280.36673470111265,183.70839521621957,0.4348832625543449,9.411959487671508,Sandy,Plateau,831.5891199147501,1,51.66773922787371,1.128660549377113,14.751287361805216,802.7920853990508,10.607177525031844,0.5086641153450367,Medium,0
521.0448115217182,349.4714378285482,0.29806472529640354,12.905353868080871,Sandy,Semi-Arid,423.08990208768796,3,56.572728043354154,0.4029459651223681,5.41750293522864,1487.4797485769816,0.8188653100582661,0.41639935527422833,Medium,0
311.0428305027692,335.20507886325595,0.39608252284041195,4.9340502740896985,Clayey,Plains,571.8372771234415,2,64.6964311491053,0.71095607156893,12.854120746190327,1225.1456176672339,8.184693721582933,0.35920611700412824,Medium,0
533.3268969513373,464.8529487732008,3.4974232949318744,12.399214875181293,Loamy,Semi-Arid,1107.0014097623737,1,54.54505933520625,0.6391853907353823,12.784584829662975,1158.3343830663011,3.5844528214926736,0.6536728538421481,High,1
312.1970232770858,430.641973634617,0.21217794238227555,5.3519497263960085,Sandy,Plateau,720.2228445929065,2,49.138939294382496,0.10364948910441257,15.681065546917349,1311.9333037797107,2.4377290469135096,0.25540328360152603,Low,0
387.39497795923734,197.71900988918438,1.6434800028253669,4.444086264850077,Rocky,Hilly,1148.6799304926515,1,61.4372146070565,1.3576252438758916,16.015624976549976,1780.5560719379391,12.704086038951484,0.35889505098773833,Medium,0
405.736512864314,378.43580494107573,5.596703116594693,7.888601330064514,Sandy,Coastal,1004.7941783061206,0,84.37990096523626,1.6266462809130322,6.0516496441849235,1671.3222042495045,4.920611556301896,0.7709808098813504,High,1
596.3725079017063,165.8855940286634,1.3945332673347115,9.147731248386428,Loamy,Semi-Arid,1547.9039217066902,1,67.4536285914178,1.8621775882896654,7.602215783558263,802.0810840898102,4.173718192684686,0.4049131165987589,Medium,0
587.768166591362,363.511852112902,5.763983548673406,9.735250371916795,Loamy,Hilly,1083.5180499516161,0,48.904862463173814,1.364671654755754,9.03931788684823,1357.749857784107,9.21153305167983,0.28623446210513154,Low,0
263.1423935330423,218.00629614878704,5.473299741968736,4.114712737680394,Sandy,Plains,1289.9763245977601,2,53.775717491566624,4.480493947335387,3.864313722287404,1985.1854247463612,4.835323092631293,0.5365748201482142,Medium,0
458.2401166499773,157.2096131949299,1.1285346807486332,8.30362029176287,Rocky,Plateau,1040.6596320946412,0,52.27260317570335,0.1,13.53993584350689,1317.7417551377116,11.711889843567997,0.385208467246501,Medium,0
343.5630217876241,313.60544112368854,5.219922045052884,4.943336285549485,Laterite,Semi-Arid,1008.9877253773254,2,45.620401736179744,2.0931288234812184,6.939168020985275,914.2056624069015,0.6515340201095419,0.5448379628612646,Medium,0
261.2242633986998,20.0,5.509760911956783,2.5332332317882704,Rocky,Plains,1307.6565647396603,1,65.19828442864797,4.423977021341439,13.845662547671239,636.6804417040704,8.98022064757185,0.46819545524377765,Medium,0
417.44744243634443,69.88293107137264,2.026364578476833,4.213791053401646,Clayey,Plains,1134.0791130528426,2,54.087479810892816,0.1,15.564428102601966,1327.4350740804862,1.0735729594485444,0.2485280578033244,Low,0
403.727581731627,258.700973947086,0.9450189324849798,4.747298902132545,Rocky,Plains,973.5222645350998,3,61.81313711097356,1.5087343091590633,6.588440169474071,1102.4465561795078,1.5311448261438914,0.3697408559179938,Medium,0
814.0074729518283,289.8930119961811,2.946480801209909,8.564785481057521,Clayey,Semi-Arid,971.9791330754013,2,30.0,1.95630210468975,0.0,1093.5240505314218,1.1866937117900611,0.6009758953704429,Medium,1
514.9439738041044,235.68174758101733,10.173411571989641,10.456640989206006,Laterite,Plateau,1088.3802591406456,1,66.28028172890285,0.4660477059306498,7.85674538665342,1315.4031267509258,1.6341709898583119,0.442828211540077,Medium,0
243.35737488686442,90.46764415388816,4.082348726870791,2.5803801103742003,Laterite,Coastal,665.0192681890403,2,50.895941484428384,0.6402464624860047,14.685915819783414,862.6688534104795,7.8968206148961,0.38550484619795927,Medium,0
365.28389937435867,181.85297894337936,0.7594274930700825,8.055883222624168,Loamy,Semi-Arid,650.1701868514556,2,45.93690289846192,3.3877377058298914,14.620582756815004,1846.148865545569,6.391036856505374,0.4262543752292766,Medium,0
603.2074943144098,326.94511926848725,4.592347999988327,3.4699054426872804,Rocky,Plains,1398.8920763305264,0,41.94789666836971,1.8434606028665592,7.497571438242978,1164.6268266688046,1.566484628140955,0.35856240108616927,Medium,0
763.2664159304887,349.8138124754035,2.2288957936349436,8.887256227042002,Rocky,Plateau,1552.5447823509992,1,46.961756114528654,0.8348425176173707,8.609280252474223,2193.004150609176,1.889702477876181,0.30628093784254706,Low,0
212.10250316430626,278.0532258884871,3.581335450115938,5.131808256988757,Rocky,Plateau,574.8911395564419,0,52.86564733180261,3.183683139128201,7.237142330222666,1716.6493942391403,0.6274590225169038,0.5307392061316553,Medium,0
168.01134222914322,418.82005372443865,5.297998929403589,3.8460129459301635,Laterite,Semi-Arid,665.8519486461036,0,68.66445504398914,3.021132859969362,5.031719551749453,1162.0308334679767,3.211073866077114,0.5582244657858476,Medium,1
730.6447763057673,327.6876428151081,2.8939913614308117,9.398993546042725,Loamy,Plateau,1299.8829868264506,1,52.67546905569811,0.9322140173411607,0.0,560.5319728795525,2.854538434504141,0.5841319425750855,Medium,1
508.44212660563556,190.30532152501453,6.727689803089292,5.239232183664715,Rocky,Plains,1086.731997599839,0,69.79273276644723,1.475531987224228,10.598247854645514,1531.4672322872634,0.9456504440991755,0.45746549468879494,Medium,0
319.75609021854507,246.3397535906059,5.1227758391071845,6.052108145941905,Sandy,Semi-Arid,1136.7498368623228,1,61.505823146094286,2.402817467503162,5.582228351907999,1436.469841662539,10.797239422053117,0.5858062309947489,Medium,1
530.1943629183653,111.65606113505743,3.8188098255805105,0.5,Clayey,Coastal,1213.81045319857,3,79.83190672485364,0.9249914509565618,9.073636438978141,849.8419149801191,11.487430251795,0.760637889134824,High,1
80.0,267.02332115303,0.6538083570583998,9.839654084270421,Laterite,Semi-Arid,815.7437433895735,0,51.98891937786201,2.1814728832081483,11.389612984799628,626.784916585864,0.6927802787803884,0.5300640132204569,Medium,0
450.5063259895741,413.45207430656063,7.230314399884441,9.462725563507322,Clayey,Plains,1015.4894737465653,2,62.964740742846715,0.6360524262500462,12.518366648851806,1193.3901345720863,1.8584696917005061,0.4368503747854012,Medium,0
499.1731759264628,362.23481016531616,10.989592213305803,7.016373532843942,Sandy,Hilly,988.2672527443323,6,72.98576954719144,0.7597493267703114,4.559178517701689,1317.0403272359717,7.992860144347824,0.42444805343701275,Medium,0
588.6405209306745,448.2411191102947,0.5892007039192719,2.417257175932723,Sandy,Plains,599.5279399140888,2,65.56413775267396,0.81848580513022,3.116419642826843,1280.0521650395174,12.239787842215476,0.34439265458918145,Low,0
297.91560715611934,243.65377074412083,2.6796068832074855,10.62810753500429,Rocky,Hilly,1010.2818301254963,1,55.95654334224255,6.049402369472556,10.94311299094171,1201.6285624076434,0.44622735156818116,0.35819094764838266,Medium,0
462.85307421050385,441.5319753417109,1.1984180766720323,5.001209840917626,Laterite,Plateau,1333.1987436523839,2,52.14885545069383,3.946347660031517,11.30558585095047,1797.5762550651657,13.959442517621714,0.41682261182230634,Medium,0
311.1863060910619,256.8034928262436,5.618213099406081,5.639939649698236,Laterite,Coastal,783.0533664048235,2,34.676054031031505,1.832139922320174,5.182219702991038,882.229454605685,0.3817114568656359,0.22728465147877203,Low,0
488.30756335114756,456.59020990838724,5.11521122941803,13.936132169078594,Laterite,Semi-Arid,953.399237059327,1,55.12535148050151,1.8256039579753374,12.973775010438555,2147.7526219845768,6.027191068905138,0.5352392730084441,Medium,0
315.69805164554634,277.3771903069452,0.6074105188017029,4.889090667672312,Loamy,Coastal,972.3481206037995,0,46.93081224172623,0.12712554563510264,7.80973509733025,366.65072472764894,0.13393462432752545,0.08088876275115302,Low,0
388.7848741259669,364.8677648565132,8.383170663067922,9.2266298872795,Clayey,Semi-Arid,800.3674073476552,0,51.49903810511536,2.3065186712117014,4.284460478835238,835.7315861868128,15.808660851324364,0.7626247427236691,High,1
300.6276907814656,457.0134837171827,0.7985532270165921,8.686276786247852,Clayey,Plateau,1136.9154331930251,2,58.62001898920732,0.8748856896698256,3.08439137720587,603.2663820778714,2.618862113309642,0.15927075714439423,Low,0
547.6704362735486,256.7886845702553,6.383304412484204,8.170516578640255,Clayey,Plains,661.9770290607544,1,39.26680400503516,2.0845479358876777,10.441072416216812,1310.3827716523908,6.2784490444908245,0.49717871660169644,Medium,0
578.7676674984998,306.2066785053009,2.4424391583526117,7.846001627663533,Loamy,Semi-Arid,1366.425931543577,2,46.08616844409728,4.034895602117302,9.20105163456514,1399.489689262611,1.224622282449205,0.44591036594981265,Medium,0
414.80691450638795,434.6636110247563,1.591608877285726,8.129165685667598,Rocky,Plateau,1119.1719465712858,0,62.64822262455945,0.10244489402409174,9.89897167589163,2076.7048063213933,2.3250623228747296,0.5301584810455167,Medium,0
455.73569924400425,264.03962032839235,0.6890378602660776,7.8158217728216215,Clayey,Semi-Arid,572.1309897644869,0,42.819840425002056,2.055035986204746,2.4700085523456634,1306.998726099221,8.253277550017556,0.4880858240759335,Medium,0
232.71128780496838,121.49292609926067,0.733837244668075,6.844244923671817,Sandy,Plains,1494.3033897101886,0,57.457482434939905,1.8272611866878383,0.0,1623.410907342843,21.670596489431528,0.4772198231268125,Medium,0
405.04850279898193,537.1608465501891,4.337542533007309,11.533849372332227,Sandy,Plains,958.8355114415584,2,41.179842927940584,0.5096029815032583,11.053817717051057,655.7939338369639,29.009984094816495,0.6376389518494914,Medium,1
442.4693074437383,223.6282642795436,3.197858286148968,3.062018317602165,Loamy,Hilly,646.968368967732,2,64.31591155757204,2.287300694847316,14.003990451360458,509.3492763931979,9.954275224104117,0.39495463452833734,Medium,0
843.1189636544963,299.0507261125051,0.5208239250185537,10.06437431204613,Laterite,Plateau,1286.594083746917,1,65.88519280694214,1.7804837700065055,0.0,1854.1596962843141,11.271479109676692,0.3607949694400265,Medium,0
283.20494613387547,418.7208003341352,0.47827889530655476,9.467026896062656,Clayey,Plateau,1073.1350318068087,0,72.8190204466395,3.207801724504048,5.895920668153094,1670.7473230539931,20.9212885556455,0.5204585933011312,Medium,0
669.6265858128656,206.98073155225578,0.30023309320869734,9.095197363988204,Sandy,Hilly,279.81410351808665,1,72.9423194623707,0.2579039722316663,21.19596908870055,1319.522364312596,0.2469116047218049,0.42593865083284316,Medium,0
599.5288160198712,159.0558504133444,5.446677791554233,10.350938282920385,Laterite,Plateau,716.0188889646512,1,61.2898197355581,1.2898182783161005,10.815815460153736,761.9462365420868,1.1190651362963284,0.5436991551059194,Medium,0
492.09546067352045,310.44847561297996,4.977541825404291,6.722201814194821,Loamy,Plateau,997.6840680275403,2,36.859792471706584,13.599574903872515,14.538220000554887,2415.3842720632624,0.3246959320479348,0.34007005479014857,Low,0
713.79307262927,64.83083225051325,0.24083054619944988,1.3930777725193701,Rocky,Semi-Arid,150.0,3,58.02507917514176,2.5715048121095694,16.148086963323077,1614.4022992096398,4.172833127245104,0.530575798826867,Medium,0
505.81582089102943,245.45127077584957,3.286378194808513,6.783122020856543,Clayey,Semi-Arid,929.7745298855879,1,63.495014668436106,2.536505957746444,5.578819956652032,854.3271131774898,19.09081637282519,0.6102930756651558,Medium,1
508.3738793501893,309.4046397178487,0.35390939051235454,4.026417347126337,Rocky,Plains,955.292780446841,1,59.45117633504176,0.8415806004792166,19.70588339456512,1226.4009615148477,5.239907403733723,0.37664991267747505,Medium,0
442.0319020473682,247.6057723809803,9.363049460217486,4.804422370425808,Rocky,Plains,485.77784116846215,0,77.95305835318865,0.21690344563948236,0.0,470.70715024579044,4.863537209515138,0.3037907601083717,Low,0
633.5353323627942,94.78588681771035,9.505676621494375,3.272740978502765,Loamy,Hilly,994.7257101909872,2,73.57203563767914,6.568475248364349,10.544482620407283,1260.8936510509436,10.515913978826143,0.6411954991986993,Medium,1
614.4703850716326,471.30135474448144,4.792400195223411,5.567965424668497,Sandy,Plains,902.6123436937618,0,58.31443844304063,0.24520849472622416,9.72683476259693,967.757172702442,15.8661341197689,0.7722451898868449,High,1
356.1484068755681,292.424578473901,10.424985770581504,5.210128918049652,Sandy,Plains,483.04706294024487,1,66.94935709566701,10.825640696290371,2.4833189467165635,2393.6728901567863,7.195010812409845,0.5392871103405906,Medium,0
252.1129208101849,451.7382541314089,6.673632510435794,0.5,Sandy,Semi-Arid,1221.8461914019888,1,40.40325604553518,0.2957335283896806,4.2899793638499695,1580.9620752964547,13.544372447396658,0.6567604308303614,High,1
419.55290439065146,248.79564997834663,7.053587880785976,9.100665733846867,Rocky,Coastal,1193.2488281687317,0,60.27022829291541,0.41233140774253807,4.9331183747469645,50.0,1.1558045002447432,0.4762124168306595,Medium,0
329.99421534035304,174.39856219710833,3.3731635348589415,13.660965574014647,Sandy,Plains,798.5920196016735,3,42.83429469151278,0.8111394409312219,0.7747202046271271,2120.316071143351,4.199907396264169,0.29499356188743625,Low,0
440.47131380769673,312.3017104306192,1.4614744885475786,8.818711580488866,Sandy,Semi-Arid,830.4965368128617,0,55.85129786668875,1.5800598175015907,0.933265029006459,1401.8539857764636,2.7210509124125357,0.3808400980131664,Medium,0
635.6157202026209,254.10554484061365,0.9825747415440546,6.391228130397317,Sandy,Hilly,1154.192378158371,1,49.8551810386747,3.4376368593031676,6.394524461276483,1970.0207723376018,2.4254868246168346,0.4193370604905696,Medium,0
381.4047517369815,138.66862504103705,1.5852288123217135,6.835760812971353,Sandy,Semi-Arid,829.7678999108678,5,50.18550030860945,7.789640679908795,5.573426049751492,1338.881340607513,1.4467019071408955,0.5237920112174027,Medium,0
443.57649280326376,456.3741110544995,3.960776454636939,5.737042395960472,Rocky,Plateau,224.1821298179459,2,48.25105235802208,0.9777958580249232,4.717704142890712,1275.9975510395086,13.465703690705126,0.23660173039446958,Low,0
458.7034102212593,205.32757325272047,0.7581414271773875,7.270124751600875,Sandy,Plateau,1070.4277950899746,2,53.19833271172351,0.1,12.160913048857502,782.6736383133332,3.5910512023788446,0.3231322654010012,Low,0
577.2646323307927,59.16803382453179,1.1970770435891616,6.8889757177802995,Clayey,Semi-Arid,615.3592377415221,2,51.137769151908174,2.109544547231643,4.245953914428757,1526.694763113513,4.533379245170827,0.449989949664935,Medium,0
112.96659990230921,439.37992647487994,2.524904799743896,4.476854708805117,Clayey,Plains,763.5549309538422,3,65.5996847935628,2.7293238090566625,9.339495914075107,1744.5198177504226,1.9403587066917436,0.2565722445064995,Low,0
358.9949557852055,219.48423810248522,1.0613351890036802,12.048665166843495,Sandy,Hilly,1410.2546987830165,1,54.82711869431726,1.1144650650777954,7.9948151149100735,323.4168023511619,19.756893302902093,0.5793564104386569,Medium,1
481.6925538419209,207.06113288612508,3.553181825759732,2.5385372928706875,Clayey,Coastal,853.1075340969206,0,57.45300014415806,0.44593787310905514,6.422960585266531,790.0745129614866,5.6682956121382695,0.6849520095474366,High,1
630.0118434640292,68.15348955640312,10.264954232223637,9.154994629582738,Laterite,Hilly,900.6072275558556,3,61.49288692594903,0.8036727369701651,1.1595357532672637,584.2135359754217,0.004166519455655461,0.5068008905373289,Medium,0
376.21463287406925,488.9129783916389,5.5147235206854885,6.6964071180474045,Laterite,Plains,1078.3835464122592,1,61.45434118364315,2.34636941153075,7.145921565983414,2092.465849848999,1.870967218812642,0.5552697815694748,Medium,1
168.51709409371887,125.2623295348375,4.391569561215476,12.702495445197235,Sandy,Plateau,1076.8668803559112,2,45.17356592808361,1.4994761709836966,4.791993496741979,1760.385553368339,30.0,0.4010506527715825,Medium,0
542.9567168949204,287.013937684678,3.4960054273781487,8.022593797744664,Loamy,Plains,578.2807814177759,3,54.82812485524871,2.992727041994157,12.807552856145055,1020.2687698178801,22.079476375941248,0.4094690175230916,Medium,0
354.6956416761556,389.51443870485286,2.6773156775418787,5.9202833884502555,Rocky,Hilly,878.895519562969,1,60.846933369825784,0.5414601854899345,11.192773238887472,1737.7961327319745,4.719691838995393,0.5218140297501208,Medium,0
271.5500011364458,330.60603196037164,0.8259514210501476,6.256878404696508,Sandy,Coastal,912.6533847740395,1,47.429267347448445,4.059152298747362,5.059939619922188,515.9183877845535,4.9822922393666875,0.3239628717017334,Low,0
356.34819154301636,272.841482560937,9.004164626300225,7.119720083559283,Rocky,Plains,995.2094138200895,1,46.074031942260554,0.37282616983458333,3.533325442463667,1352.3029252649476,13.911585469150221,0.3906196644168468,Medium,0
422.3211963516226,75.80009700551005,1.142927911226881,3.5716279150107972,Rocky,Plains,1001.2276793208168,0,43.922046726793795,0.8807729679299741,3.5291767667052616,1667.0617645016089,7.397649057669103,0.5067839679422385,Medium,0
359.2883003192681,182.83301970792593,0.38300016746174265,4.699391424646265,Clayey,Plateau,1805.60443007211,3,60.42429746187083,1.9680053894516922,6.7684972985232665,929.65977555443,16.148608792148323,0.3386985930871539,Low,0
119.16509143513963,302.53604056510267,5.545420319512072,1.6451680924244272,Clayey,Hilly,488.44908029446435,0,54.47390965779572,2.937178636088766,13.244554184593667,1195.804013915093,3.913562993614281,0.22719427403731546,Low,0
584.5599295330699,185.53911160156042,0.7724730933593364,4.231069304877718,Loamy,Plateau,1243.0320670692847,1,56.183824755646995,0.6808857371981629,13.901691464139569,1451.5215364650344,22.35343915039913,0.3661227466974645,Medium,0
641.2312561918084,304.4031351998521,1.8601980815956665,7.281719444981349,Sandy,Plateau,1314.1815320415708,2,36.63794203248256,6.509397005964811,0.0,1776.9251643375742,4.653303237825669,0.6359950257765842,Medium,1
547.7282987009258,361.80920905781704,0.11477061438525676,7.900525147853563,Rocky,Plains,1072.4743908732346,2,58.85095037219473,2.6940190146613068,15.592300900789656,437.19710938122967,6.211103907616254,0.581184449427504,Medium,1
279.3471494362775,395.5003462960122,0.5896772772731191,1.0620109150107941,Rocky,Hilly,672.3896117944238,2,59.447056139012126,0.5400671415645916,7.410202262935941,1114.6219480232912,0.5170534478866127,0.3421604584175672,Low,0
419.7762699078723,132.858477062478,0.7607873700966636,6.588364890867399,Rocky,Semi-Arid,1482.6338105936693,1,61.16120281548332,2.8462980240636377,1.1231932741929116,740.3083058198711,5.674782182125991,0.3936041511942616,Medium,0
449.0218027155813,543.5975265974745,0.22378537113345703,8.690229852466397,Laterite,Coastal,150.0,1,75.30572654089266,2.6220168930139605,7.744086677622674,1473.6644804122304,8.760315752996974,0.8047899394237182,High,1
539.8191584342866,372.0975213464957,4.276100820581804,6.511263419871295,Loamy,Plains,660.8566559737608,2,48.88351385708465,3.0735951359625604,3.866780479467117,1046.3371103761792,3.471462165075037,0.2930122549251247,Low,0
550.2510733077121,279.7943015597123,7.256211625328448,5.098634062666599,Laterite,Coastal,1310.088769027984,4,63.85304565592425,5.446142995859982,16.261605773221696,1607.3310587726908,4.188213173674815,0.4425493487724776,Medium,0
339.87393018322564,410.74438996919685,1.8692476214902407,5.763516564855358,Loamy,Hilly,770.4609388021188,3,62.013672430992045,2.7363892280493043,5.102688610873434,528.474991882243,2.9985962534937327,0.5406318033845194,Medium,0
462.29933346203404,563.8489326399967,8.304236329584423,5.377709935068333,Rocky,Plains,1458.7625836800648,1,63.46337990702976,0.9541975416690743,3.2176444762767744,963.031418345538,20.85064749583887,0.4160315953734637,Medium,0
518.5920606922862,107.35358787317566,0.959870007360837,5.089808322675829,Rocky,Hilly,370.8683393625598,1,54.27498837201647,3.43885293201709,18.49541836688217,2201.812748594588,3.8847335730006747,0.44761624594773497,Medium,0
668.373348322015,252.96848290103756,1.5744846429055182,7.521470575734545,Rocky,Plateau,510.7643371181972,0,67.1620113831658,2.6186004611123717,9.99894855070232,1098.196547360665,0.8095004709410987,0.22764633658619873,Low,0
555.6759809737084,20.0,0.6535454249139582,13.923064683206354,Rocky,Semi-Arid,713.9266404555588,4,49.247746703959535,1.8786339778408507,5.449778598354193,1740.9438181632809,0.17578310874110395,0.5731171604755004,Medium,1
568.3585031063278,303.11818391776296,3.876226707887082,4.768900249284449,Loamy,Plains,1046.089747137785,3,52.36330128841329,0.9607336851107938,17.264493706128874,671.4295476173511,8.882817913565962,0.3712725562739116,Medium,0
462.5739941894041,323.8473090310169,2.1780094295523496,6.045572102015719,Rocky,Semi-Arid,822.2929473669919,1,55.77752002728747,5.585646234345827,14.544313161614573,456.42549315850124,4.760097445875511,0.3968424844478598,Medium,0
661.5688717805256,275.3005461468689,3.800252065985197,6.844906181874305,Rocky,Coastal,728.3602616031526,3,55.24699045504198,1.5817728835841947,4.92620486189135,1902.614587330066,0.016646101914688648,0.2919923083941395,Low,0
511.46441939392463,201.45597148020283,5.736478374564851,4.937936696925119,Loamy,Plains,1397.1387508844834,4,62.48332906003146,2.1761065888989197,3.973538547762696,1602.9407485723686,2.892677225111654,0.24597015319946866,Low,0
320.8368134739644,34.05825805740096,3.1560165803851454,10.294707410570279,Loamy,Hilly,1429.7057413862028,3,61.12349747509607,1.180881433019122,8.493727023021822,991.2463777027052,14.723886334434859,0.40043351549527645,Medium,0
660.5054955187786,324.8240420094122,3.951472993811988,0.5,Rocky,Plains,754.9670820023556,2,61.22606617587132,3.3392492448274966,7.189098741176401,2017.0660772323922,17.710858026556473,0.15313309416912554,Low,0
554.6854908808541,454.652138069839,10.948905735700844,5.406822488863973,Clayey,Coastal,301.5812674346181,1,73.86101104602926,0.917601729595613,4.441747123414117,889.427585119196,0.33028144555999395,0.43991569747657366,Medium,0
383.54339683072766,209.07778531198815,1.4213565438752052,9.454941208959886,Sandy,Semi-Arid,150.0,1,55.50482630914659,3.660966531364357,7.900299818839351,771.7884037575418,0.790380361351707,0.5083359704504634,Medium,0
378.0760548901135,332.8071914827774,1.7799264370854928,6.117717074834099,Clayey,Plateau,983.7515401731247,2,70.67472624381928,0.25129166839393385,16.740904339395684,1207.7309767087347,0.029293462883962795,0.40328467459391537,Medium,0
494.48633177111424,91.82268238959392,5.059187408321212,4.537483123449126,Sandy,Plateau,1129.5844677765792,1,45.22571129710197,2.715462359187865,13.232567752109953,1064.7460253686293,12.180421838690103,0.4839850200544758,Medium,0
519.4777192901377,334.86556764310166,3.779846539330318,8.322270263316293,Sandy,Plains,922.049224952491,1,56.46060093116033,1.4254867092913077,9.941144415373286,620.0940555413525,0.4411444689444563,0.36950136742273043,Medium,0
479.593839844681,232.79412427064116,0.7866535860982113,9.719029706191456,Clayey,Plains,875.1821625217345,2,57.19553053745858,2.6396185670225343,6.296078641829721,1141.3036090016558,0.6850632941603546,0.5789345431066462,Medium,1
496.69630101643276,188.50984592765028,1.8873640488690389,7.6319063356451755,Rocky,Hilly,618.4100848570711,1,42.30066779031489,1.6675922013137032,7.3642332070333705,1326.1202828000794,1.5496923149490307,0.4858075803143822,Medium,0
704.9936061864571,188.75636305406434,2.5232293975178135,4.59633892056135,Loamy,Plains,1129.2429278698435,1,58.540318500818415,0.31729315229990807,11.42097937350116,1614.9709168614077,14.95155507933826,0.41331356242754475,Medium,0
610.7314728352328,232.7666101560388,2.1747028996271913,8.36860995745523,Loamy,Plains,1487.3648826146186,2,59.389591198247885,1.4259468168357992,11.017746332112235,2529.174739024086,6.993014375609981,0.3743050375112597,Medium,0
478.59533868975365,325.89199788310424,0.7853970260628863,5.793852099175631,Sandy,Plains,150.0,2,65.16813206314238,7.347747240277271,8.326958468398448,1812.2644326798445,5.756463432892305,0.41159891607877375,Medium,0
591.1965871151225,122.54041585653786,10.33078845803903,9.235560645681483,Loamy,Plains,872.8745839242996,0,63.78549820185946,3.092862680146221,13.428588549163315,670.313541878606,9.213136411222386,0.4742041106872619,Medium,0
295.12141447086907,232.34616021185766,5.74729935147946,11.449776654569773,Clayey,Semi-Arid,560.3780777052399,2,42.67026151426141,0.7852798434623265,2.1766494009066824,2561.4000840850713,7.0910079808063715,0.48201337658503274,Medium,0
509.68905749202133,275.0233866401023,2.6261489678109564,0.5,Sandy,Semi-Arid,378.33690208115195,1,72.35130868566945,6.345776852800602,12.921125751712584,1225.429849290152,8.220797675425313,0.6618657420635831,High,1
721.3959524599666,148.11529305617688,4.558500059341413,7.333202419586898,Clayey,Plains,504.50844522545435,1,52.45053992695088,3.320568938200441,11.104692859461913,1365.941193466932,0.45906057972415365,0.3863288793269628,Medium,0
417.29311569114395,495.59982420100204,9.103097812636967,1.7927981891571179,Clayey,Coastal,1032.8854994895416,0,50.742014097815435,0.997171963567988,0.8668611602783951,860.363871659179,5.346155012187494,0.6937956504514831,High,1
322.85491070713726,177.58054239263902,0.5855363366079034,14.325365755989312,Clayey,Semi-Arid,1041.7367691569082,2,63.88310183839915,2.035584764473786,4.716281075814123,1195.5801622266374,8.395239086133293,0.39187547352144425,Medium,0
352.1866667110409,199.66757036398116,1.1527183885572092,5.5956263986114285,Laterite,Coastal,1411.10071641118,4,68.21274215350246,1.223906263105435,15.489696088142601,1187.516413788968,5.003546789922082,0.6258229486115833,Medium,1
286.5550443986417,162.60304602130026,3.1296735030328073,9.239119725476117,Clayey,Plateau,903.0735415009115,0,52.33445476476705,0.22371782492957099,10.62936054085522,1540.333068347925,0.07118990839087944,0.3653738207344335,Medium,0
332.2857137808445,495.81761045657413,6.418007884089108,6.894049421215313,Laterite,Plateau,284.6224295456475,0,57.46782022247283,3.6081071633040596,7.422828436340178,1653.9745629787426,1.422845525186219,0.5692035887298889,Medium,1
394.42378521149567,346.34862743193776,0.14771373477464877,4.590746257842822,Clayey,Plateau,816.6406601684099,1,68.93363030635072,0.4665164604842814,9.644861142631841,1010.3262940954312,19.764829381871376,0.7455982493796485,High,1
239.1649471232037,167.60895925076295,16.545206351676537,4.23384085846772,Sandy,Semi-Arid,414.76732472447566,1,46.83240289786851,1.3476318617494303,8.062442455790382,1796.1352285519185,7.318472054900597,0.9891267002873478,High,1
452.34275009244044,412.74778706319626,2.427192512572857,11.757037519302276,Rocky,Plains,477.6214397522983,1,30.0,2.668171954136476,9.80165651782277,927.271643332522,6.9982300442475145,0.2570376287508389,Low,0
585.341576067997,304.0838433146654,1.7803459235387278,9.867814180534932,Sandy,Semi-Arid,1103.1956704422735,2,64.45288899203274,5.921069009947588,12.680859605813051,1758.245601472932,6.477314478479407,0.6477418228125429,Medium,1
313.83657297796196,310.8704105333802,1.3853397056816312,12.83075226213269,Clayey,Plateau,967.963316958047,2,68.98010120708454,0.1425153694043459,17.05420534274746,871.2486933488021,0.8204741762029217,0.29426527944427244,Low,0
677.8925885462653,238.66273494970568,0.7663697927650038,7.166360005473098,Loamy,Plains,1105.6479584023657,2,38.86800697826238,1.0991449353788094,3.120436296642559,633.2856625164146,0.024546829784275484,0.4053688104437552,Medium,0
526.6188132791392,190.0700815651632,6.272683119466487,7.863758863738001,Rocky,Semi-Arid,774.8775034548952,0,57.757553094845896,2.0979141980648794,13.824959897945577,1051.1891001671406,3.4859041675314364,0.5525641731557251,Medium,1
604.5870878436086,320.5319318865522,12.441356262416457,6.198425303034135,Sandy,Semi-Arid,1176.6853471988745,0,52.02350826701842,3.3241848859143444,6.143594968866607,1076.6939707175254,3.525423701782287,0.7292208411430618,High,1
351.3248169221794,214.58953240052915,2.1353178107285524,6.138753390654973,Rocky,Hilly,755.308985598461,1,59.54355315570317,5.582360557792474,1.8582589587549254,707.6213781330707,10.02167410206907,0.2800048800530429,Low,0
578.1787840599924,498.01067554901255,12.181429504039947,3.874339202567895,Sandy,Plateau,1290.8389914597865,0,33.178539899757716,0.1,14.546208781731313,1010.3619446403922,1.202186240921889,0.4058287979224569,Medium,0
286.209914940703,127.68506737082751,6.944488129143149,7.252030572773053,Loamy,Hilly,1020.6236288150399,1,42.79220084735192,2.1740962295810364,4.545499775029748,928.9959671444483,1.9304217857767116,0.34474893670775164,Low,0
583.5371251254763,464.3388127425934,2.623799648735562,4.632260215341409,Loamy,Plateau,827.5510953303839,1,63.38475867407981,0.1,12.98999060097946,1201.3584283171363,0.488837535641901,0.44989770053961214,Medium,0
475.7759009690297,266.6417381442639,4.483752819631462,8.325726766492608,Laterite,Plains,974.2325654616338,0,56.40135932191499,3.4048572033151387,13.394755996586827,1473.7266344676552,3.0637042255923457,0.4979694523598495,Medium,0
532.9876829977176,315.8902880825327,2.283606187038091,7.5100306569406285,Sandy,Plains,893.7487546587788,2,76.05419035341254,0.3566788887127051,17.716962135613073,1158.9580894388596,1.7742027920175603,0.5001405735037774,Medium,0
273.66080915627225,379.97893199553215,3.272333631505483,7.863046131027167,Clayey,Plains,1458.6372803595232,1,65.06259358499814,4.950414658767567,14.17683944742753,732.8594073187357,1.8301564361812859,0.3127171996435758,Low,0
315.73952365850926,204.37008459946765,0.23919678262607308,12.025389819070678,Clayey,Hilly,985.9031679025762,1,46.44386615744244,0.3708445113684458,14.516646917254642,1018.0276135739205,1.7586050620075988,0.4369940426309371,Medium,0
539.5842327380077,383.7098061638364,4.766378593763115,6.886846150703226,Laterite,Hilly,899.4355646619221,2,66.63283154516357,3.179700562766381,13.898299666261376,1695.6059851591003,1.5800328064053666,0.3941058932485135,Medium,0
307.7477993663699,20.0,0.21708413375394733,9.270181008560284,Clayey,Coastal,816.5282000322202,1,78.50115919568985,0.751322892865695,9.128291310889644,868.544500146473,2.312148959421667,0.3840835531258704,Medium,0
519.4809438148684,193.6012560133673,6.79493369891353,13.154528392256744,Sandy,Plains,1195.114476735754,0,57.13267823678942,1.79246929378432,14.7768715405088,719.3429899749142,4.616155549009142,0.512015958218101,Medium,0
244.92932903096315,169.11246311907217,6.970664363229299,10.919851207885143,Rocky,Hilly,1147.7696686687266,1,62.833692464997924,2.0627239507728916,6.687066523438468,431.2194144162029,3.4544282449777906,0.2823294565252693,Low,0
577.2261319000003,129.5792785153886,1.0823941885410409,10.459509095364535,Clayey,Plateau,804.1554293905801,0,67.90457206258283,0.5095865999036686,4.882145771451064,857.8775958582019,0.3932947415895411,0.4696122751881401,Medium,0
265.12150278472365,254.20541943052586,1.5642539307967638,6.0799353534385,Loamy,Plateau,495.5254698820169,1,55.99814326222216,0.780593175112035,10.97403137375597,1612.6317291285866,3.329290636011007,0.19255546259247794,Low,0
532.8449906519285,326.28999618180336,2.6257984264515177,7.6889291667033905,Loamy,Coastal,584.3111515675762,2,32.61790491245345,0.25022246740467297,14.196163858886134,834.627309416328,11.235666950224104,0.4166893755939333,Medium,0
543.8446400469002,364.3191998199167,3.631930429791607,3.0451711239101744,Sandy,Plains,835.5431111602313,3,64.67065951467505,0.1,7.144633882046899,1181.841990676477,0.6368590475807703,0.5117252824344708,Medium,0
345.48422723556376,308.9052108640489,1.3550800035983326,8.496743202893244,Laterite,Semi-Arid,1372.124627141679,2,67.59708534332738,0.6022217107083501,6.0266378633382685,955.0435224686989,17.333289939711058,0.33300323009819865,Low,0
537.303985062709,200.11678421277438,3.590723935965224,7.823380532841525,Sandy,Plateau,812.4381797635801,2,75.55791493991578,1.5964855273694327,0.820780681797447,925.2184387998743,2.214136946619173,0.26769744377943666,Low,0
489.0663395000334,324.28197253902005,1.4140744258347502,7.070155375468543,Laterite,Plains,692.0567365120525,1,44.797113379340956,2.7507838047680693,3.888188408827755,1856.7196208681275,0.087853840032272,0.5355083126407685,Medium,0
369.17372157108923,294.9142833821021,0.22835907167373334,10.081584364728581,Loamy,Hilly,283.7482403629738,0,45.35125969116325,3.471036029208332,4.518165958647856,1125.4886537288517,1.7513903242841597,0.2712430844380719,Low,0
298.7167973885688,392.3267401523219,0.010122997914534039,3.3766755327268108,Clayey,Coastal,1429.7395024608038,0,49.73106240068271,0.1591019526201247,14.129361728983119,572.7024485553767,0.43322856235640617,0.5579671668534866,Medium,1
155.60614624911312,373.232404351782,0.42656114983691956,11.904588553481041,Loamy,Semi-Arid,1099.159851093511,3,55.98503339157401,0.6996473957654987,5.976381153996877,436.35086900294084,5.01353885217042,0.49054385156137753,Medium,0
502.44750709495406,283.65716967047547,6.285692861904693,9.705294063820851,Sandy,Plains,1178.6034895020503,1,64.46079229167462,3.235430583321703,10.40647402506055,671.0427069809789,2.281636842253303,0.34347574089969746,Low,0
215.27958429569173,172.32963926064917,13.021258133417223,6.788098061044078,Sandy,Semi-Arid,1236.5908181752811,3,44.54679648361655,1.4423173121345052,0.49659991559846883,613.6241172501774,9.866555929539267,0.6511784328431199,High,1
464.30162991619625,201.6459813001503,2.2272422998766825,6.553811236547819,Sandy,Coastal,842.3444199343629,1,69.39106878955414,0.44246743062284155,14.502242593618135,1630.6352887495618,7.9146206470093325,0.5582163790932572,Medium,1
410.48276758766264,214.02527684343602,2.875369600660725,8.441833645745783,Sandy,Coastal,929.6067218116374,0,68.78560425859442,1.095451380429295,9.177597219467799,1095.958766265825,3.7934014983860824,0.32834173882771883,Low,0
551.8714163157293,242.1680399300493,0.6352710037320629,11.562553696191339,Clayey,Plateau,1421.0106796831978,2,69.12847436695878,0.6924666821288358,1.2407646270582617,1232.8433330402338,4.934092710242433,0.38691653023370537,Medium,0
404.6931750765204,312.1660513107704,3.203208885893627,7.304823156070032,Sandy,Plateau,962.853311261698,2,54.27614095319974,0.11435914900762635,5.408098303311009,1074.6154689338189,5.630751820420702,0.5257157468194833,Medium,0
400.5828320479363,365.820926815367,0.6250010723829209,7.432092705937679,Loamy,Semi-Arid,1105.6338515223981,1,31.179818555296414,3.1731586241049277,4.12388352374074,1099.1199953848295,1.8940592175926576,0.4109908959182298,Medium,0
559.7806056432444,273.86575683815465,3.7789082686179913,7.054355432877614,Rocky,Coastal,1204.692751020179,2,77.21536856180738,0.7587329124149677,9.157836788535098,1670.9717660627873,0.9005880304700465,0.4384967552404434,Medium,0
500.2587043626176,281.9349745480567,10.827723366127042,12.346072338104417,Loamy,Plains,1125.0259663479253,1,50.88534557019391,6.386188005218922,6.2130697637053505,1708.0163284650503,2.8346201545911582,0.4955897464994849,Medium,0
497.42339357741673,297.19675660000047,0.8711245158566061,5.893350691188928,Clayey,Coastal,855.1407904067272,2,66.61138342807365,4.81882162061485,6.509740525517821,2094.4403380324848,0.5979776403637603,0.5667302920039061,Medium,1
520.390138471279,218.0913624241192,5.785259868533149,6.911477204142786,Rocky,Semi-Arid,888.1406550151281,0,59.46018311811913,2.7714688353331796,3.814164294303076,760.8991107771805,2.2688220518692424,0.46642561174848174,Medium,0
219.66418151893413,168.9529290828453,0.0951320391729489,11.390306962782983,Sandy,Hilly,1172.1741532915798,2,71.5448082513202,0.8700270450105573,1.8593493759596171,1004.5765540337931,4.825842357423442,0.352943025036297,Medium,0
563.5183019980473,69.34745232271482,1.8831981280276782,7.441032500838591,Rocky,Plains,1171.6010009771542,3,57.38447066881029,0.7224753707083489,12.103545466577177,1297.4852134990704,4.660640622599299,0.3290486263316073,Low,0
541.8703191020404,196.5820770307753,0.4695007605839766,10.411176580136566,Loamy,Plateau,1308.8814096568117,1,58.8252609638763,1.418723361437948,12.983242097631303,1986.6277437669062,0.7711837856820198,0.16493563009458548,Low,0
297.4975307135254,336.7774543921344,1.738394232360657,4.266159829291125,Clayey,Plains,1092.8839441584435,4,60.158933584362195,0.9633555215816745,4.670454764381438,852.7093469613399,0.050244388905098886,0.0,Low,0
413.3879289488698,195.65062743525192,0.762400130313177,6.384122435114458,Sandy,Plateau,1108.8119647572191,1,63.01089815481403,5.091319071443835,10.49433158781052,1672.8135923442333,0.5589025912471974,0.32057980310167405,Low,0
444.1039068558553,251.46315550888724,1.8691811372868943,11.453302115320685,Loamy,Plateau,743.8183216254436,1,43.176301121315205,0.289988663878777,3.533978852490284,895.1346304045173,0.22091784997684605,0.5531740657189352,Medium,1
429.8254823397401,335.97175448947803,2.1618609856987097,4.9709808527093635,Sandy,Plains,696.5976711248345,4,80.50751469016163,2.8359099217835553,11.925370997041266,1686.8245208202434,3.069644469767847,0.5696337758459631,Medium,1
500.0789949852802,342.48273957072024,1.4300790472499108,6.546102880690878,Loamy,Semi-Arid,1173.2207360230232,2,57.151877384418185,2.0766034527390205,7.323203932724783,1246.5517043987415,2.9633212487093656,0.21371083469931,Low,0
664.7050172746775,150.45605774007532,4.275693002618358,7.770055692674436,Rocky,Semi-Arid,699.0352261942687,1,64.90100760119596,3.6111918898179787,4.302868834553909,678.6403389512932,1.6593875304333738,0.3389946603495491,Low,0
612.2650091509242,399.647122774437,10.045925050860532,4.03253644602104,Loamy,Plains,892.7546489090983,2,76.19025190410524,1.7202915258271265,2.8899236622920075,1140.983199944239,1.4558274732123444,0.399709628658058,Medium,0
253.16712098528907,415.28201072265824,2.0472736263490643,5.758569644134308,Laterite,Plains,1382.6581343399519,1,57.90584639396672,2.184625589098422,13.456638142577823,1506.987056709817,3.0292592925206856,0.40272824036672017,Medium,0
543.3104985459073,144.41801713377282,0.8544720371149497,7.337910045476921,Loamy,Semi-Arid,1327.1996023207812,0,46.047592518396826,7.237674124872874,1.0460922648336028,50.0,0.5433147108471779,0.3398805340807584,Low,0
649.3399979303115,181.1395756430615,1.2628052600516138,7.140045202485884,Rocky,Plains,1005.6260907790142,1,45.66621993622617,0.2122308285568759,7.6073177394915,1654.9836170876301,1.44715111625543,0.271276355501314,Low,0
508.0212781033804,422.930881977543,7.6966171907031855,10.841056062511408,Sandy,Plains,796.3511470582014,5,52.6031447064299,0.24371923420034433,0.0,467.2279190400759,3.1221444923445762,0.6096791501312429,Medium,1
613.647063777895,262.3775774493639,3.391162677711917,11.62437158449676,Loamy,Semi-Arid,856.8173813797733,1,62.00016407159559,1.1005018583649004,3.180472575296707,1090.8063447957009,0.5977944772703279,0.32058705375991736,Low,0
751.8405668551147,20.0,2.427958909155359,4.431745383997266,Rocky,Plateau,1203.6810493694652,0,63.2549624718428,1.4081052161969598,1.6439513771288778,1145.4719022672773,11.026079362267236,0.45599197941727265,Medium,0
603.5564319160472,112.03821943207765,0.6483665373650725,7.333805557502468,Sandy,Coastal,887.225252893842,2,71.5583488812361,0.4905639567020788,0.0,50.0,6.762413143672919,0.5900771821410205,Medium,1
487.3962893462593,250.07564497930224,2.389365282310685,9.022744925274296,Loamy,Plains,704.6011624464076,1,39.56050661310739,0.18982832170250105,5.324742376557239,892.7106764312333,2.898477274755761,0.6840119609090365,High,1
606.763271112713,140.43488196584778,1.305647269887544,11.549042397397592,Rocky,Coastal,1325.521164742791,1,60.66042751102784,0.1,6.333266663377753,1408.9090622499546,0.9779258305046072,0.3040901379908221,Low,0
471.7331749645337,230.38914752362703,11.470280025420678,9.155470891951389,Sandy,Plains,963.5600486952484,0,65.3880845136043,3.1821595605954176,2.1399054426615534,2131.4620096901585,1.2954237620598914,0.42053063933173346,Medium,0
453.58545649274333,283.88754564202947,8.619078648435499,7.872740204776995,Laterite,Plains,697.9604626528887,1,64.93782850513452,1.4601396227795813,4.947968262366342,1611.2729464697034,0.7676110652499131,0.2815323327636573,Low,0
397.2878646429401,455.47055248416746,0.3505300983341237,8.999627595947892,Rocky,Plains,1067.6290661264209,2,30.0,4.07898127458222,6.836426473375719,1652.6910817895546,1.046719118986928,0.4431179173592097,Medium,0
684.5120038248162,245.14553005266532,2.908085876039373,9.02130650300878,Rocky,Semi-Arid,1239.926444617378,2,53.53621994756025,0.984711505338638,0.0,120.78925919429184,3.2944279197066457,0.48845779610554335,Medium,0
327.2357001086998,408.7050159487311,1.0198701479914947,4.2168571231468945,Loamy,Plateau,547.3144273242838,0,67.76468185147559,2.6741580597622305,8.15941111317286,1049.3365525158342,1.6915096130155745,0.3772142155977267,Medium,0
679.8551587017174,451.45121944441246,2.1158028444429773,7.578396377518806,Loamy,Plains,829.8411303264729,1,48.25052222861079,1.474985195898443,11.015322055845374,2109.805900961831,12.954986599783533,0.473809952007708,Medium,0
524.9796185610558,452.1171603222491,8.37734359996768,11.377482982566075,Sandy,Coastal,813.6608213440558,3,43.764507810271276,2.083246801749015,9.469710195757948,1699.1576304485031,19.454207193359306,0.6259711872426539,Medium,1
240.10407377970878,314.1705512062682,2.9989930497734383,6.377929693917986,Loamy,Plains,1058.3005080242167,1,64.76679186019072,1.0171655002124935,9.569042604951393,943.8148013750888,7.05357642584471,0.3658377554047736,Medium,0
505.1473939487132,44.40530225932309,1.6271556960882279,7.388339927642333,Loamy,Hilly,1121.2029130009503,2,61.59001432903324,0.18623859668590503,7.23212876656845,1257.1527400968048,9.92539137944311,0.3610597004500189,Medium,0
134.99602385225637,335.2989838484638,0.932211720253942,6.272450651421934,Sandy,Plains,706.98413105218,2,60.7659077165163,6.4779815011843125,9.74397441563174,1689.8862699822453,1.7671891435074034,0.43201611020140124,Medium,0
543.8262025246554,405.8079865376249,6.444254120268788,0.5,Rocky,Plateau,377.5370884328912,2,50.24441837104119,3.9785611468924547,13.337882181718866,1677.1713432684887,6.562177886214341,0.7317027885994564,High,1
582.7847224483487,270.2719473477499,3.9181791437245472,7.061770531704037,Sandy,Plains,1261.1295641097902,1,42.22400341273799,0.8223801233106002,20.569459862775794,1136.795889014662,0.3584914464161152,0.5623339066421785,Medium,1
361.14660665219196,489.3500644090298,2.5249393725009224,7.905375791958618,Loamy,Plains,508.0191552979755,1,69.39331210675856,7.011320492191857,2.827503054309142,1077.6146840596896,19.34575561125682,0.3635369805236958,Medium,0
468.53215439333735,383.1800273760949,0.9809654468177621,5.462519827357294,Loamy,Plateau,994.914471765357,1,98.04858294978767,0.7862214261465889,3.851348043763501,1420.8970505827247,6.65573993322162,0.44997548780903834,Medium,0
743.123615062543,348.1928052583341,1.6273424322001018,3.5360891533458156,Sandy,Plains,853.8066854442612,0,38.557362492340914,1.2873786688179858,3.1460055221882692,1687.494152552675,2.2862552340593325,0.4180227403616811,Medium,0
374.1379943607095,410.3656853447005,12.85987653757431,4.358180620655052,Loamy,Plains,956.8553668214263,2,70.24278161644861,3.095512065564147,14.372129177862664,1003.8137721551715,8.897930139628924,0.7905059813688671,High,1
291.16386194150994,320.0043821513054,2.936626250593236,9.292562848406693,Loamy,Semi-Arid,1477.9318900974004,3,55.94534057504487,0.8131675273183807,15.773593590974468,275.0037705750318,0.09555354547271917,0.6025352961830478,Medium,1
672.2495103693898,20.0,2.0479670887663595,12.917574319140716,Rocky,Semi-Arid,1963.39856476764,1,61.80586854915564,0.8630906528276966,11.80642180571053,1159.9602648731386,2.8319013878971786,0.4070880666975771,Medium,0
744.3880785796192,220.10332582355613,2.9477446418286104,11.147300022716298,Loamy,Hilly,328.29690601048696,1,57.28326005076047,1.1610984086590161,1.3569118766907637,568.4554945584171,13.56047425051255,0.4656267983997084,Medium,0
450.5543507771771,423.6601632697424,6.038162277251193,2.9669619855083447,Sandy,Semi-Arid,1244.3671543665232,2,84.34258706081937,1.3900566604034377,6.493365733854877,2166.6953214869036,1.832629206252442,0.38637319628981687,Medium,0
601.7194553112535,183.08903918820448,1.6627220515686763,9.563881931652109,Laterite,Hilly,845.3132795628239,0,48.375486587491054,0.2902926484769714,9.744961987179252,723.3696208512638,6.614173483315977,0.5433480252584617,Medium,0
651.2213873296322,253.1832993715673,0.7874971240016401,5.01051287257213,Clayey,Semi-Arid,1266.7490797993933,1,50.78263898055934,0.1,9.70759932684457,1141.0901930008977,2.6786947170117843,0.5717874298498824,Medium,1
338.6273651192424,154.61964233163144,3.5172913555382856,5.253198812473668,Clayey,Coastal,1235.0420766627071,1,58.91414309274788,5.533547057163747,17.683485974603034,844.8628352020246,2.989078877739689,0.5094532240229735,Medium,0
377.20412469481977,494.0707114242123,4.376936787825864,5.6140732060861485,Clayey,Plains,1393.4106825193571,2,64.80948212742787,0.9585412665655415,13.310019740279232,940.9956134792035,8.221039251791508,0.49379094469212537,Medium,0
634.6311769732102,481.77909489016184,4.989163910151569,9.118200849566291,Clayey,Hilly,999.737720306944,3,74.0189784245171,0.2359247042169622,13.068889497560212,1617.058716849998,14.461422605824326,0.4678571213435985,Medium,0
702.7521418062764,173.9357325831125,8.547861988187247,9.877760129347115,Loamy,Plains,588.6482302657416,4,63.89981889637339,3.1320735835888627,5.893064780856279,1726.478770018924,1.0943027177319657,0.5576655666143616,Medium,1
534.4321290261532,297.6757600466901,1.8556035281966239,6.705906786160636,Clayey,Plateau,1224.677321048367,2,60.70595024397432,0.7692157836574647,10.07881619709815,1527.920481650495,1.9451810447153264,0.2119779682534746,Low,0
318.0278469746919,198.3407142683143,0.31338114675717227,6.7567877769759255,Laterite,Plateau,941.2991516504225,1,52.698927762758046,0.4410611907783519,0.0,1683.997359355405,4.014067060471938,0.23865367153007633,Low,0
748.0591667549162,353.79335668376535,12.713679617950085,8.39279122970738,Clayey,Plateau,818.1548747030537,3,64.14935404157714,7.230035151583444,8.416345707722105,936.8869747673748,5.7086490589256815,0.6873717835336615,High,1
370.35436532820535,341.16196926907946,2.2838026342693265,8.703983618572725,Sandy,Plateau,733.3216417532633,2,49.43728144886344,5.571583419728806,8.887032002767045,651.9886043986006,3.7842702345076153,0.28532992922982264,Low,0
399.7293328242822,377.40466859359185,3.904773497798364,10.528677120275587,Laterite,Plateau,1252.2174491867952,2,60.42481432186898,0.2458835917315942,1.7400919482961594,825.4162632401926,9.824823951553903,0.3690164941925387,Medium,0
501.3506751734432,319.8302137249465,4.390115380759584,3.146884073472404,Loamy,Plains,1461.179322202582,1,55.384277133033365,5.050017756022206,6.5048905028708806,1415.5267055240768,8.768561858289416,0.3907345451355498,Medium,0
683.1240631072161,632.2487447666161,3.1631609542097068,7.06008201941209,Loamy,Semi-Arid,481.626604455128,2,46.20926872868724,4.873424109255401,15.342889142339853,1808.478001856623,3.117613374786456,0.5418715173168785,Medium,0
578.0963964828336,156.64914819871132,0.9189486143273534,3.795926872326467,Laterite,Hilly,1117.6832848676256,1,76.70405300745836,2.2135208440613185,7.81008166311526,582.6996811009315,0.24875739047942227,0.4630430923164156,Medium,0
512.2298250542866,74.7275974676183,5.628324467942524,6.847173162809791,Sandy,Semi-Arid,769.6644851020742,2,46.24413018098362,1.6598236482920943,11.12083042140366,1022.3270673354062,1.2977254848239363,0.1347617271188842,Low,0
519.4932795177159,232.82917591582464,6.513503930073638,6.321474136957717,Rocky,Semi-Arid,386.45466063276024,0,53.27272462888334,0.5394021339398605,19.948439543109522,1063.4891842727432,4.00432281800728,0.5699515115238075,Medium,1
456.52720029651994,91.8414081327679,3.2205682737975816,6.859751638291893,Sandy,Plains,951.6970372670529,3,38.98103596944424,0.2846968305953664,5.726154099415409,813.4763374472271,15.746150893132498,0.45138690580148855,Medium,0
533.7209271777759,100.90452759928087,2.6821090871020017,4.600771335668405,Clayey,Plateau,608.4017769336538,0,55.984454118864065,2.0511512696494423,12.252148702455207,1498.431913995274,5.030001772554408,0.553062718554396,Medium,1
80.0,159.84224149624396,0.4838742403000499,2.5381306203777143,Loamy,Coastal,347.7863702699309,1,63.20289354943853,3.796609578842442,7.069557415520953,1699.2937350549555,4.535178983648434,0.307442682139998,Low,0
405.5088811395302,169.3373313482047,0.3507445776476666,0.7166874198552913,Laterite,Semi-Arid,626.390834721413,2,47.119533116862534,2.566999291468559,13.531703216002619,2426.474517797622,7.723475282386048,0.6634765711495721,High,1
486.19829023751714,165.4458277659928,1.6594253452683791,6.606459537205478,Rocky,Coastal,540.2791287301512,1,36.1715945521761,0.4387405921120042,7.781453434344437,2187.4638920209613,0.9913351194871638,0.24821147369327132,Low,0
277.34788745707397,342.1862740534494,1.4891629850846215,5.706996682501183,Loamy,Hilly,673.6596014278131,5,53.49970032457242,0.7535364389675383,13.280102568906113,1595.0261917907574,0.9534009214280791,0.3007214491258731,Low,0
507.948497671734,219.25731266975967,12.286692704060885,4.972187005588519,Laterite,Plains,435.94057306620886,3,56.11964138704092,1.7392722595246533,14.867462187296564,970.1335112450957,2.5423412713081195,0.705719465980394,High,1
419.3293168520818,258.4582510153024,6.122927328012737,10.967645388494983,Loamy,Semi-Arid,761.7009619808251,1,55.177759687907525,2.1577804599853816,6.982586677499883,1553.4825647046023,30.0,0.8853697605114613,High,1
713.3213547473235,387.3079329401122,4.314348100617789,4.421685439614067,Sandy,Plains,650.3628051706096,2,77.02272722682582,0.1649907490129729,13.269941601779653,222.53538225456293,12.522028383719594,0.39100426006285904,Medium,0
685.9529587822285,188.04129702622885,2.9163253022259803,11.250502246416408,Clayey,Semi-Arid,1031.4648570009801,2,62.019192053689146,2.094513731865093,0.0,1530.6396650559245,6.838741712450433,0.7795891871296888,High,1
380.12916463227555,248.25449215543335,0.7326517901434877,11.871531232807772,Laterite,Plateau,1107.7386452394105,3,61.07705091450518,2.9326368220570096,8.645456426466232,1382.8291634340446,2.9771485954328973,0.10375923287851851,Low,0
427.3743432649957,323.8911983311499,15.350756497970519,1.1472985996318572,Laterite,Plateau,991.0520018724546,2,61.959360189863936,0.4402380932387915,14.543709071980551,1238.4623315411666,4.8536914806145575,0.6709728161781628,High,1
438.9078651587411,47.01186392557344,1.8802749942011499,7.277144376996909,Clayey,Plains,817.5944397442718,1,61.88300207057049,0.621836657349968,19.902027480036683,809.2085895621046,2.1705911314722006,0.6496405753957476,Medium,1
382.2510785760566,20.0,0.45234155858682756,5.800910527492028,Loamy,Semi-Arid,808.1503415076899,2,52.68178157647431,0.6591532398179762,1.688175441465635,1596.9447923345633,6.730800579104304,0.28126035924814635,Low,0
479.25374760421903,321.5340794557267,2.7232849974232174,0.5,Sandy,Plains,607.0237544060221,1,46.77311229760715,6.1825571494291625,2.3591481659285867,705.1738398391803,3.256433487892844,0.6113405428056571,Medium,1
336.25768966686144,339.0417136680278,8.285830365226518,2.666076240794757,Sandy,Semi-Arid,615.4518692065221,1,87.65660859372802,1.149693744086542,5.377949440688985,1727.6127126541842,0.7684724158526347,0.5014499710827746,Medium,0
280.40769975937104,527.7064161822893,8.731784075455636,9.324808321325422,Laterite,Hilly,1146.2613538275577,1,56.24556989137329,1.6637262151161574,8.82252239951304,1500.4697380405269,1.453101665484492,0.4240745411897412,Medium,0
543.4066835850402,298.9713851040172,0.04410593966520982,13.057597758133793,Sandy,Hilly,284.1040904723376,3,58.25951038388977,2.83468682334098,4.758927633717752,1414.7281055202768,5.62957396554858,0.2796395529355254,Low,0
544.4294376332716,378.3687660709714,8.696617814785597,9.708034428097745,Sandy,Plains,871.7462715904702,1,58.54321172014476,1.0215832625391879,12.464954618005093,708.0053652874476,7.11610389342603,0.5424462893289548,Medium,0
329.3526360510011,256.5432827696831,1.2669839568099677,7.970897417538933,Rocky,Plains,786.7648284535796,1,48.9160329918947,0.2454154478123001,6.590794206403182,873.86558489414,0.605699305082452,0.37614705208241944,Medium,0
584.3033146143899,315.6672665902104,0.15900845139301034,6.936002855106738,Clayey,Plateau,1109.6962354812124,1,60.14150359417687,2.3369438379752387,4.436989930973249,456.4800066708418,9.912224448147326,0.28119353785353546,Low,0
355.26334062520027,480.0708210099441,7.529983635764926,12.047988743944341,Clayey,Semi-Arid,401.24580580217724,1,42.65237291795075,2.4209535805169313,2.7852087334679583,1620.109198008348,10.435482108176032,0.7431736696256285,High,1
487.9747857056972,25.120861824923736,7.976484549970902,13.444717605872922,Rocky,Semi-Arid,904.3682469200788,0,66.59094957100353,0.6640604464482014,8.275262495024714,1218.1498544612027,7.704201215640295,0.4513413242651836,Medium,0
573.0516018918684,329.63395090860166,3.6276501778865504,5.239471961427442,Laterite,Hilly,1020.0445194756874,1,54.92585444561526,0.1,10.30076299066912,931.2651887569474,6.904270837302262,0.45421902707395073,Medium,0
444.9581152944431,536.2704076092839,3.417338644224751,1.000040319069127,Laterite,Plateau,233.34407348160175,1,71.53892624059851,2.4082948889676365,12.538624309371835,1131.8316055344885,1.5827666911466616,0.48086047878094207,Medium,0
518.2111368211702,313.8441063051211,6.7091601525920925,0.7054376101863955,Rocky,Plateau,523.9852094983919,1,64.20837493408602,2.6740054092340504,6.072758923660905,1724.891153701014,15.126085826768133,0.8309831795196317,High,1
372.5355534168642,478.0687555879417,6.17290727661965,10.965642976479407,Rocky,Semi-Arid,867.8735536155231,3,62.72515390039596,0.1,10.367765903594355,630.2908894133866,1.8765517047945934,0.6387741473100707,Medium,1
420.53001248578545,204.4945420564669,8.8329368906363,6.85882437767684,Loamy,Coastal,1079.9514176720065,1,48.47488575185604,2.5993102856716916,15.878481323270675,980.7837315182013,1.2090603073973796,0.6100221613908531,Medium,1
419.1210853679489,276.1543007003544,3.2185273989074905,7.549725731376156,Clayey,Semi-Arid,963.8747588894449,0,58.84231445360288,6.150564422148174,14.148289327983921,410.1415160474554,6.1055243754434265,0.4876865833266937,Medium,0
338.0132480189642,284.0229642866305,13.724205571669527,1.628047021129861,Rocky,Plains,1096.1589885324327,0,67.06717834669612,0.43333547989707144,5.911184852165549,673.9086018777045,2.7163242891148833,0.5750092254855037,Medium,1
423.4838755326327,20.0,22.235437340295206,4.740433261634601,Rocky,Plains,522.2196205757709,0,59.39869172168325,1.620807775323062,11.40113515085001,1074.5765935891734,16.220891529168405,0.7952013844697233,High,1
217.707255170438,139.81866065797598,0.4956579234222095,6.113557558297654,Rocky,Semi-Arid,343.9373775951907,1,41.70895792602816,2.62522693895869,7.090953625914814,1742.1247749970873,3.6998909050470923,0.41413360522123327,Medium,0
376.3269379286843,148.37499047392166,7.57633199291754,7.623515150092212,Sandy,Coastal,929.5770320148763,0,69.82536485931742,0.5752293559831473,5.8136956008195195,1520.9002210100327,1.0727403094017234,0.6534753636032773,High,1
407.26867599454937,378.6479293639033,2.771167036907076,5.804223883258723,Rocky,Plains,469.7263666250598,3,67.07063409778571,3.0635202398585317,3.349644592320045,1694.7749352742183,18.953552920075907,0.8336156717669658,High,1
411.57303712569296,384.6583726820866,1.9612585994289016,3.888021405095972,Loamy,Semi-Arid,597.1371858832689,5,39.99201867976899,4.456371705266999,16.867953237671983,1531.6317639187907,4.347008735435773,0.29610235663810386,Low,0
413.77538311938315,318.884373124784,3.798069802610534,4.646299022192431,Loamy,Hilly,1226.2974241892307,0,59.51018068966583,3.7069453427788823,4.477834091675873,719.6138816206455,4.3858285970402235,0.4880742953276665,Medium,0
440.73537002098067,378.8923476226847,0.230370510203875,10.624969857841698,Loamy,Hilly,966.1848448683979,0,67.78339693171681,0.6591601429334663,7.212169642687845,2047.3730509307888,2.924634292706094,0.44999265705694,Medium,0
521.9162277129096,260.3020704733871,2.824614546077048,7.7343538588105,Rocky,Hilly,701.1492831606049,1,50.805152472394354,3.587640143788757,0.0,1570.986575883915,10.847105368399214,0.3907731479363314,Medium,0
581.1775611198784,424.2318003447452,8.18837975940743,8.836470420866656,Loamy,Coastal,655.6889733756627,0,42.09962420740774,1.173293821982594,13.499799609483933,2098.364109321735,2.0350617603031314,0.42756955332909724,Medium,0
352.53521597275994,281.0546131158486,0.9604545086075941,4.303378567368011,Sandy,Plateau,1117.3225449112076,1,45.10317008737233,0.6817312012116733,7.834960983447688,2036.9200188571926,0.08282732283837099,0.2973744653659741,Low,0
269.51987169162834,286.94368569121076,2.22322149057517,0.5,Rocky,Plains,974.1898274774942,2,56.69336788962971,0.4045547978737275,13.940004978071302,1154.3092220904955,4.1263068010604185,0.6342262958557607,Medium,1
293.6933381635346,248.12888400851062,11.219184233174966,5.4306870793465105,Loamy,Plains,474.90517518705815,0,69.1674177395628,5.2727221024674495,9.766185446200923,955.4855545315864,15.612978787614262,0.615007645226539,Medium,1
376.9195618207609,362.13405731637135,2.2384100167344894,4.40028833672351,Clayey,Plains,218.26169341466846,3,44.95241700274612,1.2247196887978906,8.672396773779983,82.6637455716234,1.9151742018487437,0.5554414607490402,Medium,1
397.2118023275236,229.45614200645042,1.7749591013703188,8.047036805884238,Rocky,Hilly,1558.6306414240526,1,45.04293338257904,4.417405125011974,12.200309082938041,1283.1197119251535,1.857974779545278,0.35045537550627004,Medium,0
334.5005900703814,397.1717652637682,2.3231090197459032,16.857171141045526,Clayey,Coastal,472.1322711388548,2,54.35886072108894,0.3823860787006983,7.944589352722217,1180.3486171114928,8.038752402934078,0.5332559850214372,Medium,0
255.58250036251582,144.1421031140792,2.931319018844464,9.085498052854767,Laterite,Hilly,1084.693776155043,2,66.25166268205174,3.2047153238063055,0.0,880.4596430745113,8.964168385075252,0.5336594075890205,Medium,0
381.58187587887176,148.13004943261674,3.9985952788318055,15.207880478150466,Clayey,Coastal,1428.742526318361,2,79.045624484054,0.2564073905473199,9.32481194210654,950.5337686088467,3.431490334444285,0.4563999585341777,Medium,0
477.21399301709573,362.49121061518053,6.4516317222918875,8.706309086018345,Loamy,Coastal,951.6591490916045,2,59.05498761766009,0.1,13.558967199869237,1459.5736503618991,10.761724963312371,0.5292823649787194,Medium,0
539.2544198753347,269.3746942500385,2.406666065191508,5.110341287281855,Laterite,Plains,689.8471632364783,3,49.902780946328264,11.678101289646367,3.6845145821572594,257.95309323604465,1.1319678686500563,0.6303161982249633,Medium,1
366.3865420337518,225.5330300616246,6.803602584624803,8.04374823436265,Loamy,Semi-Arid,400.88283540650076,1,48.44366725437813,0.16803936380720724,0.0,1840.3902784851998,2.743949651639112,0.3336926651332793,Low,0
388.0503266784849,386.8069278970552,3.0518815411590094,12.341915798433124,Clayey,Coastal,395.9963122879894,1,74.46602083407406,1.3618943912225907,4.4060242593118435,1637.419599583951,3.1078861292154762,0.512502404830092,Medium,0
310.99525367290335,207.12863030966986,1.6528633323061268,12.488687788963718,Sandy,Plains,1031.843197036735,1,42.84564607654808,4.635175843116646,9.644019804337537,1021.694592940798,2.250743593224394,0.5247149773005108,Medium,0
445.2841244437835,255.9758494839556,4.291203099303609,5.273987895870762,Rocky,Hilly,1407.8417130324947,1,60.32608822858233,3.764986280077568,2.111263129259836,1161.9959176893872,1.4733898780675854,0.4928844435411979,Medium,0
322.73570487137783,447.90735400853913,5.059455121978964,7.759551087097897,Clayey,Plateau,761.5893161534148,2,73.8119943588685,1.4016179383756007,7.421517216585354,1358.7709882437987,2.4762937385628527,0.5589386266678436,Medium,1
535.9691719861801,464.6970814972781,3.2662248305412875,2.7121993609865642,Loamy,Plains,705.4978382477226,1,56.100240645258914,2.076330449991791,10.047311561783792,1607.4632725624033,0.10900327513619831,0.48257365762338383,Medium,0
182.12002620988335,468.68778523243924,0.2331231188689987,9.47400587407429,Rocky,Semi-Arid,1144.1183817839153,1,45.027181618547125,2.1856084884624685,3.6145877822977344,2214.389520290245,7.291214420717068,0.5736673364489943,Medium,1
396.05554913213064,246.14490676793065,0.744753895532433,11.660064097167684,Laterite,Plains,659.9184611333386,2,64.35060615697722,0.2559418120293331,14.457384556972226,936.9292294867171,6.911304414388189,0.3945071065647258,Medium,0
495.1661008787613,427.68434859813647,1.3435568634286892,7.119398362348049,Sandy,Plateau,996.0690176699474,2,59.247491672555824,0.7377449452836267,11.390225179187421,1881.9735163501177,3.5894018823871168,0.5955340852510903,Medium,1
477.57517744837565,166.1256606677586,1.3286296289312858,4.9978478369196155,Loamy,Plains,914.6305075299294,1,63.644877641733274,0.787776983771376,2.971889197364594,1089.2112861785008,2.3397559341583087,0.38272042329572337,Medium,0
853.9550495970745,171.1716550333527,4.476331150785583,8.080392853832688,Rocky,Plains,756.6861794976805,2,64.94345000608931,1.0450467219907322,11.480038287562808,1001.0204261493324,3.4159588332822226,0.5147766620088479,Medium,0
502.47000368518616,20.0,0.07407634517833445,8.252377094089498,Rocky,Coastal,894.5616444422178,3,64.21322713901078,0.7042017018404689,3.870242388220122,1071.0055350220628,16.542259426046087,0.27449227708645124,Low,0
299.39181047369846,480.74418422782355,5.6371348439566,7.243431495548861,Loamy,Coastal,1517.1032401274927,0,61.55238310241919,0.6373004431830774,5.424360494859144,1741.4678627389894,5.551456827740096,0.5509083465209045,Medium,1
435.680362936639,176.32241811087061,1.233403361907992,7.536145373007859,Rocky,Plateau,1111.5865304353347,1,66.1238242596628,0.9639794538968602,8.213554377004106,913.9565364973308,7.886238563757122,0.39898516538972195,Medium,0
183.56304998003225,264.8160904303528,1.4843813722992596,6.478555448591887,Sandy,Coastal,1282.3752814895925,2,74.18876707566557,1.0489358233444035,12.121121181181984,1253.360010450395,1.5644241450197651,0.4255610603104931,Medium,0
437.91003760548585,170.76107896860594,3.002341076604755,9.987864784679218,Clayey,Plateau,578.4569736779787,2,48.598859523047004,1.4694158314703933,7.779979849369886,943.4780081124246,0.5973176228490298,0.5635155420363087,Medium,1
325.0415914498862,363.4198297996169,0.9730054654904331,9.20868233549538,Clayey,Plains,1283.577651662651,0,54.81207343441055,0.4193160321981062,10.067262742762217,985.760229686802,0.5210970041044182,0.4287489403428576,Medium,0
587.3085413340243,234.92396071391917,8.632945650187574,4.050690558567553,Loamy,Plains,1123.6571664141447,1,67.52505086221497,3.4160682644919804,15.16772869285056,1875.357616276357,3.8321682206916154,0.5043801375838844,Medium,0
367.56895881066976,123.42197314804608,0.35693732985374665,3.968228190524216,Laterite,Semi-Arid,375.1413662042213,1,57.126240665889,4.335965818978308,9.306302547551148,1194.672549501117,7.567203890984436,0.31382637961966364,Low,0
432.485112630713,332.99950770232726,2.3506996931494504,6.236876748920314,Sandy,Plains,1088.9267566798849,2,42.83573942813396,0.6275241258751446,4.8449787700038,866.9594544691887,8.92651852783405,0.36029172702669027,Medium,0
354.66632378933946,107.95239702277257,7.573103384387332,9.210511372315537,Clayey,Semi-Arid,720.354052121863,2,61.9942021333949,0.2895007494906475,11.4879878547112,982.9785098224054,7.646582065855152,0.5661666841400783,Medium,1
710.8277027779998,179.51131296214106,3.8268251362343575,7.444172241672444,Loamy,Plains,358.96871328603436,3,52.10302533451136,2.8187654665038844,5.267178070082586,1339.6726429155435,14.634725118302057,0.3572560358165181,Medium,0
401.81358508231324,27.173306244870304,1.3831068459430078,5.070548769632034,Laterite,Coastal,945.4215063146669,1,83.44422464172142,5.676555390372821,6.561424508433282,1173.8786448675687,0.32042014071295377,0.659884090462597,High,1
724.8835565218803,109.12502653628718,2.184154952908417,7.784555790177491,Laterite,Plains,1088.6649068719134,1,69.91949369872593,0.1,10.817755025000432,1201.2218546820704,11.60019349282908,0.4237342823855546,Medium,0
572.12276431774,301.42350036645735,4.906160572327018,6.007568441433184,Loamy,Semi-Arid,953.062824025597,2,71.91540970036203,0.1,10.92901271766809,1050.5695304823853,6.484809786584692,0.3580637284048355,Medium,0
522.310009100308,44.25567542764904,14.486490029567268,9.641459380672394,Clayey,Plateau,861.8014953039857,0,58.50022545331349,0.44580157673338333,7.0938766688384804,1722.024775867661,1.1580151814917254,0.4190408879371775,Medium,0
505.30997209762796,102.26251304539412,8.944894876279033,7.999175305201142,Sandy,Coastal,784.2951315395838,2,61.7262653053048,2.5399529765598694,6.435770226851647,1488.25684791781,6.881411357262667,0.5483473627761845,Medium,0
509.06959473243774,279.71573006406305,1.6768333103087638,6.054165437643569,Rocky,Plateau,1763.3058032695446,3,53.891392245875686,7.361573541573312,17.13541265386346,1087.683004728938,4.301683738991641,0.47613856735679616,Medium,0
160.8491130981585,214.76717246883368,25.0,7.694556316139384,Clayey,Plains,486.10071401497396,4,47.943044069340914,3.053202556695862,0.0,1264.9746480619876,2.6687410277944554,0.6114489805701049,Medium,1
408.1674908773865,519.0443963151171,0.014043277003937366,10.945144178572605,Loamy,Plateau,1205.5226938250212,1,47.05895520312932,1.8723047554810655,9.824152899213818,792.6411237511899,1.7097799030380982,0.2511266261789455,Low,0
576.7736956776482,500.067585522925,0.11207454954896744,5.291109770360867,Clayey,Coastal,905.3980398111444,1,83.6392302289847,2.65277274417876,8.08512979987396,1163.127840602646,3.743455171835972,0.3989567982498873,Medium,0
442.6654224788842,175.84930446986158,6.945462121850032,8.207970944941483,Loamy,Plateau,600.9367228065387,1,62.76236206294962,0.5769985614735417,5.889429501090412,854.8521637113781,1.639777440658316,0.4246092491500108,Medium,0
239.22152297946374,346.8565142084178,0.8898885412228286,6.788618978602012,Rocky,Hilly,883.0603322799974,2,42.12770457233805,2.5663499886775094,9.44115261720451,1297.8035239226833,0.518886382639408,0.23418180824561927,Low,0
442.1393324133796,369.9139068255341,0.2507764376017677,8.2809510515863,Loamy,Plains,412.4735768439839,0,69.53783903808534,0.853137281191165,3.1247291865875493,1148.264853069294,11.229495484467067,0.4389130584850919,Medium,0
705.6158274383237,208.3025370370716,1.0827653347301016,5.036305175212808,Sandy,Plains,691.5783576176012,3,89.478216046537,0.5534572763411435,1.4870037384105927,1079.5555870887783,5.391249826516768,0.6269221990622015,Medium,1
637.0337573302079,100.53501562021555,2.221201528695751,7.331006299478127,Sandy,Plains,883.572985957538,0,39.57215405610096,0.5938141032904828,13.20550725442044,1271.442842579393,2.7122246726179955,0.4383715092616491,Medium,0
440.69939859509526,278.5241860830331,5.2457312811777985,10.323469847250403,Sandy,Plains,357.1090294903046,3,65.20341981239402,2.424358667926302,4.634856819510123,1349.2948130677817,3.5509124878418055,0.4215599003431875,Medium,0
592.717391558713,259.2585190223067,3.9162355673179183,4.188979056261678,Loamy,Plateau,1077.2338884708204,0,44.52793109621857,3.2069093315170267,7.387504420560689,1745.18737674854,12.007215354073125,0.5656111089148742,Medium,1
395.0239469447922,227.7082603635257,1.0852470279519357,3.0117846900247547,Sandy,Plains,562.6836356809638,0,71.86612617909545,1.9179611852912368,0.0,1589.2852026630917,2.312594209967518,0.2871656301084692,Low,0
194.41926197599216,333.07802417973824,2.7988382486524297,3.125633306539107,Loamy,Coastal,391.89766469525665,1,32.32673774076081,0.14516739422896668,0.0,1675.542633663488,2.869889692197029,0.47250601253052316,Medium,0
311.33010178056685,189.91244715932817,10.426350782821181,3.488012409399433,Sandy,Plains,521.8537924600703,0,58.94633969409189,0.1,9.263581223927087,1023.9894090528829,8.7166671510006,0.5645322117122994,Medium,1
684.4333152762297,141.76029429050283,6.749765970149859,8.785969863677993,Rocky,Plains,1661.5839566424204,1,63.32492576425143,0.5386385322452597,13.417889783632653,1343.8539460592742,1.342782170552487,0.623727001696953,Medium,1
408.9010377256044,293.08995644197984,1.5614575098815526,2.7824209424036033,Laterite,Plateau,207.67755034590607,3,41.384615185249004,0.742563751972936,4.569203671071405,2067.442956566413,6.459858278773086,0.5464817019971282,Medium,0
413.49240309374727,326.31641110826513,16.128761831223727,6.106313965769408,Clayey,Plateau,1052.6430810694267,1,63.328766363723844,1.1415606798947813,16.16032228985884,1151.5710908737396,3.4184007536307988,0.3553022346231684,Medium,0
405.0242705587679,138.80260673199365,4.932513584113571,8.854867909932125,Sandy,Plateau,636.9273051432497,1,52.422070373032035,0.17396190804423958,14.430785114854782,1264.6652396846687,4.160786172301763,0.4853359002315967,Medium,0
735.6204884359511,391.37087331892974,0.257938007898132,8.24997718164578,Rocky,Coastal,777.4551399688535,3,78.67774376913897,2.8414356932158347,12.426796727527652,1271.3551387573618,9.275403730998498,0.262874540033734,Low,0
693.8938373043095,67.54226346687062,0.1431749351234958,5.843323060112544,Laterite,Plateau,1111.3758250381165,1,40.914687544824744,2.734718383713266,13.419329810944568,1148.0208774657112,29.885605306460622,0.6639558760069565,High,1
782.8170350172201,210.62638495412278,0.7376531269523342,7.572771195265318,Rocky,Semi-Arid,1094.1865501936222,3,68.90196125824434,0.9365059892138091,14.572650298642063,1844.0778319882754,10.685341784327502,0.3201622495840582,Low,0
426.1432184399923,249.03897565628694,5.205693824629805,7.321435989212705,Clayey,Plains,661.7562532933732,2,56.80034942970802,1.821221293077963,5.39908655002253,978.9438720421556,1.050007055506363,0.530743126397048,Medium,0
494.34367331206425,203.6531544817684,0.8120841254743435,6.327277133355441,Rocky,Plains,424.7615976783471,2,73.5236583608661,0.23403324966513717,5.63700112555939,1739.9713809079994,1.5258848379443393,0.5002766590141204,Medium,0
222.50361758688132,212.1927431738569,2.8655548933585506,6.3674958440362595,Rocky,Hilly,1117.7493407952238,1,73.79953663824449,1.180337949973296,11.481540368575331,1584.7530827402911,3.165089482001558,0.1776006718940038,Low,0
671.5401639177412,504.5289378769737,0.39159864727896065,13.706282304270882,Sandy,Plains,1093.3320175532704,2,54.9805842904778,4.287509206240506,1.782132913350134,1169.611395943533,7.621242332295475,0.6345281460449346,Medium,1
274.83306730980973,177.89390931533217,10.147469694771653,9.427932711793902,Loamy,Semi-Arid,800.2606719241342,1,57.463785886836355,2.377412648982203,9.661111332324936,994.4705242932214,4.2724042474092,0.6895078509237683,High,1
482.51633456439436,572.9466066966297,1.6861378062857637,14.441952752536428,Loamy,Semi-Arid,1054.6805343329324,4,68.90490617456499,0.2414546587463032,10.29529455790508,1183.6480489881544,13.924535639844912,0.353389112319055,Medium,0
285.4046208550734,332.4552135677262,9.549612522003919,5.509110601238496,Sandy,Hilly,743.9596816585627,3,64.26352845785203,4.138425486803112,11.495227924494522,1779.6078336834762,0.2994002054330692,0.6776516209387319,High,1
361.66997598919556,291.04661647743904,11.592654359674603,6.745100209335558,Loamy,Semi-Arid,610.5368522378242,0,56.592315674328454,2.5115472149541214,10.867283097423332,1738.4402603380722,1.7946180935608977,0.4159095148776363,Medium,0
324.41063534254494,337.1488424065199,0.024590018233499218,3.003622704170058,Loamy,Plateau,901.3867633923763,3,47.99931773340723,1.3275006713981168,1.5614623766044318,1599.9804468339266,1.4851676352760619,0.43014553215688933,Medium,0
358.81871089862733,583.5913299102342,2.495493458583501,4.571299593731283,Laterite,Plains,1081.6614593820311,2,62.38388532198662,2.591492466008195,0.0,1156.7861969370938,8.179474927587481,0.4310428837602173,Medium,0
369.1315945276532,160.76883952822624,0.0998604272524616,12.705739445987502,Sandy,Semi-Arid,1008.2375943433518,3,44.66689218391067,0.4174131769864277,8.32957111594958,1221.7853036425947,3.7503696629989145,0.2805376333238035,Low,0
367.7596807612384,145.5498497276333,9.574101058162471,5.433897130474731,Rocky,Plains,1078.2069380268354,1,65.77890896676936,1.7590965172408006,20.22871685601565,1513.16088684429,0.09076126313840882,0.6520349590615738,High,1
575.000086767046,189.41605641136948,2.922628204349391,12.757843900433379,Loamy,Semi-Arid,633.7973943488059,1,71.32697566307493,2.1167159166743916,3.1940446408354344,1081.5734394782858,8.908386805884764,0.6702768612375012,High,1
284.270581040622,283.8571776357473,0.31160406595579837,3.2699132179603287,Sandy,Coastal,1453.6583936653883,1,48.08550327201201,5.780612859538193,6.389365288051511,1618.7913940075696,2.6946510628161393,0.47897061720525286,Medium,0
483.08121405208004,72.90746502249121,0.4673791810109429,3.8395928977801694,Sandy,Plains,780.1667006314814,3,52.99304308206801,0.15231484240893106,9.489662450207094,1275.8616666771713,1.810364354413681,0.3921453064073238,Medium,0
632.6938728458338,282.68070871823295,1.934846379014869,5.976306336929737,Loamy,Semi-Arid,858.379521983193,0,50.432546486193516,1.0332432714600681,5.305409164646564,1706.9820389815848,1.2106241366540864,0.3723144934535619,Medium,0
373.0205453229906,483.2256560096406,11.269286274920963,6.808750234962466,Rocky,Plains,438.47043177374627,1,70.6466423575165,6.0757042653824564,11.276784703525955,492.79824714670383,17.51398162794348,0.688534825988322,High,1
342.31216638785975,298.1688868749733,4.722446607762304,9.769261877350388,Rocky,Hilly,832.1506952959506,0,58.65649332437432,0.5387908702495122,11.554462987835647,896.4180109666454,17.087808794542962,0.5417738951213371,Medium,0
415.42130622296236,244.87774492296677,8.088280558032274,8.352311251558797,Rocky,Coastal,1086.283207898031,2,53.607579438370834,3.690980723770805,15.707620201816319,1033.5184309440187,0.4778505015873755,0.672411518424422,High,1
626.9587812541065,205.82074615796472,1.8257073856974675,5.751054227967916,Loamy,Hilly,1166.8787144424327,1,65.77039782139542,0.1,10.749847233108476,1406.258467015287,1.589791269291099,0.4110834356446552,Medium,0
479.1161446430037,387.82140454618775,0.17670085591931217,6.6000525804456815,Rocky,Semi-Arid,1446.6792580153738,1,52.230998030092486,0.1,6.3485082019925105,1012.0805533533021,6.2327729441951965,0.5795695131096466,Medium,1
370.31785580886026,180.9000672114343,14.647803180876222,6.0428112406459,Loamy,Plains,1082.0822135389112,0,55.554761106882786,0.873259009048885,12.341200049304284,2290.0928891110016,6.659701780718745,0.33307341746624175,Low,0
522.581497678206,501.5675104719097,0.06928862673686406,4.25603879402281,Clayey,Coastal,996.9196185298961,1,44.6205888181956,3.2190211571952267,7.7984626808401964,590.647690494239,3.2443258574016927,0.5595232129688595,Medium,1
284.6561775245365,512.0031697257228,11.799339678577523,4.336111190195135,Clayey,Coastal,743.7967109699882,0,68.0637666799833,0.24194500163300095,6.114839680166764,1709.8327734672644,5.043063685025194,0.6099546877784315,Medium,1
552.2039265664422,310.8100958394145,1.8397533315247534,10.083651674300228,Rocky,Semi-Arid,668.3908571184476,1,44.89652524382279,1.0618279688903434,5.931532822617244,1815.0897246333661,7.2766805130912715,0.47908399678175034,Medium,0
511.29109615526517,278.6181894308026,0.04056663290873282,1.51550521621858,Sandy,Hilly,1239.5869801338545,2,75.19530252566717,0.3100922948512883,5.529262181094163,1449.1404992067396,18.035811404830156,0.7008310041424543,High,1
403.8287293291674,403.67917698898714,4.673872251566506,11.852076092335164,Clayey,Coastal,1232.874623108618,2,60.867831228072085,0.5567741194149634,13.446355687235034,1042.2173745977743,7.748292499538032,0.6369793537533565,Medium,1
324.21213023291534,411.37582026727904,15.757639302983279,5.971017323193304,Rocky,Coastal,523.0455547029296,2,56.11940989513374,1.5381378476108376,13.372432190380893,1190.4091483626353,0.7010276533396708,0.5472716753196439,Medium,0
316.9978616574814,183.28099227287015,13.481787004876738,4.68247418082352,Laterite,Semi-Arid,1153.0835605037184,2,57.84282288621545,0.8456727978050327,9.410652070234754,1608.5295624140663,7.591826607255694,0.5089445419115081,Medium,0
530.2226004518866,216.81338402359575,0.70187799717188,9.219277872091808,Rocky,Semi-Arid,1127.6342919885449,1,78.51942281022902,0.5239219478086742,5.771828784359936,400.7147323520885,0.4207732109610638,0.19973028247637337,Low,0
634.3470753733593,121.31830783800453,0.7998952496896361,11.455649752441351,Clayey,Coastal,510.166890245032,2,41.846097702986974,1.1001002606277401,8.939084075098013,882.8498237087556,4.189045615431112,0.5066945531782774,Medium,0
354.4038379456808,329.08779260008686,3.334595600512024,10.352897324811872,Rocky,Plateau,1089.1598816762119,0,42.7353595660942,2.656490208881994,4.324846543215416,931.2078736370971,4.490630622291242,0.5446798150845955,Medium,0
518.7580055327227,359.9953460148269,4.056770158900359,8.505556148079673,Loamy,Hilly,532.6587391813674,2,69.51268631963451,0.2797791645781061,7.538365463409835,1472.309659660321,9.03762585954955,0.6013182775996326,Medium,1
136.94594720968968,118.00892345664724,5.37934942695202,10.260590469165507,Rocky,Plains,150.0,0,46.943784011454056,1.4369230889481925,0.4418669668564217,1744.4906513747499,0.0697558191100483,0.3571523607448942,Medium,0
362.30734040142005,225.3761314220609,0.7989307488705987,1.8505072685684016,Sandy,Semi-Arid,843.9641552077826,3,49.129596888787916,0.7066335980726711,7.4303354091929315,2190.491220563079,12.464760257687484,0.6319359610504693,Medium,1
445.3411600693647,118.32952989023809,12.77742430052315,5.434508375535556,Loamy,Plains,990.2351468392461,1,52.683080764569304,1.0467905222199343,12.357456810033764,267.8591005219496,6.541806669045522,0.7125567817515358,High,1
313.54748745272497,172.14402277073947,4.072621198487677,4.266489819925466,Clayey,Hilly,859.7252182909103,1,71.50566354285108,3.791646872392909,5.338466901816249,686.1186543579153,0.19012585257387749,0.5810801235744706,Medium,1
309.52404378156064,346.1220472271559,7.510496255615788,10.673916193645525,Clayey,Plains,1903.487386015791,0,67.71455492956605,5.841902054901808,13.145170322269177,1028.9343521020887,1.0463365835001484,0.5117856668936667,Medium,0
349.83306652966706,191.98215199860647,3.106686636071108,5.84956594322834,Clayey,Semi-Arid,1032.597930232241,0,56.30583839076876,0.6123982448052885,11.065344816197326,1478.0648078304696,0.2419172869617579,0.4538071545735503,Medium,0
493.828909248956,243.90088527612414,2.13963214879383,9.536219670346167,Loamy,Plains,951.4996367545451,1,62.80618997566426,2.187182319011823,10.179269139679494,1582.2049597984105,8.713056475212307,0.48477689503702237,Medium,0
421.9006472390438,84.72259264632214,15.120981252674675,8.607570827465914,Rocky,Plateau,1050.3569561599318,1,62.51596668034626,2.484029506250622,5.186335347276982,610.5995604188805,1.1245238758263103,0.6311332015058179,Medium,1
114.26531500125418,302.4388251669597,3.4902569977329936,4.413079191508957,Sandy,Plateau,745.5383484599658,0,45.96969696204073,4.066130044499101,3.4511112151526495,1388.186795281785,0.2800343465073639,0.3746984784373587,Medium,0
131.89497710474006,274.6872016186421,8.065824387740566,5.239125370071147,Loamy,Semi-Arid,1225.3176717327385,2,46.786009907656634,5.044721727710145,13.017986512377915,50.0,0.8909146571885842,0.48989410718976234,Medium,0
358.9702233214237,192.52488999602053,12.25539323540727,10.881453072444177,Sandy,Plains,1026.3506811619857,0,33.55966819565767,1.3884120174985004,2.1206467636789785,1345.9608757818053,4.9198454957506526,0.599602319526371,Medium,1
518.6529879080329,257.3182842781031,4.500087409710224,4.67355205394676,Loamy,Plains,1010.3100963623717,3,75.88718189817993,8.909749976741304,6.046306499311682,1186.9312906471148,4.104964382753429,0.3630710597011053,Medium,0
80.0,301.6353856604133,3.1846079236577087,7.374602830586437,Sandy,Plains,681.5579219965713,2,49.95893657956282,7.776074479327169,9.231361138436483,1150.179121438024,1.6962257172009532,0.4031327769695529,Medium,0
375.0404735772554,182.2158221308787,0.014068113643207581,4.652376141020665,Rocky,Coastal,352.4843857428174,0,58.16306681835154,1.5535685443628662,20.073799380331792,1004.0816685213669,17.18141537723293,0.2692751301938656,Low,0
371.0628215223868,102.84849471978649,0.16336981533070669,6.058143439252418,Sandy,Coastal,724.5148688229483,0,64.4668993095002,1.7181037054370702,11.588434444036954,1155.1592296002352,11.578225421366245,0.3855483622236542,Medium,0
658.2506667312672,496.66893192241787,0.8968325513972539,6.861514168090085,Clayey,Plateau,998.9218496909623,1,46.344783713159536,2.4241076166386555,4.690259547108967,1360.8064294298013,2.2652988044711866,0.4806827730060748,Medium,0
392.24672824307044,204.00727543476728,0.8232210863147823,4.651400469107526,Clayey,Plains,744.3551820892689,0,47.828848540913285,1.029844753682449,7.911713101165911,2030.3467371968427,3.8612518856935787,0.5244164264642612,Medium,0
507.44834771113926,268.38878761757326,1.1761893926827143,4.118659138048355,Sandy,Hilly,1002.1045084735798,2,46.94893961110819,2.386646492453056,6.833238295994708,557.3755360120877,4.364235784630253,0.4417113117804843,Medium,0
471.1885710131195,401.3007682024376,1.4549975654450074,7.858820010332327,Rocky,Semi-Arid,818.6733431002933,2,30.0,1.588694926083665,9.639256237132543,1063.5613378063326,8.467846213724044,0.53724906077622,Medium,0
130.4150280289199,703.4866225084581,1.7855577661515198,4.465787773626472,Laterite,Semi-Arid,1050.7028196192832,3,57.218331716451544,0.1,12.988260941655243,1470.429222026971,3.3511371382449298,0.19104250827337546,Low,0
565.2310824947606,130.6616260133361,2.1826186290515373,4.568027332903982,Rocky,Plains,558.11155594364,1,86.04591948917508,4.214056928488636,4.905647359150459,1169.8452510627967,4.744173281702683,0.46536688523677405,Medium,0
482.30947581844316,333.9792656471812,0.41640673752292284,4.182840568894088,Loamy,Hilly,967.5115041597785,1,51.646720163043426,6.205910647482585,8.973969145074506,1262.0747482662084,3.1919438277877203,0.2197588370077743,Low,0
526.2402959511884,195.09372576470724,0.1731414877147016,6.7662758610060445,Laterite,Coastal,675.666048777011,1,51.97450330365315,0.1,12.88256099185802,906.690252009479,8.63363611661822,0.3693066429941039,Medium,0
1038.9356559654489,215.3451634507947,4.482750042062573,9.831104903199524,Laterite,Coastal,361.6009702542774,1,53.562252012207765,3.4257052795296543,2.0100428141692923,1612.6851441860797,4.870692285718272,0.5788551751276881,Medium,1
137.38305907521175,193.57455747918522,3.083006601251698,11.5195859089368,Loamy,Coastal,842.1960569400687,2,61.73931330184034,1.0724037759590153,7.309562282622967,113.8215776500715,10.553916555220685,0.5945372955759826,Medium,1
708.7044974641663,144.9214038639298,2.34898549952511,4.822245742018664,Rocky,Plains,1437.7111508363164,0,68.57735118729592,1.9382007227063216,6.160692110365826,703.6574394652898,0.3314007349665955,0.14826056194071538,Low,0
406.88287208994666,275.04503658584065,4.025298774569872,13.450932379993633,Laterite,Plateau,389.49825725390616,2,47.98619033477295,1.5249015639713746,7.9026631503442495,2177.7322223077467,14.079620690001423,0.27424717220158085,Low,0
493.0993356604514,103.05967755421173,7.033594501956404,3.9858854178796124,Loamy,Plateau,941.7872876379698,0,63.550895784690006,1.7631339074219894,0.0,585.5712575856643,10.268506393768876,0.3844227368782049,Medium,0
443.17316320481365,393.61690798142445,2.2323182379687085,10.25064556998361,Loamy,Plains,1179.1519721424786,1,56.971034742901836,1.5038448437928433,4.4818370618009995,763.9800232149171,10.239152998121483,0.20422883915017245,Low,0
386.3645499902935,286.600352324005,4.099062870428763,4.834910637953673,Sandy,Plains,1705.010739800558,2,61.58654805364924,4.2237349123273855,0.0,806.1653441497816,0.9070924183575665,0.38746192093955845,Medium,0
364.5250607641862,330.69219674817276,12.279429498446705,4.387230190389969,Laterite,Plains,727.4734561436593,4,63.41549850439159,2.530996948262727,2.669208849249042,929.4356396015323,1.8348552837075103,0.6379668489912789,Medium,1
499.42631033595137,224.05736656645325,7.320949250214419,4.765731529646834,Loamy,Plains,678.7997883884905,2,46.30236659704738,1.1706479107833818,8.67410623841601,1190.3508204039638,23.551143619463275,0.32734004118442517,Low,0
222.42394549924813,235.9355278945902,2.2205091787546847,6.842656901052643,Loamy,Plateau,491.65773142125676,0,51.68708024547191,2.566467484243401,10.050669161485215,1739.4956186170903,18.007491932956274,0.7014524156616654,High,1
562.5868751282649,314.50766862007936,4.139360669975772,8.73991651310083,Sandy,Coastal,1299.1807171961768,2,63.54832951097908,7.378303704674638,6.029420907618188,1438.7115848447502,1.5413241914703466,0.47365734520134833,Medium,0
387.5708392672119,140.31392411130093,0.7795410275432759,9.009604113714467,Sandy,Plateau,596.4049847663237,2,56.3177846185316,0.1841768115793644,0.0,1081.948525920183,3.4033459944804045,0.4414703521442762,Medium,0
280.4895991439463,237.0411478703997,3.2886721628317495,4.168044953956335,Laterite,Coastal,770.2912488786275,0,67.50686209754912,1.080574043179295,5.06618759308105,2074.5623240436707,1.0172122710470783,0.3408699538190409,Low,0
382.49807130062794,176.8463783345855,15.922983183227444,4.031022137466194,Clayey,Plains,252.87174292006068,3,55.33127068675731,4.496182895767873,1.7255013166252926,991.3855955434464,1.8280593602244108,0.7157093030059508,High,1
638.5723825293859,173.13174272907827,2.9218605788401586,4.2500839199093585,Rocky,Hilly,1209.3901449374841,2,70.1257350506355,2.955581302277251,6.7242188759497985,1228.7902245532912,1.2254045045837152,0.41212115810471117,Medium,0
369.6997369475665,26.819411124923022,10.504312455585543,6.665936792843466,Loamy,Plateau,1305.390398272309,1,34.448897950855795,6.011004116899734,8.480804471390123,1259.6323264352172,0.5064038430820765,0.5085897331604047,Medium,0
503.768042731443,440.7191907376,2.0925033183779336,6.369533187427376,Sandy,Plains,1196.021272254528,1,61.880135592750456,0.1,0.0,1623.5021107128332,5.197563248246821,0.47421910388972405,Medium,0
340.35655864267903,197.61534962154775,25.0,4.149473613790615,Rocky,Semi-Arid,338.13615152619866,0,42.5241180731403,4.369503168961756,6.083317231848076,624.4494863862626,1.652827120161977,0.6351542870889906,Medium,1
563.6882774885429,419.60512661962605,3.4625809236996994,7.808811082189733,Rocky,Plateau,1112.5028642727573,3,71.45647781132453,3.4523504726061716,0.0,688.0969660177462,29.152987910376474,0.5563194315081164,Medium,1
552.8261608185306,408.2550785673151,0.17275331096823052,13.787706425005954,Rocky,Coastal,314.5653653465996,0,56.20768068942832,3.712742822554532,7.0371174404825565,1671.3499871844597,4.34708101378464,0.5276857955710106,Medium,0
727.2913249944618,125.68003521802075,3.5348565983482265,5.4858536144945464,Rocky,Plains,920.3141057224841,1,53.91395373430979,2.0008358929550734,7.018159625569768,2092.3966412611408,2.6692378719507093,0.1885388776402715,Low,0
423.6654081751177,149.39065171925853,1.2839776499088904,5.699464536389399,Sandy,Plains,971.7771529943291,1,48.0853871195493,0.11728918269381888,0.45395766580958963,1017.9538946152996,14.662277633538993,0.4208412048895301,Medium,0
550.298220713686,587.2603551226821,0.1320821955011628,8.678984710973106,Sandy,Plains,1008.5641263378927,1,65.96433929979824,1.7042060579548943,0.7707299558673446,569.1553507548,5.817297483046265,0.4243484990886666,Medium,0
464.7101309308417,490.1111130312572,6.87820112769877,5.323551124789615,Clayey,Hilly,1087.122786423114,2,64.81771643323941,1.1524223825957887,16.827581758046797,604.9540013765896,0.8154600758002026,0.5024993597128548,Medium,0
644.3807672794521,276.2177784006275,1.2903621068772135,9.006893445154546,Laterite,Coastal,897.1882387542547,1,54.6216513555667,1.647245966030767,9.70496222833612,1718.1046157415826,4.132785401305892,0.5467623642574084,Medium,0
342.17514185869044,310.88477277008195,6.369311589563396,4.844371879662879,Clayey,Plains,213.14967054500664,1,65.98521012529034,2.9660678442398796,4.505349164905011,356.71882811516116,3.490484456070679,0.5983424557972431,Medium,1
561.7507969315922,204.29843164633735,1.359932033250695,12.496358822731903,Rocky,Plateau,1087.2923530798362,1,60.64746859487983,1.9937345261692436,6.3440053326384716,1231.9139022896975,8.692391496251513,0.3701043164253716,Medium,0
420.7954055824977,331.8823257040408,0.864306096089937,8.034324917776884,Sandy,Hilly,934.1628493947118,1,59.03152999755149,0.761434396087637,2.0475591801817696,1111.8869299612916,7.100663266704618,0.5619704615564485,Medium,1
440.37177343372537,193.93817191330342,14.588735547517883,5.139931152769865,Loamy,Semi-Arid,584.0830730200684,1,67.39453018206123,2.0131316642787103,9.115954844440491,862.2905715121087,2.779753870159647,0.44794024797961546,Medium,0
463.7628726672559,36.117548284193845,1.7954449499593297,5.233924901592178,Laterite,Plateau,350.71090260218693,2,79.73617586484261,0.19095734248676394,7.420800820619535,770.8204095894953,3.803378048628221,0.4624690245165478,Medium,0
487.8360594640016,121.41330561867389,3.6789487708447393,5.4586007418758955,Rocky,Coastal,1439.0077650735257,0,61.382729379913386,0.1,11.646769100685377,1548.079601383501,4.388684936642783,0.17550619602733888,Low,0
432.56564353170626,282.53112974207045,3.7662443466499913,11.118248998746619,Rocky,Plateau,1330.955188401739,0,61.401218606945754,1.129426285477483,13.13097972023921,1588.7031131345348,3.2938751251446003,0.32986615584620105,Low,0
482.2069774755789,144.27193173968948,3.2882289093021524,3.1937469771961498,Clayey,Coastal,1147.0850925576092,1,69.02333514100442,3.1140143054736447,14.745600635925111,1783.6621957343086,0.6838610053553071,0.524278883033706,Medium,0
686.7177086343277,271.9267042103759,9.846123702505915,4.996174988621486,Loamy,Plateau,663.2950310678539,0,46.57039630471098,3.8049906115684005,12.299082163083394,1442.170379586608,14.151497444501995,0.6172684140783881,Medium,1
597.8174528422828,151.04067526805642,4.488847173487108,5.315018329223722,Rocky,Plains,150.0,1,55.80307473789194,1.7559314925180873,6.917258857129393,1203.7859027291524,6.6987025212680305,0.44974044654630896,Medium,0
580.3731888745344,186.11752929976078,2.0682669301600654,6.952936099729186,Clayey,Semi-Arid,1167.6377114023323,1,53.36697951154471,4.455012158316278,1.2087555818818139,1281.6304590612267,3.806103474349902,0.651250285874092,High,1
381.6690710964194,382.379836769583,7.933047237253571,6.1866709220596166,Loamy,Plains,1028.3403708492763,2,61.60475970294296,0.29607046279079935,6.531763814059156,1695.4127589780196,5.058059641511886,0.45756370423671944,Medium,0
316.61387576575135,309.69766571681254,0.7989919919028927,2.5263165058286114,Laterite,Plateau,768.8681918247382,0,60.60328170315953,7.319798413657942,7.757517311779223,346.23278495353406,1.4384097128080917,0.23990085760288965,Low,0
593.295083735663,278.8402694423983,3.1431272383499667,5.800531949213598,Sandy,Plateau,1293.6822073442568,2,79.10278420161666,5.605552819314535,9.97647762231069,1421.9810631062926,4.537241832908785,0.1796770726250857,Low,0
581.4070188794691,385.47567676847814,12.027202970218289,6.701347950445094,Laterite,Plateau,1196.7991368869975,2,75.99024608464478,2.0116484825677197,5.194489459270422,910.8703236221718,8.22318227373023,0.4431834029156795,Medium,0
670.9006013626473,337.6730312016817,3.9275606476975717,5.11570649476065,Rocky,Plateau,961.6334208807973,0,39.82223650358555,0.13313714569488283,1.9941312843653698,1388.0743524614222,4.577226601787686,0.24448831647374553,Low,0
359.40290610461557,453.5875949501641,6.792386956894247,9.060326467142994,Loamy,Hilly,912.2704462548899,1,62.28721325993255,1.33211741494157,9.280651251281821,684.7190897107905,3.9312410972840626,0.486389863566683,Medium,0
415.56770169594796,224.81688852218318,4.240190919238615,9.758225286260942,Clayey,Coastal,917.8387011598884,1,66.49827804067357,0.4346423373007,20.08610244389706,1625.0336310529008,3.723683013230009,0.4237356570310067,Medium,0
204.07737562118487,228.44380257669894,7.314628285483791,6.764839900811821,Rocky,Semi-Arid,1137.978955492161,3,59.00861617255933,2.1780116012749353,15.13355044474314,1493.7859202193144,8.603405744953402,0.37599977831739306,Medium,0
391.12933409086907,123.86688803303858,11.564615603618652,7.6916247605521875,Loamy,Plains,599.8832787099541,2,51.80816450586484,0.463491737985411,13.955024742326854,847.3025553679429,8.39845841578887,0.45708141817186904,Medium,0
599.4855765869171,228.52231391530964,1.2748845689088457,0.5168320079521873,Rocky,Plains,1049.0940926247629,0,74.54458543439321,1.446256891313872,6.153753005417,966.4657690990462,8.31945187413148,0.3533741397532492,Medium,0
380.0256931157703,395.7723873162935,0.7436853028104161,5.736691683514504,Sandy,Plains,577.7931694356432,0,61.96190997559437,0.5064445378779865,4.243786278907706,920.5030888689826,1.6955303868988056,0.33080562521849455,Low,0
546.0719692801235,435.9984846714561,2.646522351796424,10.014465075273737,Rocky,Hilly,1367.7943101132819,1,45.47897384337284,0.4415479927614558,11.811113385842248,1228.614524211256,5.772358529615447,0.40506854702938533,Medium,0
421.4245341003283,395.23662017040016,4.840800976217196,5.729690250462167,Clayey,Plains,1086.2450000513322,5,69.71226723055238,0.6268181314106795,14.303418333456868,2214.8852145634437,9.055039603448924,0.5602397603048146,Medium,1
498.6085542332341,64.69697601406764,1.0308947112075486,4.788214970824117,Sandy,Plateau,659.1201084263746,1,63.6129038075112,0.1,6.687959348641585,291.150021622607,4.9517700215384455,0.36117397079817054,Medium,0
277.8462915276499,409.9774255192881,0.01643953778806648,13.833066778092793,Laterite,Plateau,928.2085384104124,0,50.276058416847974,2.7702087525117842,5.078189550631068,1362.8435220127146,9.056940521683426,0.4508918376423121,Medium,0
462.78141744508514,59.3777652073515,1.6798900285375478,12.457231570587416,Sandy,Semi-Arid,601.1747669901857,0,48.838403428142406,0.8059271404779715,5.317128297496148,1415.3900163833941,11.561492901550231,0.7789267396676196,High,1
80.0,387.7740788946817,13.876963090623567,8.402724737446471,Rocky,Plateau,1426.4394931952786,1,48.446430920041124,2.6349094642836657,9.071819486223559,934.5222015679802,1.1461644870752492,0.5456634059632381,Medium,0
421.9655762757023,235.86585681147338,4.749347286108487,10.416731834440142,Sandy,Plains,1468.0065945649235,2,72.20502460601297,2.3315811214664195,7.667490070004511,363.21412608556966,2.194647253248509,0.6229503687253667,Medium,1
205.42901344272897,364.3039976720627,2.0521485624121474,0.5,Clayey,Plains,1143.6782888969967,2,65.0736179041545,0.150478828586502,8.072972625147843,1099.4886999656596,5.517421280318413,0.3401064884855731,Low,0
630.8991774820224,120.10619825265209,0.8556258661057805,4.63734567811388,Rocky,Coastal,1444.8297986791022,2,69.4747448859918,0.8228373182768202,14.212322051148815,591.2167037053099,2.052224607200403,0.5526815715202127,Medium,1
566.6111029146766,420.5401159247376,1.7607832301362012,5.590126380480545,Rocky,Plateau,953.1285821053751,0,60.45397688702303,1.8407301195011652,12.329234954563823,1478.2222398584986,17.0206265245872,0.3341377509544362,Low,0
520.0006472949121,104.20303046741333,0.7445445721894367,6.292059703399161,Sandy,Plateau,1167.229398511179,3,49.82138318255769,5.513069428558383,7.126687146290444,509.0127631159095,1.2950286067839099,0.494605309844911,Medium,0
678.150934073907,199.7854106976187,0.44956657735023026,5.5301679370781125,Sandy,Hilly,1328.6535826684144,1,48.467962545172085,1.1286606400771868,7.995148700799905,1174.9647494781143,2.649177916281459,0.5503320958599435,Medium,1
307.6625218762744,160.22864466771577,9.489557713338751,0.5,Loamy,Plains,897.989741569429,3,70.87778425322938,1.5461082654225426,13.071143570206864,814.5919964000855,30.0,0.7871217137306448,High,1
712.1044796873337,69.48581766130013,24.213935803027127,8.158073856125679,Clayey,Hilly,924.8863500610709,1,63.35474741397914,3.051245509301403,10.642470772006048,1758.4848872348139,1.2582681070846595,0.7754440225147701,High,1
589.8287346390578,291.3433081106162,0.7170542589452102,8.63096238484182,Rocky,Hilly,1226.779810500114,0,54.81167827928175,3.5773155951583826,16.24056743983096,1984.9059894064621,3.5741381170403748,0.36449735198896765,Medium,0
414.5167069171581,496.7306941404354,0.22426100149283879,11.805696374769944,Sandy,Plateau,1126.2742879585976,2,58.256253027253074,5.65043993678994,11.382433560542172,1020.4621293898622,2.25936211698279,0.27223361654842276,Low,0
620.3430220774417,600.028626678401,1.600305257967704,4.63507220567511,Loamy,Plains,635.5887479296315,2,69.97705175247846,1.5125919486013348,9.293297021514366,674.4570276115047,9.958049238555523,0.4331297747025207,Medium,0
284.0559731382549,291.65869445034974,2.477053705535296,4.389510526660294,Sandy,Hilly,150.0,1,64.75821344761303,0.47403504866715207,5.539329326577146,2036.2655685842474,2.175703152602984,0.5482326855020354,Medium,0
326.32287577084895,414.0017530081027,0.9167533726260505,0.5,Laterite,Plains,838.5651780910331,3,56.892772927965765,3.1805618697092957,0.1538972645058685,1131.8203275766673,1.0563358324782322,0.4686959853973844,Medium,0
358.71154151404494,307.8513565514245,1.4348504273923395,6.119299490227341,Rocky,Plains,166.08003727118728,0,57.44500681549156,0.2952159190193617,13.302214782242405,1357.0768313363815,16.230489403844274,0.4350191272022,Medium,0
370.6533437903977,339.86598337218555,0.8969302547502526,9.703335343186515,Rocky,Hilly,553.1439323630581,0,50.913870669118275,1.192120972972083,13.357324401957786,1139.3524427446814,2.2910983415416077,0.4411941090633346,Medium,0
291.51635358596207,238.94216186473133,5.953495610170306,5.164696413421842,Loamy,Coastal,593.9995649798655,1,58.27784534031982,2.1767554675429923,14.820131042374301,1097.1935629599525,8.122905653055513,0.7034875889711325,High,1
633.4624600642987,303.40923105071226,4.98721424979143,13.430334455630945,Loamy,Hilly,700.9751911709558,1,54.54574418473048,2.5898150912320865,1.900854712241144,953.5761950120739,2.059741451018729,0.522069604208609,Medium,0
411.17183994452523,344.4974445527714,4.030900402758724,6.230215492631429,Rocky,Plateau,1187.1533504572394,1,57.39836087381263,2.9053429586895487,9.91330597459893,255.49625594421695,1.1803362915422515,0.37671496114686653,Medium,0
502.87574525353193,210.58483253484025,1.9589832044905724,7.440976852865667,Rocky,Plains,1263.1878392555911,1,51.50124833888653,0.4732013997122846,4.645275239586258,2083.746781770231,9.729432889370248,0.37662114027939975,Medium,0
364.4472950379479,270.70068401284146,9.589383113018998,2.9106907582552184,Rocky,Plateau,1078.0592519325226,1,41.923256118713766,8.795780803632946,7.4906631424327434,1298.9878900979315,0.34311840472762234,0.5438980442822418,Medium,0
176.90950491772242,272.98838572030144,13.964384402096522,7.861661035525838,Laterite,Semi-Arid,1121.3774416216318,1,69.44559447846254,0.43235330802206584,0.1886081598875906,1159.2480573711528,2.4205588385439722,0.686696692311311,High,1
490.5086037587133,379.16839807966295,0.7628957329958501,1.062040615441914,Loamy,Plains,1129.6421597290262,2,64.87743881378812,0.22221566926144157,4.605221592737098,1664.0651897456905,9.086994106970135,0.6510729702791076,High,1
163.16175368703347,152.07613940467832,1.0093247930407845,9.081093865039435,Sandy,Plains,150.0,3,54.814333870371115,2.3997470992254963,7.481595150746111,920.2512891357646,4.306330316328518,0.6414664406968141,Medium,1
439.7048930871797,273.8149349670818,2.9830793526405457,9.173284528706237,Sandy,Hilly,903.5691887024907,4,54.13827224715148,5.2974803355284426,9.97270287924667,1384.8440572454285,7.018854861224586,0.34074855863357867,Low,0
244.75274417507842,509.4406562863237,0.38274350631996396,11.077874273009531,Sandy,Semi-Arid,271.23944759049823,4,41.33504726307969,1.8030779530224692,11.749460396569404,815.2028774514408,0.4149231388086444,0.40281389403511025,Medium,0
748.0913998846212,419.6872183103125,2.2939855082601297,3.9400938436969337,Sandy,Hilly,1078.1988164850393,2,70.79053896844113,1.9911322601424288,15.954384533274967,1027.4937187926578,8.313207681981542,0.6446631836687795,Medium,1
586.7044083262083,441.90148586664463,3.4870984181554663,7.481686354892258,Sandy,Coastal,167.4121484381061,2,73.04739905764445,1.7011283887156887,7.404874237459948,1492.2085439097768,1.1320209196377822,0.40640832343851047,Medium,0
465.86306869072206,282.9318208213641,2.953193891399938,8.691449678159513,Clayey,Semi-Arid,836.8465126272553,0,56.944141082973786,0.1,5.6489044074669685,1337.4440085672345,9.923601007701752,0.5119175156941818,Medium,0
639.5560016482003,318.51970764232277,1.6073383242849115,8.326844914990929,Sandy,Plains,1091.7194216068553,1,61.92138575422707,2.5157910135062895,9.74575283082151,1036.9740593531467,4.983083102089716,0.6515412633716876,High,1
323.05260338013966,400.26834000435105,3.1274397784806176,4.404102174595446,Rocky,Plains,508.7847180892908,2,46.13558116514488,0.9756497960230038,9.526829900398834,1565.4622019570493,8.063130338623157,0.43303635795963985,Medium,0
531.521906800514,467.23066354371167,12.757360738069643,0.5,Clayey,Semi-Arid,1236.600586179627,2,59.02718409133389,6.036334024305526,2.422332831790241,811.38477754981,1.4358867777731166,0.7193722150871692,High,1
479.971565057807,45.8076504540536,0.9227749509507247,8.040880890653444,Rocky,Plateau,1077.3177594831113,3,49.743981312995274,0.45488510908708524,1.9155020287404714,742.8789399229877,3.019382308932379,0.3574221542287127,Medium,0
489.6030122000505,122.14704315401852,4.254888660533027,6.542500965070242,Sandy,Plateau,1033.2886435432683,1,49.7855662882541,0.7913445459988855,19.46129749232408,973.6772606176281,9.71903084114247,0.4716262101778176,Medium,0
640.8530250160152,437.1332921683178,0.1774659676603168,5.2999882211156795,Sandy,Plains,1144.3005556286862,1,54.53683534623856,1.5463890702823664,9.365198532689133,1084.7863023978987,14.50154775143865,0.24065515220052622,Low,0
559.8738154169704,246.77327730774357,0.2748990774957182,9.291836091146399,Sandy,Hilly,774.2799692816704,2,52.90854863823384,1.4274763913057353,11.982435164006624,1033.7802500950206,1.5415376951816504,0.46424465756273703,Medium,0
493.3085494237535,199.3935052890307,3.2103147679382222,6.8652413855367005,Loamy,Plains,953.1716023148831,1,56.460804214857646,1.124934042301076,10.834036020630087,986.5430651138988,9.461640211817096,0.3580209780643907,Medium,0
201.7668845657556,129.50068156052754,0.443454432301102,3.042414841696602,Clayey,Plains,903.5180502819697,5,70.67975596868058,0.8304234324082016,10.373443481805392,1651.829111485413,0.6894704246404681,0.5278110040364488,Medium,0
305.9930557080804,213.39799581470686,0.09040104489007438,1.2056431327113355,Sandy,Plains,895.6078693843493,1,32.65638069777099,0.3502671210426347,14.340544297813414,1951.8268018347367,3.3281286395150773,0.09641131533269195,Low,0
431.5936599606414,111.71568598914101,0.7526165216303478,3.613110204600504,Rocky,Plains,664.789123173523,2,51.600764491217724,3.7838528287361877,19.183356769121605,1134.7292938434007,16.753777869305942,0.36999437497765175,Medium,0
464.0058561414977,530.9313127278972,3.3282502986290092,14.17903688430036,Sandy,Semi-Arid,465.11375984705296,1,65.58112704301993,1.3103260459160775,10.793070499386817,1495.9301066955286,17.417440415235873,0.7669873512226908,High,1
280.4694412989114,277.3076737623312,4.860687178574796,9.168330321798319,Clayey,Plateau,782.0995777486837,1,60.336619897046404,1.8719129787537723,8.603170991598045,832.4345745256675,2.1116785777907943,0.6834423895236051,High,1
811.7515013367631,273.0459349884739,0.9049862634591208,7.565837025925036,Clayey,Hilly,762.8182324820066,4,48.64294565670402,1.739928485519108,13.086542757698295,1152.6638607473906,1.2859458815776008,0.5348245634533939,Medium,0
677.459108288036,350.5692010201398,4.413608211684025,6.455017218442586,Rocky,Hilly,642.1441543690885,0,83.26241307176615,1.884997917109119,6.8736227328617785,1431.7237727471502,0.971489051715008,0.5179644660256733,Medium,0
540.3177480588726,395.48142031198836,0.8059016953841401,6.257821180157693,Rocky,Plains,1198.2188236335085,2,90.35614448390423,2.6845257045198507,1.981546989772223,779.4431832519986,3.9336663929383597,0.18096733117904143,Low,0
460.8055291925617,393.5065787865567,3.802053064008395,10.501587950077283,Sandy,Plateau,489.72768375053545,0,57.81392673244355,2.1836775066677223,11.265366466138646,1574.9598959251268,0.5795730859841607,0.33084696393195256,Low,0
418.16865451482727,408.8346332689086,2.1238390473146036,5.528212774289705,Loamy,Coastal,839.9717943880655,1,46.10271404469935,0.7041574111129818,3.4718971176512197,836.451864246538,2.64829227942041,0.5353327265442172,Medium,0
307.21223099666463,204.29853390509723,4.242948875797368,8.730761232052878,Loamy,Hilly,1308.2188990464383,2,54.98659039992133,1.7749295262877545,4.067821997210653,1710.663965100004,0.10294480646659986,0.2307982736164544,Low,0
461.62207777782936,244.25598340517666,21.23569565388734,5.954716149125218,Laterite,Plateau,1218.1952734098431,0,44.472159315810075,0.6168636749754579,1.671326301602793,1624.7851698085024,1.8017523591000928,0.6330271658489369,Medium,1
488.6628810214126,372.28379865307306,11.11069227750372,12.820469895505187,Sandy,Plains,1325.702859784049,3,62.80775620342427,1.9552813189010396,0.0,1757.7952357829895,13.832147716657307,0.5354789816107114,Medium,0
263.73591367775634,216.7133126032456,0.017163803247877984,9.226865522734911,Loamy,Plateau,693.2267979190206,1,64.90672864945097,1.2441412755368966,1.3986108777105626,1711.9169481169547,3.5541492389540004,0.41209289019060225,Medium,0
500.12646258673465,279.387204156733,8.666583159537636,10.736670444050876,Loamy,Plains,1174.5008440046975,2,69.82387495220674,0.1,8.536143077006905,2166.3237361333195,0.45963711297809084,0.5329936616516351,Medium,0
426.7111426762877,327.8516517309777,0.2752178219881495,5.246770675935284,Laterite,Hilly,527.9603610576539,1,62.79306171141529,2.913251362476155,14.001713287624085,1453.7266479681537,6.244949829410963,0.14004946351795125,Low,0
163.82886631839136,374.2222098772452,12.234397454883595,10.174408337702266,Sandy,Hilly,803.4441154642109,1,60.745114088732095,0.7064719562581807,5.329508225036365,476.6555778996884,18.691631800688562,0.7006903505446118,High,1
320.9422483830747,66.67828451557585,1.3241718105304385,6.0622677238159275,Loamy,Plains,836.3854662269324,0,45.90941991460761,5.561954286584735,4.535052758781685,1264.4298931157903,3.735099303414882,0.3131684092110382,Low,0
387.95916998675335,365.7694779866734,1.9252927320060498,7.330104471798547,Sandy,Hilly,698.4559257306964,2,43.33018343129904,0.7244122894271874,7.682215422501779,971.1663025858749,5.873592091559384,0.521343873784588,Medium,0
733.1531486010285,251.95311305779296,0.384450109169207,11.905143011858375,Clayey,Hilly,773.3651041704162,1,33.75072242232394,12.519521250386353,7.6407035639364,517.605682944138,15.110880385202915,0.3195012703069364,Low,0
533.4829686800638,364.8949253037257,0.47636297381460657,3.8716748297307424,Rocky,Plateau,727.3184253759266,1,58.970606433077975,1.3676657575357896,7.720231319320906,1839.387759927777,3.2590539734413735,0.4717938779545844,Medium,0
249.6777646350163,373.23180308257946,5.189334498164136,7.609743193916201,Loamy,Coastal,556.1621661144065,0,68.35921105750232,0.1,13.30841822511348,1046.8895391217152,6.554352549602921,0.4082658093261873,Medium,0
522.9054434126456,472.9498073342989,11.553416153325253,8.31401577555618,Loamy,Semi-Arid,1199.744727102027,1,71.82010944596928,0.17453558232806726,6.456894558245462,454.6608047020494,3.486461516255837,0.5359364041053515,Medium,0
217.90440165924517,442.41443771454436,3.7741184069934444,8.560013142402429,Rocky,Hilly,836.1424989940058,0,68.05128271131562,0.18843829545277455,5.552556010147016,877.6166763391084,19.641730941969943,0.6989490434193841,High,1
612.403658083061,441.5885995132355,5.033012263528069,5.647646520719604,Clayey,Plains,970.5027903710501,1,53.593604807955344,0.1272838149749432,8.067178854347143,2332.525454955391,4.2046762665962545,0.4190228948439985,Medium,0
379.3313022273182,453.2404382999486,5.741429959395212,13.258792302424244,Sandy,Coastal,957.3219049174992,1,80.30982660227554,0.6857116222704397,11.259011440687123,1883.6887166733532,13.01110004243495,0.7088722628136528,High,1
435.95457168912435,314.9654781779135,1.2196616663060709,3.115204343979219,Rocky,Semi-Arid,919.1542487885075,0,46.614465711038605,0.8633539894347816,22.318661586076907,1564.7449165160572,4.245892918685222,0.4282885374161235,Medium,0
648.8694971313284,283.8622104444208,0.18513767455917404,11.376656165897408,Rocky,Plains,932.48159111975,1,46.05402493457135,0.259555234613848,16.72931905134172,1515.3861533746406,6.622703320459443,0.5860635512236398,Medium,1
256.9254647123625,384.73804998140014,0.0074979987859411235,10.645196816774916,Sandy,Semi-Arid,793.1039729891424,0,67.20045535284211,1.2682723134012481,9.233515931588421,748.2975874933591,2.927944875327542,0.5516901168714603,Medium,1
240.43227223305132,367.84971417196266,1.7271292486989278,12.702666368811055,Loamy,Semi-Arid,1396.438903980202,1,74.87487718922277,1.0003023972773868,5.437774965119377,710.6394812567651,14.973748103830898,0.5718591846214539,Medium,1
362.46010104809926,242.91205159140878,1.1054612802611394,2.2353187038765396,Sandy,Semi-Arid,1166.2606665723756,1,79.511788838571,2.2252821934763687,7.571490391217171,1479.0108348765457,6.24674007555584,0.516186133849345,Medium,0
605.7568276528975,328.57880905699216,0.2573764536870953,4.393505536330869,Clayey,Semi-Arid,906.4337114698569,1,69.965279595504,0.47957264445113,4.640525224341252,1994.2296078076415,0.12067951209775432,0.39573036351726487,Medium,0
222.09808867847363,275.7884239858487,0.7915034042477906,11.475829177484922,Loamy,Coastal,743.5309474118778,3,66.8152022436161,5.397126412825304,9.083762847764454,691.7786628633189,0.09458872405102112,0.5491150652397759,Medium,0
80.0,177.52805098479328,0.531835475415058,1.3688825361090728,Laterite,Semi-Arid,858.4127050448219,3,67.75391526822162,1.5964329048732184,9.613578951892057,1151.7225026774713,6.765358857700664,0.36646388485912895,Medium,0
382.3261712386502,434.855288965162,9.854696915471298,2.1806232968787587,Loamy,Coastal,1046.167530730111,3,54.66255694980643,2.150404049526684,11.054747780587348,1317.1253376564948,0.728050984279915,0.5807423721954803,Medium,1
532.761119986638,286.6239091036107,0.6045346053623404,5.535076639865524,Sandy,Semi-Arid,1424.9790323877091,2,48.3846420544124,0.1,0.0,959.2690713364851,7.556160758495461,0.5733824725783295,Medium,1
630.0392624608244,525.844990923862,3.085719107115287,7.575981365866802,Loamy,Plateau,419.4333593672344,3,61.29648235280089,1.8016054209634185,3.6245488660454157,1112.0618532707147,2.3317964417545487,0.4501638138871495,Medium,0
380.52579568719017,84.94092757602007,3.596809837610849,11.776675220946323,Sandy,Plains,1130.9211655246222,1,37.65205572016524,1.0098537874664197,15.263422463591809,685.7186935054498,4.6450981025264095,0.361602232467847,Medium,0
388.28600893259966,213.18654725879605,3.1365739419033503,6.444202255208926,Laterite,Coastal,1294.353272872522,1,54.29998324567332,5.674434271367217,2.4900937397417175,1354.3752039945073,1.1498663079542497,0.5186010732437465,Medium,0
623.0851101383621,283.9166604029046,0.4172506337013802,5.175282555806382,Loamy,Hilly,379.6485355331689,2,51.63137200473058,4.7705523891236705,4.161774891155563,1286.1344560669802,1.6959426995327163,0.5126064661460216,Medium,0
169.53874504568694,416.4857317154697,1.5355877010006111,7.934169813089282,Loamy,Coastal,836.5971931440538,0,64.99925991587787,2.2333104107638664,6.378105043628669,1508.135522419382,3.4459774292305285,0.2834444790103971,Low,0
391.7218837225486,327.9363247122622,0.21052552517256978,8.408789449883203,Sandy,Plains,527.4187094209364,3,60.641569644742376,3.212830243061125,15.107123719773156,1097.9287709682362,6.570308207667777,0.2615142442409784,Low,0
478.56358348875864,317.2567305016902,2.0145389219337586,8.323719466510813,Clayey,Semi-Arid,1050.685364086962,1,75.83765584869967,2.2758826407061608,11.31655925654169,1556.3959604395454,1.0157092131447834,0.5794834732490628,Medium,1
517.3828081927552,144.72834489350234,0.8359712442776416,6.466041376145965,Loamy,Hilly,774.5771736755567,1,67.86743012639434,0.1,6.610403683268758,1369.3624721159,1.9817267393840046,0.30222796818111985,Low,0
373.5289960213676,141.16703233246344,3.298791020944173,1.1347416582455505,Loamy,Coastal,854.4513265919561,2,50.330605515333644,2.671788476096047,5.696226597925804,1817.664805351853,1.3913078758530855,0.5000040865868599,Medium,0
455.16615175587623,318.70055923478856,4.721134407237843,4.2471520326810035,Sandy,Plains,756.130467452534,0,66.07013594857735,0.4288006107495577,4.587892893922057,1067.5214927802226,11.91239919785189,0.7115035264849664,High,1
80.0,116.307280741797,3.0381725096606873,11.260813255802386,Laterite,Coastal,1152.057201468894,1,37.27282303330916,2.524502124861158,1.7222133616861228,1671.395245523925,6.264855305344923,0.2924318678625756,Low,0
351.26273814992277,216.17466996528057,2.2783179205539805,7.561206813929799,Sandy,Hilly,980.1615362093484,0,66.78875350666101,0.1,3.941978911559448,1087.9044423890252,3.7922643616147154,0.2614174464503122,Low,0
518.0263068831702,340.1100794903029,1.959737630364129,6.032433642678829,Clayey,Semi-Arid,980.8243674138795,3,49.045996767873525,0.8192332737386034,16.80612887229592,1520.7757642484657,17.61833696092541,0.6060644061759085,Medium,1
302.65589486179806,162.1210873267869,7.372845246132639,10.354505645121925,Loamy,Hilly,956.2176387785088,0,50.70666242411393,1.6006969545554812,15.44394648233912,1864.3051357101408,7.98689052125196,0.6549828212108194,High,1
458.8476332384396,472.6427154834168,0.9906060572729709,3.6096501028931547,Sandy,Plateau,1100.3718081582479,0,74.11570765692707,0.8914862845608663,6.284560803956108,1787.4468976901026,16.149469894495393,0.6929679099445194,High,1
517.0308751204047,426.87236130854683,5.300320530233917,6.323955598860977,Sandy,Plains,808.3098508002869,0,62.67445019383452,2.605082739303096,5.527553579435272,1098.0656563367304,5.4617469952849715,0.5970190845892221,Medium,1
398.61761987133525,91.42960019940395,5.666722734364655,7.413275215522112,Loamy,Semi-Arid,1495.2711756393244,3,55.682786892794525,1.6271860879588842,13.702157179899793,937.1780334467607,0.8913961972656617,0.437561939078952,Medium,0
475.56956564948564,168.11545081816155,2.173395311960132,5.675867490116112,Rocky,Plateau,467.82183707351817,2,70.19668985775378,7.063308410409186,4.978138246463404,1685.5675933729772,6.751470807681196,0.4145218731285502,Medium,0
305.59011520730814,20.0,1.4113042941272298,7.302288468704797,Sandy,Plains,295.9285431406229,2,75.67917646979521,0.9743246540508388,11.335133230859016,973.2495930799632,1.3500554487196654,0.48962679959587313,Medium,0
419.008308045593,186.08903649422402,2.543601865932789,6.436918205734704,Loamy,Plains,266.9618009869994,0,46.00342657004013,2.8151822416327796,2.466581120844321,1694.9298218399215,2.547599422231317,0.6047815655099903,Medium,1
541.5324254383834,371.9666171886879,0.39139487059501205,2.8019708566423747,Loamy,Hilly,172.1441582476475,0,49.435024737898104,3.975232483362783,8.844204964437617,602.4777333023745,4.2754227887647405,0.4663693138397889,Medium,0
473.54594414526514,230.33260692701717,0.18807307497705592,7.544433645637168,Clayey,Semi-Arid,1135.6094351870881,1,67.73432590368068,0.6435384125840513,5.6413242335156255,1436.8750572106637,1.0273353460160022,0.34985822694001384,Low,0
362.02030956540966,335.2956692339161,0.47334715332991256,3.014944625461397,Sandy,Plateau,1092.9786947489242,1,61.67911636129093,3.0865083488191885,10.294737666160394,1015.8837400898374,0.12600212875147698,0.4379941023722006,Medium,0
483.63246064361897,97.3198818061907,0.8288103033209766,7.4968453752901665,Sandy,Hilly,1322.7217721214583,2,35.66647810267856,1.0994366238400306,14.45278597294606,367.028316056264,2.376825925073048,0.25585776115701475,Low,0
557.1914685954927,375.75703054982864,2.8061436337313226,11.122407472450329,Loamy,Plains,530.1766248530673,3,79.39221423710356,0.3031602033681603,4.972991969028314,812.9547047095657,10.434402227360561,0.37241358978420375,Medium,0
142.5088082133783,213.386892648598,7.565522908212678,6.156930408171837,Clayey,Plateau,1160.911509160925,0,52.21873567151931,0.1,2.6702202401713517,1006.5032582672436,0.09299675789573023,0.4000868607218322,Medium,0
623.8611097433846,281.4603618739486,1.0748777901265056,3.4855506100870413,Clayey,Plateau,919.888421752257,0,45.94087217118539,2.995588689873408,6.509276796382272,2162.3352827701915,0.6953879299138261,0.33427001788574495,Low,0
399.5617891978392,268.85505983283366,10.9434543739834,6.619036560385059,Loamy,Plains,958.3052747045507,0,58.13925065680636,0.4534085801211319,14.687543351112112,50.0,9.865880010493644,0.3658031175454574,Medium,0
513.8234899860346,127.41417749292594,12.396193649056535,4.504086675764405,Rocky,Plateau,1118.9680133723627,0,68.82497990926846,0.11561119120107484,8.661099286537212,1033.5262834654375,2.1904179407553843,0.3456086864264836,Low,0
629.5870385467842,141.62988019122614,12.767436815144903,8.783527007894408,Sandy,Semi-Arid,635.3013871281447,3,71.61597396233343,1.5126779278490305,7.626028738846542,1025.5486248282057,16.704423716128193,0.6798798258108677,High,1
244.24894541543011,396.13533628041114,7.2698536451965,6.55603375743144,Laterite,Coastal,1805.5371973915708,4,58.686025061084806,0.9365748232856131,13.769168973206476,714.9646319731186,2.87057794508492,0.6059605348520973,Medium,1
343.583849635868,327.87905890020346,1.8091266415513394,12.12928975499372,Clayey,Coastal,1366.1581064963739,4,88.42994523785079,2.5894618419747704,10.592035481891068,1005.9450453965462,9.558551310414147,0.43877063286916546,Medium,0
406.71769561864426,406.0058849864112,0.3018431638290139,10.488968787032015,Clayey,Plateau,713.9029161016239,2,91.87674436755428,0.24986879919002586,19.60334079358782,1126.0421441772662,1.7968264731981587,0.43744690198401504,Medium,0
332.43697183133577,318.9589882603022,3.3649068053914224,6.5407584865557915,Laterite,Coastal,518.2416797968283,0,63.375631061709946,0.3130959637644683,2.544443255017736,865.0264990971514,0.3829525785452916,0.5841613875604841,Medium,1
710.2404863755213,297.158876177106,3.2719532598213426,9.146827203919273,Laterite,Plains,869.2335433683579,3,57.25504493936375,1.1389297631217776,7.954368038392134,1378.6808844803852,12.799813315212496,0.786441763492831,High,1
321.4841859259811,72.87872575998801,7.587833781325606,5.820290772511464,Clayey,Plains,963.7904552537148,1,53.95806024480294,1.6166037674037452,1.0869506844508319,1990.871394951033,15.728192505720596,0.4665309318813566,Medium,0
366.66798307697,247.55599638865962,22.076904613343835,7.101870655495505,Rocky,Hilly,1272.9653408979088,2,56.16648400685536,3.8244221450647866,2.546941280767588,1175.2164754328464,7.38805697671018,0.5736346735663868,Medium,1
480.6583547404465,276.71388155155074,2.8383853695790435,5.915697410949063,Laterite,Semi-Arid,490.94768095108594,0,75.94117257418708,1.9381656334045518,14.567610509214056,856.708171801079,8.819825392480581,0.6449038534557906,Medium,1
269.67757108858666,514.3728637927089,1.693726358572224,9.299367879549127,Loamy,Hilly,999.9204301197082,0,62.029618987842795,5.123586243915914,3.487338223977541,1145.042654848757,0.04291885755806049,0.5266912137563745,Medium,0
390.64789323656044,362.4347958518413,0.822696691180451,11.298964830128735,Rocky,Plateau,364.84474145482386,0,68.44364863243699,0.5403281350826068,15.829139507042864,1026.0330127882764,8.410239554261,0.2541572432728166,Low,0
497.6179891875263,464.3273418051434,0.019245523878703947,9.395944621573431,Clayey,Semi-Arid,1052.7251576938916,2,66.32660907269212,1.9951445912733101,2.4578008190941896,1748.382503794939,3.8341860559783574,0.3123550041137328,Low,0
400.0709393426233,351.7045247073674,2.846170923722571,9.765809803856067,Rocky,Plains,862.3735228396823,2,65.27662842440785,2.3427847161577313,7.537225537519967,967.8789045541942,3.617540812638304,0.22778811107672992,Low,0
435.9919711650078,194.64361276606246,3.2433888789658876,9.769100311707188,Loamy,Plains,1577.8379168000172,0,71.06879176885225,2.8466150580847716,2.0303599761420426,1443.7128806469545,4.660084812449863,0.3222155901569614,Low,0
370.6001831327444,294.05490593798214,6.9704712917404645,8.65376776700413,Rocky,Plains,358.8991095231131,3,67.93075874099083,9.852917920759854,11.275208840600317,1344.4587164461514,1.8982197059117005,0.5778825371693601,Medium,1
222.82945362288496,308.34683755170795,2.809373084269382,3.5821415223691964,Loamy,Plateau,1379.7129335215368,3,63.72010921385811,1.3885858087730465,9.022075432541268,1253.3559777558817,7.150063330813243,0.4135545961913194,Medium,0
498.2389817008858,167.3013316275182,9.930118644232326,12.102914558249498,Loamy,Semi-Arid,303.65903269182354,3,80.1386173764289,1.014103222985202,14.289080035608952,631.9293863559608,2.102358628086458,0.5904071015130802,Medium,1
713.2399607470862,233.87351480884945,3.9563433971035162,12.413232480095274,Loamy,Plateau,435.47640395772356,0,42.16845319132527,4.206268956802694,12.219839259290556,892.8490126953402,4.906912942274991,0.3240604339849452,Low,0
452.7602446175157,255.30796075873937,7.338740655425179,6.298361190059895,Loamy,Plains,313.01690453474214,1,61.39654328510562,0.4279991018139251,8.616456413508182,1104.8511068263942,0.8835376076670414,0.3123137629218226,Low,0
483.7896175871324,472.67437990781417,0.6420918548548558,5.887906254351455,Loamy,Plateau,987.6234129578689,0,51.66850885846513,0.1,8.575114186792367,604.6845503308477,6.7449770830380675,0.4043952515889553,Medium,0
553.9084132675289,30.31113695308261,7.733369470494847,8.837234958746125,Rocky,Hilly,489.20541623619323,2,69.03560609696186,1.2897459198510886,1.6734427934525193,710.134500178464,1.2614584626198404,0.4514900708218624,Medium,0
259.6004255179951,424.6982104859252,4.49749129479821,8.652438505550515,Sandy,Hilly,428.0839731518117,1,38.38949060314965,0.6247196290628112,9.909773938609948,960.1022917631701,1.120970883794186,0.5429610113517874,Medium,0
705.3771987194408,167.5845718048741,0.7464415183456298,6.394161793740944,Loamy,Plateau,970.9686605681832,5,60.79818742140601,1.111112924308389,7.517584844614362,1370.9025990140603,0.14749716025202175,0.49056516148526685,Medium,0
480.34931946342033,115.3504975276463,0.841716681551015,3.2499230332371876,Rocky,Hilly,1058.1213850561417,2,63.78851632706652,9.40426639599734,11.294763378494164,1904.103710068364,0.7791883437448051,0.25686012826327687,Low,0
694.7785348633663,421.5930556046157,10.44191318067669,7.9171035722493315,Sandy,Hilly,913.947256452614,1,72.67550196156748,0.9426115972139226,11.745321489755357,1333.6136355066192,1.5882499694533312,0.5453137471369054,Medium,0
340.0450506714016,367.8277683081257,0.13098278504786875,8.654309614526635,Sandy,Plains,843.2232978424565,0,52.926613944095024,2.7079449025201523,4.7880257394478445,1263.4635936679335,1.508558818376604,0.44075573375327615,Medium,0
722.7092883836738,430.54224428574275,2.483566127505283,9.177463444116391,Sandy,Plains,1540.1183713530124,0,91.48277679737362,0.6340801041491928,4.382037720041976,1234.874443908526,2.3820486805627334,0.4862707744685921,Medium,0
566.2733241052175,376.0842337054692,1.504452240610218,8.047878317062622,Loamy,Plains,951.0426931846896,0,50.963510032742,0.7954690884363707,8.385149093437768,1029.4923517559391,0.3357179705024528,0.3908673607486895,Medium,0
532.9560128778537,527.1814002084882,4.375423752216155,6.186654554914272,Loamy,Coastal,1181.9920158727873,4,44.34142859024773,0.6129135270244492,6.69105205370973,1152.3518253893121,16.418514586171963,0.46987667505705094,Medium,0
485.1036681529722,347.0468604333382,7.321071258424125,9.982006118518834,Sandy,Hilly,950.0227439914855,2,65.26950516464133,1.8678176419512205,0.6979693907648947,1481.6697942659398,0.7613838540710879,0.5165623289634016,Medium,0
412.7207072888326,261.222714865221,1.7875123686419028,7.197545492697755,Loamy,Plains,515.7432991108606,3,56.4693745027224,0.5639121564510317,2.982084061716323,1673.1012817689145,7.263243529712168,0.43732256075613235,Medium,0
630.0797487710809,321.1511652785611,2.226794798370881,5.605230956905839,Rocky,Plains,1092.460688665706,4,80.09624711271996,2.787708410254913,13.377000596479974,50.0,4.595251441748572,0.331854813614029,Low,0
471.05398047720706,429.2162954015156,16.05130557154703,6.458039853862837,Loamy,Semi-Arid,670.4709409855727,2,38.92199932884664,2.508641346059059,10.241693775816355,1560.7665475174526,4.828345942323377,0.6899972331956131,High,1
154.93954446192714,186.47496096878598,6.128361666872854,1.7620929025750538,Rocky,Coastal,868.1548516862673,1,58.42824038701035,1.2032210774089322,7.865111919976169,1052.7091481988027,0.6690551170990875,0.5006164298565643,Medium,0
282.4220307439497,201.77337009623432,9.10004044371949,6.453274527464384,Loamy,Plateau,1006.8909386626991,3,67.81739092102855,0.1,14.251147601310695,1447.2718246544307,1.6720560318613917,0.4694767144944064,Medium,0
422.12313717108793,242.9247982482511,2.3104424566090818,9.065309559624005,Rocky,Coastal,220.5036765896749,2,50.00068392133568,0.1,7.691617804816162,1380.2205017551373,9.081529845289134,0.6233685312928625,Medium,1
496.49984747483325,27.450064148160124,1.066690388793167,8.019349066417691,Rocky,Coastal,336.6742566378949,0,41.29131255858996,1.6742273657763371,11.532437065843778,1134.1207610338276,3.7382179381521867,0.45084187542252535,Medium,0
441.5117266650156,296.56940901010563,2.123184625257745,11.561992518943558,Loamy,Plateau,1218.3107103741472,2,75.37788368182544,4.020690601770916,7.815326944833812,1462.81918697526,3.6646251633763525,0.44116123164859267,Medium,0
632.8456184690494,53.664555525876864,5.036418990178459,6.211075257952888,Sandy,Semi-Arid,667.6887436903696,2,47.9269288915476,2.009653508089179,8.30223651167538,1342.6024714500895,4.73678290665692,0.3913880331915746,Medium,0
157.33472039420627,286.3671175519143,0.4635761055952857,8.461939489159949,Laterite,Plateau,684.2873038118987,1,70.52605227500447,1.2585792350703502,23.70673087203171,1181.168407555761,3.412909838460285,0.5632586315210066,Medium,1
471.53819047577406,383.83477073623,1.2614142473434249,9.378220528917316,Clayey,Hilly,958.2534390797871,1,46.91042528950537,4.70377209578427,4.528965188404303,1145.3301284495076,9.843588246486465,0.6931325211120015,High,1
177.3031161919268,222.7748247227397,0.19103356845599637,14.028571024862224,Rocky,Coastal,765.0145910073458,1,54.17325120409709,0.48266877469337166,10.753900459208939,706.3686651670871,8.286771111867399,0.45879389494831935,Medium,0
563.9568443226252,481.2539044224245,2.2649850525015247,7.434296473352921,Clayey,Plains,1046.1559335749764,1,67.08657015295817,0.9798539906965686,10.646486650346972,1207.168473296041,2.287599560750924,0.16867570360153555,Low,0
435.83119283369956,104.73989206978146,7.028174071790127,3.8674384634079297,Sandy,Semi-Arid,882.1073739434346,0,62.24698223678582,1.8328659462463806,13.749839329856119,204.5758186993852,10.030469172178389,0.7413467496531031,High,1
512.9414958036177,422.9512817958199,0.09989172952701733,9.543786260065845,Clayey,Plateau,969.511032563157,0,46.82243784540135,0.7586577740375408,7.637425097120009,1343.954753418166,4.386420665183239,0.5653506155725303,Medium,1
320.4175559115351,361.0164467688305,4.499704238231245,12.59718206790537,Laterite,Semi-Arid,654.3495634152116,0,64.36702170605733,13.37663322772308,18.005515407658688,1574.542353411142,5.928925423734129,0.6334453503302224,Medium,1
641.9197397486627,74.07601020271733,10.782266258625329,6.0323538693201355,Sandy,Semi-Arid,967.7581881483247,2,31.932258327136022,1.3245447125213745,6.1949372357532315,475.6336221840314,12.06737111397373,0.564098086472601,Medium,1
606.2586996088277,605.295315884864,1.0816108252398158,9.523244615819248,Loamy,Plains,1286.7811803924053,2,43.59625599053429,0.1168371738466434,5.757532802294916,1061.5767609202564,3.87750426974776,0.5338008941678284,Medium,0
537.5316454517831,272.3505657395241,4.731910230111197,10.686184165686761,Rocky,Plateau,701.2881243600305,2,78.94677091323913,0.42610917920436087,12.216830336484875,1909.7280916169207,8.469928098271502,0.5746235701027486,Medium,1
430.57241297048387,174.7019173413242,14.771855311327503,10.05119663191046,Clayey,Hilly,1220.3614050952528,1,55.96362922964521,1.6726930167510767,14.151428479393486,2291.4126357378464,5.934577731547414,0.6350387395631104,Medium,1
536.9785927942698,111.14953662591796,13.110053579919727,7.376675567420734,Sandy,Semi-Arid,881.9538885870728,1,66.61515553700244,1.7569917028558266,1.7630936635668055,1151.6997785321244,3.338547196093119,0.7655037349333002,High,1
343.9661148018977,253.59783668083912,1.0711475652280078,4.904578725360562,Rocky,Plateau,1157.0685795922782,2,66.26731164519356,9.117293136307115,4.148302433243433,1231.2244584072866,9.33675837793254,0.3079418881147002,Low,0
578.3333488531068,264.7111753132048,0.4229136809148509,6.756161355959243,Laterite,Plains,945.0699614235888,2,53.87088726355216,2.015654919220274,8.853085877206222,1164.3328217444978,0.6666561710569243,0.552958718026536,Medium,1
697.4221341485882,292.31746342475975,0.6420016975948312,8.375801361632892,Sandy,Plateau,888.3061779657257,3,59.40771201905224,2.4166873647659775,10.974101334740556,1275.2617887802935,5.22246045315454,0.4474727314073225,Medium,0
610.591583996878,244.26446125312478,4.8431259701343725,9.724667572275187,Clayey,Plateau,1022.4053887267281,1,43.92770091808487,0.5289808452128332,14.742840481984771,1817.8001903705044,0.2851335812179956,0.38208673028344287,Medium,0
340.5596295288886,355.9870372138112,5.174990171951057,8.001835143997118,Clayey,Semi-Arid,1324.7591468057872,1,59.55862749597232,0.24863828262279866,8.576701772694248,1201.67579635128,1.0188191568091556,0.4906227632009022,Medium,0
504.2125975909654,233.48442008041044,4.486335240769908,5.860276100378269,Clayey,Plains,982.6340529752764,1,52.11416944736808,2.0269225242521,13.772911195778088,514.2958929742267,5.4808726958373,0.5652709514991351,Medium,1
256.0287684362028,47.80430593114349,1.638364761213107,8.666138968449307,Clayey,Plateau,1067.4857908179392,1,83.1010412367118,4.403502033317595,0.0,1328.5692715768462,2.2056067638190893,0.4521414390502204,Medium,0
535.8585466763514,262.0766205220431,0.7442434680728153,9.580255203228461,Clayey,Plains,771.0302802481544,2,49.585574799163865,1.9474644749301515,1.9946890784768811,1007.5726530628941,1.8267316666736213,0.61565480967223,Medium,1
517.5905119293808,20.0,3.477257341131816,8.138830169243441,Sandy,Plateau,1449.8102658982589,4,64.16008016717363,1.2865620227063428,7.961538450210289,640.0259567983364,18.719437556756702,0.6418668938017887,Medium,1
169.52754907017538,322.45247570696677,2.6441176560611597,4.491438656385025,Laterite,Plateau,1124.117988825385,1,54.71749148694904,1.899127463755664,13.221919813642007,640.2015590440232,2.7333448549592587,0.28316260379778957,Low,0
275.7324234131454,162.48397236608378,5.220098568245249,6.45578189584843,Loamy,Plains,927.1979610087521,0,67.7610967878461,1.3916389913679441,6.389303220129527,1144.9746722793464,4.990890618674637,0.5492375183468668,Medium,0
407.52916548843496,299.60324258989607,2.329000645185899,9.8434623292374,Sandy,Plains,857.071214710864,0,41.72123005806711,0.33662896459795205,6.544438611642332,1513.3928981274396,4.584621788074964,0.5662184658093794,Medium,1
404.87103792887604,437.68899778295247,1.6538259855713275,2.8509465737665787,Rocky,Plateau,1242.2678942455886,0,56.41576671360723,2.9736069825791187,9.90672969081503,1485.5559585509577,0.38414982624508376,0.4324930937069586,Medium,0
268.57845968717925,166.15015656783999,1.3896070204312032,0.7204659328265226,Loamy,Coastal,687.8285730341591,2,65.10882413761237,1.6753170392940029,6.862326728632965,1802.8604104841447,6.730224472304557,0.29925458487506423,Low,0
508.34680940282755,407.35075102145413,0.950340929039445,11.524248550432063,Laterite,Plains,275.9937443050335,2,60.82339688867107,1.1213349844078249,15.017839585227168,821.5596735249335,4.315731284480698,0.591554349851671,Medium,1
487.7210413410768,227.99325199766162,1.2356030940847444,8.53424576506564,Laterite,Semi-Arid,925.3398597985594,0,63.949050844959174,1.8043504668616164,8.495521906012215,1015.0855454020676,2.8819445360056157,0.5163501174216406,Medium,0
420.8596302032221,490.3833762478703,0.39853196975487676,8.820190007560319,Loamy,Semi-Arid,1316.5016005900202,3,48.049604821080074,0.6073156408578597,20.294338169491695,1517.7326305529878,0.4097810716138358,0.28917544466224054,Low,0
336.63127497624555,236.1816864162144,1.7038368045315213,3.769549079118832,Sandy,Plateau,1456.958083914636,1,53.84146255231077,1.2287932059300544,8.758724103595139,1560.3852188282121,2.0804663641572305,0.43928945084664917,Medium,0
607.3060689624845,179.14084173919701,0.14902100319183595,9.212584190399614,Laterite,Plains,862.447119798142,1,57.77370181654949,2.1428870274331104,6.1056936357033855,939.5195306349406,12.92992578777606,0.597879422778379,Medium,1
698.3110669632442,362.4686140474346,0.8252138160676712,7.825746062705093,Loamy,Semi-Arid,915.2556823796242,1,67.35861433399803,0.5641537700671981,8.445028581242527,856.5096388681329,1.1448668370480906,0.33139843182344275,Low,0
377.4657774230194,227.7052324451637,5.49383547245125,2.247017266454808,Rocky,Plains,1081.8356513805843,2,74.76251781226635,3.0410220654712727,13.471539948197686,1435.5946217634241,1.4856444960068533,0.3078089964614334,Low,0
358.1749624267769,179.02605830451898,1.5749505105322703,11.272850242821573,Rocky,Semi-Arid,807.4777033976823,1,35.69991223174813,1.6193704171141614,7.177403427690143,1639.6381051161252,1.3786984988493711,0.5057554713712107,Medium,0
523.6811498117994,222.65921791554507,4.413337886306195,7.476049970856186,Rocky,Semi-Arid,1080.7420819369022,0,54.16548681532305,4.35243283690567,0.0,1081.2413027641799,13.287710094202682,0.5382146324546772,Medium,0
396.2955930379521,274.6472161380398,5.047596766242411,5.811748101762194,Clayey,Plateau,870.1093871261063,3,50.09285288408414,4.133502590219932,5.630672566299484,1429.7189819265232,7.2237464810023395,0.5321824255274248,Medium,0
429.09041990051486,441.0616157493825,3.4813072093852075,5.866030762044347,Sandy,Plateau,1253.978890016563,1,48.72002149182669,1.500930106822619,0.0,1201.4189967179082,12.814449384220858,0.4664919027229969,Medium,0
560.9479727587008,47.90947054485076,12.747352368085474,0.9543342837028703,Sandy,Plateau,1153.0431795842383,2,61.19970175584114,0.4784814478427519,10.579874806081907,874.2071046058929,14.702787856535359,0.9002625085243194,High,1
163.59658687390606,282.7696790740505,0.08669215752945296,8.78000979889409,Sandy,Plateau,1183.5797413058515,1,58.39080220902146,2.9353283199344573,2.3946048511800093,1567.6077894451446,15.78383016620462,0.4127394155093243,Medium,0
647.7453487279004,354.9884313584852,5.367619663137986,7.785571621737176,Rocky,Semi-Arid,828.1388243192692,2,44.536667421569945,1.1933915228156813,8.236724739438062,1086.3258516820842,3.989873304643325,0.5370457513732357,Medium,0
460.9020786494012,303.2138289990155,12.75597159582688,6.417759603000715,Rocky,Semi-Arid,1574.0745621757915,3,43.94860310608699,1.986487449501252,0.6432807349122465,442.21689754725867,3.880145295673426,0.4869956277134478,Medium,0
388.276028315673,437.1838203320241,7.929890352964257,10.835455622355017,Loamy,Coastal,1069.3691798328152,1,63.542346681315514,0.2496248033494739,7.574017118993993,870.9766581762929,10.593843586097737,0.3619237909727105,Medium,0
436.61487686678265,271.0785604289771,0.7351754811269818,2.848422943012463,Sandy,Plains,986.5529187203911,2,44.90135538443312,2.196793535274582,8.849245620953239,75.48271670173449,2.420144053416779,0.424080722834257,Medium,0
444.3644032530778,257.85382693768656,1.5829719235721929,5.209682570897154,Laterite,Plains,633.6699568015599,1,49.66267149691776,1.0289116129430944,5.52767896910701,2551.99124877738,0.1347690666434488,0.36477305122325343,Medium,0
190.31980448326118,351.0795456416012,0.7571518955175599,4.449975235718842,Loamy,Plains,866.0248629480061,0,69.08096547136594,0.8948512287514702,7.773780196826358,1849.5727891819492,2.416741585307134,0.6031267139626709,Medium,1
674.2407341179854,291.917657794162,3.6782680101167795,6.163615060685341,Laterite,Plains,940.0329162459226,2,60.068466707568405,8.59718382161401,0.0,540.2484789116476,7.5600921602692415,0.5421918384604877,Medium,0
456.19884484059276,233.1509514063435,4.981790908656285,7.202410075771669,Loamy,Semi-Arid,624.312946251495,0,76.57154607320041,1.2460631077264206,8.224554413772443,905.0917342105829,0.7916922283275112,0.3964385297999294,Medium,0
516.4503195671062,341.93728475036556,1.5254737323872931,8.290040571434064,Sandy,Plateau,797.6889989808192,0,56.71621595366513,2.4933104399188792,4.807776585795137,1312.5036433424725,9.216591026198827,0.45896071189045967,Medium,0
592.7324655861064,201.69660481400257,3.1018267965670385,5.959079640684648,Rocky,Coastal,841.9699936639465,1,84.79497396864973,2.1738843754160393,8.44277483050605,1999.7734042362597,10.139799746134521,0.3598999072517079,Medium,0
296.82563136595496,206.65874175768073,4.696627921326143,4.367932794535319,Sandy,Coastal,919.5722313231264,4,55.7953860564364,0.2423381573308779,7.398020999011859,1562.1154071793515,0.6382486192676671,0.42149326449751623,Medium,0
521.0207848552843,216.64071738812638,2.1881595052546023,12.058020849311333,Laterite,Plains,283.0525534854386,0,72.37362704367649,3.03168509924191,6.803933821081185,1310.395397673352,0.6177756007361923,0.5870541047993345,Medium,1
409.853836365181,442.3682992199689,7.697020143657622,14.234920575365706,Rocky,Plateau,852.6553107535075,3,47.921057929537376,0.8587022265626515,5.7632473561403375,905.7765716313036,1.3299590143856639,0.48163281833508065,Medium,0
577.0156162824741,20.0,5.905750510826445,7.429860015646076,Clayey,Plains,767.928835922024,0,50.19801113286382,3.5291292649235855,9.367671961003634,1439.1347577483925,2.6439683019677833,0.2623733646031388,Low,0
130.91588694727568,327.4718601715531,0.26740442617478866,4.729658898937398,Loamy,Plains,892.6905476312851,3,78.30100270569739,2.0582704734328336,16.336285074109785,1418.9873153506007,4.565134002434551,0.2923413304008026,Low,0
435.13585496380966,284.11261770402666,3.8821989320908155,11.426362393126883,Laterite,Hilly,1262.3467981630897,2,49.65643194938356,0.839067639220012,7.333155058519468,1217.1607974391336,3.987848135464844,0.3385172724657665,Low,0
359.5769016324058,78.29554489142558,1.0732203701629128,2.659728681014604,Loamy,Plains,1618.338422242422,1,55.39169763675429,0.9691254401969891,10.703224382685631,1160.1570393254647,11.510817125607995,0.3034690952501419,Low,0
514.8394425951233,317.16721349632024,3.261424365881087,5.995680025885518,Clayey,Plateau,1137.4320198756195,2,50.06258253079717,2.892849988505126,15.824358535536149,976.4555764599293,0.920529583572723,0.4459478526407591,Medium,0
520.5066281052303,337.09023901978384,12.575856661805929,4.9116488459610945,Rocky,Semi-Arid,467.95223977678233,0,71.49256884615312,1.7570069358376428,10.01282686115345,1843.4314491380014,7.175486606250709,0.7242733848145998,High,1
343.8561157766961,350.756707762888,8.44990919616339,3.521393348648534,Clayey,Semi-Arid,779.107566858613,1,43.48864521629469,2.428092085926396,11.772154399981659,354.2135590546135,4.7762189824613435,0.5253902958082595,Medium,0
343.17392037359343,20.0,2.0735257427189087,6.159927301234691,Sandy,Plateau,1108.587158090882,2,73.68998255264225,0.37917745745779097,3.713308103286133,1354.2636881731403,8.009612381430564,0.3503057378291264,Medium,0
433.40019471640056,443.9667294225326,1.3784991206470507,4.407483762478106,Loamy,Plateau,1069.1516737501581,0,60.936647948450954,3.4019779182734897,9.809853217044902,1208.40035367007,2.510813596669498,0.4879494680305689,Medium,0
315.5036659027188,191.47159543781908,1.0684117680685006,7.037963392445963,Clayey,Semi-Arid,1245.5640074085761,1,60.23748450991925,0.8497238539911351,9.760460698124243,215.75031859575972,3.824908436358675,0.5158778109684907,Medium,0
576.297554317819,362.38812961038116,3.041550950900264,7.081531503017392,Sandy,Coastal,865.9271519982915,2,57.309531576641405,2.1278818142172002,16.882965548918406,1010.8780678390865,0.17405839121953776,0.4225365485334005,Medium,0
394.6189199328831,368.92885368187433,0.48527515594777765,5.136004829434063,Laterite,Plateau,772.7749144720731,2,73.00942406874779,0.2679730240286658,1.763004628140127,690.4558974658044,0.7405081810203019,0.34912191127190934,Low,0
80.0,174.79634972568485,3.1875915983503744,5.888459930218391,Rocky,Plains,1513.3484013706136,1,55.36918654715735,0.8530571607676414,18.867817254450813,683.718672460861,2.819979650455875,0.3577198706855873,Medium,0
393.7766915067291,359.25519428218604,0.005338118317589086,6.307453096288868,Loamy,Plateau,920.5347111793732,1,49.4681180633239,2.302500297988448,13.748545119083978,808.3479772172468,3.9380540818681404,0.5190681771216613,Medium,0
294.21842687340416,233.740811090517,1.5653591518005554,9.42953818335828,Loamy,Plateau,544.1639683926098,1,64.2452299363552,0.7050763131438327,12.828171335245182,1822.5378095529484,0.5378869416885924,0.43099402157725747,Medium,0
205.3086276808582,31.434738479421128,0.9935085992260084,6.554711796807443,Loamy,Plains,1416.2967799615224,0,56.974936291154435,4.670310845040261,2.2565901313747307,1170.385112570889,10.457412956813828,0.634963388882553,Medium,1
264.3860042666141,420.1290310633335,14.192130135834404,9.474105222358292,Sandy,Hilly,376.3665780119443,0,81.5297283043823,2.3813441153490573,3.4755898812895234,1572.5444600569424,17.518448254192933,0.7748950937982996,High,1
466.41127077494554,186.99460443805123,5.196685981741117,8.757438950663968,Sandy,Semi-Arid,150.0,1,68.94195964279213,4.4932021457112095,11.125141899858876,598.8684408855852,5.443948448285909,0.4746057694351487,Medium,0
649.2961242372346,177.4607844714335,1.7209991895926222,8.714592090702226,Loamy,Semi-Arid,1169.2853653131508,1,62.16215923819423,1.106980200496625,0.0,890.3426523121087,0.3292841466555211,0.21358691059601578,Low,0
496.977671079747,231.63209583559336,0.3897681832013763,11.16353791103792,Loamy,Coastal,1218.7453398586208,1,75.20969721303148,0.1,0.4725139101554774,987.3357307035307,8.055415714157817,0.3557263218904157,Medium,0
359.02449176763906,312.6684070392866,2.909303452384786,3.641827360762271,Rocky,Plateau,1044.9045296806419,1,40.58967090877505,1.8883743570967482,11.979901355540413,1279.9059497310207,1.46899012938724,0.15561010868397857,Low,0
518.3856292756054,273.12755070134773,0.9603851683526597,5.580450681078659,Rocky,Hilly,444.1403706027826,1,64.73277035478183,0.9114472936498959,13.950635510842456,1465.8750511827238,7.937702391412642,0.3111922408906167,Low,0
381.1364534671512,345.7680309648605,3.0751876039738337,12.289896400898709,Sandy,Plains,879.3955506651877,1,59.224816021511884,1.3080068136885996,18.71104573538876,1335.4514238898032,3.4186363312746835,0.4724052395070544,Medium,0
345.8099446255283,119.26127601656094,7.216033223788792,6.228050498232197,Laterite,Plateau,802.640999256145,2,55.55943220562531,2.5144014149891527,6.328424846326326,796.2274581570209,0.32944093136793623,0.300758996577518,Low,0
276.8455997650523,190.91363554831185,3.8262905734514723,0.5,Sandy,Plateau,711.9488461876637,0,54.6285003020826,2.653619802253714,3.6664492201183077,1570.0891562413913,1.960607941921388,0.5250217336093674,Medium,0
187.22567898724213,266.08035132141595,4.018176095739212,6.391094970556344,Sandy,Plateau,1394.2243007832478,0,71.35900910046134,0.1,4.160496375315953,895.3749759670268,3.341531100385092,0.38434212857836114,Medium,0
391.5114440160832,507.7464751190447,3.1150842413703033,7.404818590489749,Clayey,Plains,533.6668794789089,1,35.661093695310925,3.226627139230596,10.25965888009716,1333.130858209964,7.996529337139949,0.5607057306805152,Medium,1
473.70802348801976,266.34249539034903,10.483765110209106,0.5,Sandy,Plateau,1010.63655858724,3,63.67001363180547,1.4965902609355037,6.996070906591155,512.9838536886348,0.8567772913986904,0.3932618180542379,Medium,0
435.50644949776654,410.2266716393958,10.747269941633437,11.001806919663846,Laterite,Semi-Arid,1317.9164442819012,3,40.8347512153625,1.7897126941975523,1.2260628385001038,1072.0066601785616,2.0296572663857857,0.6450677669885518,Medium,1
387.6049608078962,284.6266202541181,2.8756917669792057,4.858862608403194,Sandy,Coastal,1033.5045338616633,1,55.06476900813752,0.7783899019276452,10.623783517767926,1458.7058976591215,0.5234033400154094,0.39755148743674185,Medium,0
308.13809089548283,221.96096350749178,1.4597472728061334,7.985689345562546,Sandy,Semi-Arid,1334.391430373381,1,57.396304918842546,1.2015646979497523,2.8710878911448408,1251.3755039735943,5.739661303062952,0.44196232744092473,Medium,0
541.2369287527453,250.39306910626715,2.4616865112414095,6.322055363967813,Clayey,Semi-Arid,1097.3001528501252,1,77.3976596246547,2.7261712694162843,11.723820442712615,791.0797226610825,3.857822142942342,0.42098130829219377,Medium,0
252.43021200801226,259.7896345565343,0.8259221751536026,3.1349457423878757,Rocky,Plains,1050.2723846722101,4,51.597315357937475,3.2984620581010273,11.531028180588285,1471.0084148615103,15.870870345048615,0.37358418088752066,Medium,0
566.4041870765213,352.43748867528865,4.046191120858907,3.78847559609374,Sandy,Hilly,1028.3922040912514,3,58.65223755284393,1.0770398620474433,6.515945525055493,811.109114253677,8.09521709032959,0.5417666491074843,Medium,0
299.6674471609913,444.95335210918654,2.7733274767132188,4.194751490717359,Rocky,Hilly,1114.7051433275526,0,43.25437957535736,2.5845477658192584,9.427689763204173,326.265774691484,9.027423899579613,0.2793488212994487,Low,0
337.1347143970448,323.16170172235854,0.4361378155269286,10.257015727550915,Rocky,Plateau,765.0613159057089,1,64.06986888000476,0.6566222633209194,6.5411434236588635,1716.540969170781,1.0775781836136002,0.6222008144586283,Medium,1
229.98222140764844,422.44932144901065,0.8808303674547989,6.557385435699545,Loamy,Plateau,444.3441518445247,1,42.027661982645185,3.9246376849926703,7.64610876741795,698.2475214322287,1.8605683848892047,0.6695691575691284,High,1
374.7896779671545,164.22523148443773,2.612875764891935,5.43440345034476,Sandy,Plains,1233.9151940121583,0,36.66214019149839,2.0704911540815605,1.5938382750830336,1594.6388099821115,4.318666402114923,0.3693265710721587,Medium,0
596.2968687716968,230.24433894231635,8.742373595911824,4.196173262229307,Laterite,Plains,1306.6098051770182,2,39.89289512076549,3.283465197875751,0.0,1081.5046633083646,0.0814574545528428,0.5904558178380898,Medium,1
527.3442132665934,193.08369589507998,3.3424457133086176,10.588450664578378,Clayey,Plains,988.1925838171153,3,54.59417399426831,1.4266338756927668,7.370750041722491,1522.7500025781162,12.247242208125183,0.29398837801402167,Low,0
596.7633168042053,317.73335090498233,4.576970803091124,11.392603817570762,Sandy,Plains,708.0685331279705,1,55.19392941516941,0.5724590518455106,3.0282255938682177,807.4649044800669,9.0234547794376,0.28683473120602604,Low,0
528.3213818900904,236.92499377847037,1.6561785272357765,10.554231696120041,Sandy,Plains,354.7990092146267,1,71.61657734032066,1.2336959868707,3.724997742302685,1627.4636971974019,0.35811586800193906,0.6787528154059828,High,1
284.4495257204446,367.57275244410346,3.389031113174859,8.4773120174625,Clayey,Plains,930.0324849731859,1,76.2659122882472,1.0569558406081552,3.4257931539320046,927.4246798452722,11.344200299958294,0.5720177345110805,Medium,1
400.3816163508664,168.27979460410702,2.3723374146244254,7.869490125612135,Sandy,Plains,427.86737934871,1,75.97685003806774,0.889988772173829,12.754294834983234,1063.0915012901694,0.02698929985338743,0.47800997054172867,Medium,0
332.9701306323806,285.16371679855376,4.305015398890748,3.3521865460722955,Rocky,Plains,378.854374076726,2,71.80874125176868,0.524650952086622,13.378930405528259,122.23843406141964,0.7277153812385553,0.5204728400424995,Medium,0
649.586235605856,362.42294932147075,0.20759734809933528,6.262542619866828,Sandy,Semi-Arid,892.7439651945076,0,82.90514623045824,3.132034665911698,9.70559562058121,389.84403272924726,0.3417371774550394,0.4449108199786534,Medium,0
270.48170303605326,32.16366699512676,2.7193463730388285,4.948419389960691,Clayey,Plains,632.680674584195,0,63.46433527684677,0.19868096900709217,6.366239342662838,1579.0415047128615,3.9138735315447093,0.43272130738041104,Medium,0
584.0546534083667,534.5957568796243,1.4038657889247586,1.523463673045871,Clayey,Hilly,1020.8583446576697,2,63.63926679779047,4.807756366689232,9.654306580988118,866.7241751282979,9.196244162676173,0.4944531364570358,Medium,0
583.9430805163154,246.02177381441493,1.5791991096018663,10.171130257496097,Sandy,Plains,844.246539103344,1,79.92434794966753,0.4232840925395988,13.491022976937153,219.20972857274114,1.1800260826646574,0.3025982738106369,Low,0
724.443030257413,36.995210358859254,12.968314925189294,4.9125101608231745,Clayey,Plains,687.6779018220865,3,44.62786849726541,8.592596032191306,16.30734420451217,887.9745624006033,8.856958916138623,0.7480859849627012,High,1
388.5470111055754,298.9712678292143,0.8069708304810744,10.587825722305922,Loamy,Plains,303.27972174486206,0,69.27795501744451,9.817794072011754,4.219937955574538,1469.1251603744465,1.226849269034642,0.38057969862907354,Medium,0
556.8483239370244,284.0132161567781,1.4914801029236933,9.645239202280036,Sandy,Coastal,601.4891559593748,2,57.43403398826698,1.1179101253944652,0.4077171765606664,601.7823024052146,27.961776178262326,0.43896176854502467,Medium,0
792.2477754808265,270.17267445130085,2.852522714812996,8.670153929900255,Loamy,Semi-Arid,614.3522284821183,2,73.99827382588441,9.697705788374027,9.54840991731682,1718.09482754124,11.523336229967377,0.7381633839439885,High,1
357.3537484599455,398.9429335512,7.951884297297694,8.838652215289551,Clayey,Coastal,471.14231426976335,1,72.18146227906564,4.472778475632697,0.0,924.6234094736242,8.017869994319105,0.7220070973623581,High,1
219.74396287014605,369.6933965712467,2.1560094307001814,5.154058353778877,Laterite,Plains,784.8344966651653,0,56.02792569439394,0.18925876092637298,9.384749003874655,1007.4845891017195,5.3743483627884885,0.41182944934832694,Medium,0
167.99849491383543,315.7451429228614,5.448206905564555,12.573550453871995,Sandy,Coastal,498.4618030888719,1,43.54265700877541,6.4761003443628224,9.113758995860087,812.5009691109681,1.6667722196641468,0.3978149678137556,Medium,0
556.9068043291998,334.0186760735977,7.762173056339265,7.129376292859147,Laterite,Coastal,842.6900384480747,2,74.19442289269443,0.1,7.335248437948235,260.0303203141284,0.7620088193316248,0.6106659560456028,Medium,1
167.5274687912124,267.4769860674296,1.4843495430456581,7.905795055356112,Clayey,Hilly,984.1439247840297,1,52.32241579564642,0.4417339794733408,16.950185148869572,1044.6794591880348,3.700526160593202,0.43580411840245775,Medium,0
394.1521420593116,493.0589019088058,1.99526005338246,5.052770999300083,Clayey,Plains,610.8405159637878,0,59.452931218020204,1.9327057925924571,8.385473205991081,1151.296038639541,3.091615434488745,0.7024013462779443,High,1
515.5969780558441,102.496477797068,1.763682509848649,4.206504217669121,Clayey,Semi-Arid,1048.8930202965046,0,44.573024985743935,0.18520306421262336,10.76434236420697,1379.1013932289845,6.734005265027156,0.6282770643683394,Medium,1
477.7763305244871,296.7582009059076,7.155593670598748,8.43188802642827,Sandy,Plateau,423.5247450633037,1,53.67276219781579,0.3881071896502244,13.783532985449366,807.6052321092068,1.1186263090987647,0.43592413589682755,Medium,0
513.8167296276258,287.80295574265364,0.18144103231770256,7.652540487816356,Laterite,Plateau,510.7379105612983,1,70.19573872657706,6.749877993633155,7.6522278402733415,372.6397464316807,4.954978292151068,0.6505963231432225,High,1
483.3434783701281,377.59364872775114,1.4751120737990937,4.631942902292268,Clayey,Plateau,860.3739458313308,3,62.62197838331081,11.523083432934252,6.028280355141317,2046.5569818677313,7.092293671587688,0.6090641538321051,Medium,1
641.8298719970089,178.7375347090121,4.550350926397585,2.684719843673788,Sandy,Plains,1140.4643821610234,1,48.98457180492115,3.520360270999322,6.182417366281539,1280.0221576330457,2.131195560118555,0.23138530000070748,Low,0
307.15254288918044,70.75928771241567,3.3337172288310977,3.190230738017359,Sandy,Semi-Arid,1203.5898395212432,2,35.4549458683549,1.5928840757451634,10.110402606453057,1150.318180787656,9.085155619729257,0.572259810761659,Medium,1
348.4507292312203,298.8187619317832,2.2928568301260475,10.58840115127332,Sandy,Plains,1464.3367177551459,1,66.2582906458406,5.072317771686777,9.60908069188527,1714.2251596080212,3.3921436043511157,0.6109374415635193,Medium,1
334.1010832093764,313.7476590662325,3.1056649852539544,5.160238556049785,Clayey,Plains,768.1938938138715,0,53.0169282622442,0.2610730006156032,16.559735903363283,700.621799743808,1.0649433595600357,0.3864529978803044,Medium,0
574.5287717793915,458.7519291337179,0.8805153297382939,5.983274362972499,Clayey,Semi-Arid,855.3745384625935,0,60.09844422713508,6.298179310387313,4.826202293812873,618.8376776311021,1.2997643184912895,0.3438836318556367,Low,0
585.0597882592596,127.55655444098966,2.2535077600903004,11.351020776277187,Rocky,Coastal,538.5635648437046,1,56.357577907928004,0.9529847662579508,6.8232144756990465,1503.6912923905415,1.9618515164205914,0.7858723484439292,High,1
517.6837978977762,418.56325200600645,2.7862358497081496,3.633548315540756,Rocky,Plains,461.1817838031419,3,52.89547638022296,4.348978389126637,12.77185148643825,2085.334690531074,1.0327514375873394,0.5783923726480589,Medium,1
627.5240500334892,564.0897236832545,9.258190314459949,4.819015522848829,Clayey,Plains,980.0002302146337,2,65.43896865971043,2.4282404516870133,11.282542828705608,480.2676404635864,4.965828258073103,0.5738043683581018,Medium,1
273.29386989354293,234.66821349730276,1.2089373140576538,4.69369951431792,Clayey,Coastal,628.444975193815,3,47.579490635620715,7.096665504857264,7.715388830811924,1167.295547645024,17.872209636389545,0.24978453702930198,Low,0
700.0836167326705,125.08693366081312,8.094619894545373,11.854205443498119,Sandy,Plateau,1331.3327200060517,1,59.795332117736756,4.4002150931643795,7.0229237156610305,1351.6562903321637,13.584403870680143,0.5007859422251449,Medium,0
678.4857932568387,231.16307603519545,4.134011481385704,12.980150501747241,Rocky,Coastal,388.16499384641327,3,62.976556740637484,4.814357778212426,5.492453840835257,1402.619479312783,2.3471900407601796,0.6946153333712761,High,1
560.343299586862,281.6805960845657,0.08220221845220099,9.254689676206514,Sandy,Semi-Arid,1070.2236220386437,0,74.1703262945158,2.197811116502941,3.4781529646098486,1021.2971978052042,12.000204161639388,0.6997405189978645,High,1
717.269836315659,347.6545450008298,5.1585779440603154,9.35015417246272,Laterite,Plains,547.9912664140397,1,58.62605428002051,3.9395646503553903,7.87605618390211,715.736818561543,18.477679014441104,0.5282554511555979,Medium,0
201.50651884833394,209.03263241943432,0.14479694028008872,5.258934991441807,Loamy,Semi-Arid,612.8430366297707,1,43.69743214139333,3.1135141320963426,10.919869425278307,138.6845077887806,2.0902608731900183,0.40173470258809624,Medium,0
371.3327795606022,466.62382409768105,23.780044541315192,12.841985460712849,Laterite,Plains,1088.6892228382108,0,66.09762799808763,0.38783262130232576,9.848003210719963,2179.2837275694556,14.141289774642875,1.0,High,1
339.7044808977072,146.2561221990326,8.242846199097945,7.803088763075985,Rocky,Plains,663.4418473622321,0,47.342856723289074,2.3008067649737307,7.588198979089193,1972.8818693587282,30.0,0.5527639230051723,Medium,1
558.2218985636015,71.295381739264,1.4115499163044807,9.55933079334922,Loamy,Hilly,719.475576368035,2,49.958827607554106,0.35282459057714616,9.592227782463187,839.0300313016826,9.587185167184728,0.4100967887107524,Medium,0
292.4788890596782,412.80525091447805,1.1904514406432565,6.683425183687138,Clayey,Semi-Arid,615.7445727569509,3,52.001564015925595,4.479300931534136,3.2328200428969023,1178.436992533258,2.967974923029696,0.5097215909317876,Medium,0
563.6242724006229,20.0,1.9214513294337552,6.195902238017168,Rocky,Coastal,1524.7604270647046,0,55.782752906043356,0.15009520716884253,10.834315050939683,863.9958652589876,5.627256233492148,0.4961781585751226,Medium,0
655.580421599507,255.50442773527405,1.7612633976113912,11.989126778788352,Sandy,Plateau,683.8797911219966,1,73.51364294636879,9.562085271102985,0.8414775904350051,1018.682668249944,2.717101393184863,0.34782302122417624,Low,0
554.2804350125999,654.1217355049657,1.8630127384561075,8.61917103921492,Loamy,Hilly,918.0432761014671,1,65.82347106765916,1.1261153489082207,9.274847905080678,1096.1904431802154,30.0,0.6313206587226718,Medium,1
492.56265354922516,278.5547736448082,1.5325247848677686,11.354126383211145,Laterite,Semi-Arid,829.330239901624,1,44.799837568402474,0.41159387122854685,10.957629163531582,560.2163512729793,0.4215900385179561,0.3647216480035604,Medium,0
301.8189988648876,145.50788191645006,3.882284531305917,7.765984515235133,Sandy,Semi-Arid,977.4959716034914,0,76.1515948202128,6.036374666983829,8.524242645542499,1131.6418686849402,13.414064568139844,0.7566972901385847,High,1
322.9723550811953,273.11230434558473,0.7177684114722911,4.454900390730728,Sandy,Plains,684.8420685619227,2,70.73308749293606,0.10227821316830588,8.032434067743354,1224.692532842346,0.4648389368790491,0.37412167964108894,Medium,0
637.4428357945,273.903905365656,7.482724825292103,5.249971201364536,Loamy,Plateau,829.7139679104224,3,62.99912611377458,1.3971707259295152,2.705932116160472,348.1972800740672,0.2586841078523452,0.47069199542052453,Medium,0
566.9023505857998,299.277992842374,6.693825934411077,7.308895727393832,Laterite,Coastal,1037.8832031478773,0,30.191056314713457,3.235460735509401,7.780734359674957,807.8188746159974,16.87441900040909,0.2394192106874446,Low,0
444.14707209336837,359.47155785915436,2.5887446900029563,5.12049935187002,Loamy,Semi-Arid,597.9475016989529,4,47.8710302832205,0.8379693300280916,17.911659189244862,465.02874423567675,12.117169387633737,0.5954708152358011,Medium,1
387.3135681351164,155.3066597958713,7.661949625907119,3.677615774116928,Rocky,Plains,1281.2624748198539,0,58.108461301356115,1.6556016999366652,7.660628573286197,644.1295406417998,2.6923818710352263,0.571782349434736,Medium,1
146.12881903329344,482.50576662841524,1.1355309033021492,10.604251095361075,Rocky,Plateau,1314.9181816645714,1,77.86511442611834,2.6517710426307217,6.618388105850527,1049.354862841459,18.954053173144924,0.3964836889442945,Medium,0
289.37213719733415,309.41371412471415,0.07088623615873056,5.365389787529463,Rocky,Semi-Arid,1112.2724191555587,4,73.90562283900749,6.679338951006993,0.0,1090.9825673707905,11.876790077285762,0.28133454717260936,Low,0
736.7128630709585,367.2152855682165,3.862007151237545,7.4145782433739615,Loamy,Coastal,924.4567342587692,0,46.41482794385899,0.23840952526569123,9.826600376108349,1094.7836918975684,13.935678470323566,0.32237932314072565,Low,0
257.93166434962995,204.6220720293229,2.449288582752956,7.888400769656814,Loamy,Hilly,150.0,1,37.83680729062006,0.37632602056677084,10.187542564181756,2215.3140159071113,5.424920422768858,0.4214507984711192,Medium,0
478.4219731831621,434.365856439464,3.34959055097435,5.235540624038293,Clayey,Plains,1048.501896429062,2,55.81103540659508,1.5643061349799015,5.62065054043293,1326.2781838580659,19.067632237185357,0.3452509650364806,Low,0
601.1165959792797,249.15371094243224,9.184003626336919,11.35239839892622,Sandy,Coastal,763.0343581698975,2,59.684588068139526,1.192622747534123,6.776617407492774,1363.7292854581783,9.951208285436303,0.5779987032228432,Medium,1
261.7615997996561,313.3063016192238,14.016320353960266,3.6485747163861615,Laterite,Plateau,813.8039560038611,1,43.105420793536275,1.1637627721799484,1.3529943274272398,1231.0896882830345,16.875752195079,0.6220180500248716,Medium,1
477.7065712171625,168.02727073754687,4.025443197629293,7.784875790742313,Clayey,Coastal,235.91793431701421,2,47.549117933859364,0.7751559806227705,8.616535314580009,451.5857187645538,1.9836287601708595,0.5168849147399462,Medium,0
590.6873306265983,160.36820483174478,5.776636207700137,7.738353119129751,Laterite,Plains,1072.7559700559673,2,83.39372288893117,1.8095838743491777,10.486172467845183,1111.3553295046233,4.556972892037173,0.6701852675387291,High,1
451.87489828608756,362.58463677434594,0.350119209703133,6.837236191407556,Clayey,Plains,392.99663361056594,2,53.511731294790856,4.725707354539408,0.0,1175.7481305592294,12.13441373104203,0.6051111041925513,Medium,1
880.2604583500153,226.7671803751137,0.7008225479285008,3.109262160184052,Loamy,Coastal,941.448591096988,1,54.39008676631019,0.3859996765626002,7.816109768412622,1542.5142558012194,5.201133809550103,0.4261798077235096,Medium,0
199.7101111682707,177.54122949947475,5.2850958986868815,9.612452655590392,Loamy,Semi-Arid,1216.6301186684443,1,91.91567173415484,0.5333600331126023,16.651814807860095,619.5623082327261,9.68966908836892,0.6359082206172123,Medium,1
608.8092794825818,202.81799895675636,2.2580693182678235,9.23053201100379,Rocky,Plateau,735.7351365388568,3,53.935267431118,2.4445546206814632,8.75273516781845,890.3958450633406,21.693097625848537,0.5006350619878076,Medium,0
424.07973939053034,363.87436860609057,2.362111621596009,4.973294414226351,Laterite,Plateau,1325.6181038299542,1,45.8642401135842,0.12724473146270285,10.459380289224175,630.8673434542673,9.795098119994812,0.6288129424192394,Medium,1
565.7880232255013,204.51545665556668,1.476191447275006,9.122461621616086,Sandy,Plateau,638.553367627487,1,49.48992247339904,2.464296658685802,13.29348757722418,840.2202559350615,2.273169433025935,0.46590826571118427,Medium,0
516.1960727548869,265.8814082077403,3.7394116268717683,8.124723058902328,Loamy,Plateau,1110.1515768558506,0,61.498990326494976,0.8305941938323401,10.843075606889444,1026.2932284760814,0.7581389776781884,0.5166100968445956,Medium,0
340.0265704335005,281.8033300344516,0.8190787838490683,3.158163563916675,Laterite,Semi-Arid,443.32498698951537,1,52.30135589979245,0.9744668559723193,6.206162667593023,576.0113808660424,1.9108837015747993,0.7472486327353753,High,1
484.349458868901,49.91813367876412,3.943809729129562,4.438213256285928,Rocky,Plateau,1260.8956521381833,3,56.438239807438784,1.1442587580730808,0.0,1587.9937696534307,6.522316340549619,0.4093498969491442,Medium,0
171.31478229025691,103.46483135517784,0.7636680829674105,10.414844334668738,Clayey,Plains,1206.5966339027514,2,57.484521342662724,0.9463269123740803,21.514165595813903,681.473981974108,0.06602814854367489,0.36377288266959085,Medium,0
540.4871250857091,320.3533467097075,0.2638158376862819,7.928248555426151,Clayey,Semi-Arid,1063.9252730373055,3,95.77439333589427,4.048374702695815,11.729668343433037,1519.6346163017654,1.2622430465650936,0.42969218047513696,Medium,0
494.72376989857884,191.55647666167636,1.6040462915321898,5.307091162568121,Loamy,Plains,762.3505521851661,1,66.55174836709882,6.4240874858648755,12.220408153456491,952.0013597076697,2.3751918106050955,0.3382866784008765,Low,0
545.7990252964654,406.80698935365024,1.0513873019765556,4.424572326482074,Loamy,Plains,409.2997818001608,1,46.587336826123234,1.747016672147685,13.201905270931643,940.4125076661373,12.487456271032448,0.5369379468489743,Medium,0
608.7177487630726,396.0168525100653,8.792599008742032,5.453818605653737,Clayey,Semi-Arid,763.2758896731899,0,55.909542748274376,1.9183630753117675,13.595691527556308,1604.2694975542238,0.31410511024073484,0.5997608668594219,Medium,1
505.1429760314566,366.3002399626525,0.22608439014366252,5.666561410366887,Loamy,Hilly,1288.6075115118429,0,67.63641116432751,0.16079865733540202,11.977382612090581,1495.9923996811945,0.30735657875993383,0.3481284725131299,Low,0
472.21341296974146,498.3726144775117,0.777319196379711,4.462110902112245,Rocky,Plateau,945.4866550491904,0,70.99423545012195,2.7476724590977324,8.143585660387858,1409.8918115967656,4.814860687339248,0.5838699407712707,Medium,1
317.8397495008062,270.029280670818,3.182665662218877,1.7747076628500933,Sandy,Plains,356.4370746706426,0,38.74704419546664,1.9300769892020746,6.401460589567966,317.9146097418633,1.1743833578200367,0.42707632757564123,Medium,0
343.16688545264236,357.8658311084607,2.6239234653242174,10.420039859202356,Rocky,Semi-Arid,506.3453262030206,1,40.99466111520705,0.11375907149664423,11.66045590148917,1794.7953825853338,1.664134874871566,0.4518040184048991,Medium,0
628.0101930265996,209.87188280847627,0.1877460102223969,9.91190101783433,Clayey,Plains,1338.602990298298,1,63.639594753083465,0.4865906517212631,8.725666654643517,1917.6897370288802,1.221781831921414,0.2998968484436619,Low,0
665.4503108558968,574.2843895442468,0.029115418882303554,3.1802336445794213,Sandy,Hilly,1070.7694632447601,4,50.34710503987381,0.4962667210204742,8.565333300422143,1051.9812310365555,5.2280065538581155,0.4138738955311736,Medium,0
414.2834345531919,518.0360382923224,17.71410619282878,7.408933886691003,Loamy,Semi-Arid,468.09995774102526,1,48.661486416161225,0.4124922249819727,12.927488023314961,701.6038354405362,0.3429008925105278,0.5811849515591908,Medium,1
456.9004120879911,281.42565214213505,4.30155267788386,4.2932853918557,Rocky,Hilly,281.9589763388923,1,60.24494819842797,2.3646371849664445,18.484138497286963,577.7260127643284,16.88046716351667,0.5028848155399457,Medium,0
314.3078437509351,326.39034758862306,1.8190802437139668,6.215298330320394,Loamy,Coastal,681.2352528899767,1,67.4891385126048,5.801870019499548,3.2943950639256157,1032.3338384441088,0.788436558876441,0.3211994365447284,Low,0
625.9135267901167,443.1157119237767,2.5427766672641745,5.96570026037903,Sandy,Plateau,252.0244522035282,3,55.132842625265425,3.16710026787955,10.40052444417644,636.588983028433,18.16897523425493,0.46041414320652724,Medium,0
549.8125235537668,262.34325942230714,1.2399840571123886,5.716497352846383,Clayey,Plains,845.4579284975498,1,34.68335310295987,1.4275540199599408,2.970301347074429,1071.8218543009218,9.033955706341125,0.3359195805956585,Low,0
741.1826154695624,201.20511150403541,1.691709461035648,13.008841252228859,Clayey,Plateau,1758.0688801427063,1,51.657115811584944,1.1387215093426089,8.97698087874264,903.8551779693832,10.562119009284105,0.35140438269773916,Medium,0
318.25153842303916,384.8787701208259,4.188383003662493,5.679022945971429,Laterite,Semi-Arid,341.0653735052898,1,44.075136765037264,1.0747148041479593,0.0,513.9378085026972,1.1383123795587498,0.39650274464802193,Medium,0
393.2988151472674,289.4127095300404,8.575896319347475,4.575208524799226,Loamy,Plains,834.8910178778247,1,64.7406982905367,2.022708589680331,4.5136626142301735,845.0159283457608,6.645562574923668,0.44740937550661924,Medium,0
484.71688837883585,301.9593339574312,0.814001114902292,4.712255711508856,Loamy,Plains,1359.174301365938,2,82.6059638875152,0.9791542707086712,8.10285751046491,1225.7477144255158,10.191980839589199,0.09745674690411282,Low,0
546.9734306588656,179.88743883184415,7.33937371488611,10.131330869205264,Laterite,Hilly,1162.1807504050335,3,61.45502620960026,0.5639502073159905,13.348997043861292,726.2841001847278,4.899154844946524,0.5945758907030687,Medium,1
417.64985436785514,73.87934219639243,0.5184153401430472,2.043693004921195,Clayey,Plains,847.9407498203016,2,63.292161426399275,2.031531425534859,0.5982053677824899,1006.4874062612503,4.805392754392168,0.43013719636221226,Medium,0
319.05583643194495,308.3370891854921,0.9682466199678751,4.71213125069344,Rocky,Plains,848.777965441131,0,67.75600979813986,1.0899974941550379,10.167401402737891,1629.8481629238972,1.041931331947456,0.4125774661532289,Medium,0
582.2111293385357,388.595444979304,0.15153562659607273,11.340468520334602,Loamy,Coastal,495.4315761513973,0,74.17655492577356,0.1,7.821338455524644,806.9070897300339,3.2089939508200898,0.4370211823404604,Medium,0
558.1703043818372,252.903190110875,0.6070694451880061,7.73195856399294,Loamy,Plains,806.3204804980563,2,51.01773691329159,0.1,15.318098308956701,718.6984627808012,0.9789262713634578,0.5365517824344858,Medium,0
312.55888491544124,452.371542347064,9.97029484923054,7.575766015108339,Rocky,Semi-Arid,985.2042499840455,2,57.364746870176205,0.7048655932948362,5.9783650804216615,1243.3622658702732,21.63998427276038,0.5043376178465235,Medium,0
653.3164201658244,195.53004095013466,2.460589284273514,13.396439380431104,Loamy,Hilly,1286.7897401459315,0,69.38156724547758,1.5802719031491343,10.170955758753884,1764.3152963663472,6.928239542449578,0.23469098787207104,Low,0
625.5298063794905,153.4354654040896,0.323390860793528,7.739043858845497,Loamy,Plains,682.9385317698354,1,46.699628486988665,0.9621185174702962,7.219454748499203,1399.65911503231,0.29780125037840777,0.3977058307455045,Medium,0
470.14447458716893,271.93236313646423,12.848279952714666,4.875441515921253,Laterite,Coastal,833.5577051777881,1,39.89158906742345,0.1,3.115833031735094,847.665181593489,3.886380918874765,0.8269251170959838,High,1
461.93967935640546,270.08889095784514,8.447604652653856,6.153768829370954,Laterite,Semi-Arid,567.7752817351611,1,52.41923885543891,0.555522589242927,5.139177148092408,845.9585573888041,6.096072234026363,0.7388384958815635,High,1
533.108665667386,372.39624776022674,5.62080829645348,3.593703072908294,Rocky,Semi-Arid,978.8638128391768,1,73.07670890807003,0.2230576990951622,4.21709193715414,939.3940358544494,0.603169133280499,0.5729932440309886,Medium,1
320.7445394615613,187.00446111232185,10.84057708540408,10.76781112004709,Rocky,Plains,1174.3228076081373,1,59.6860584675428,6.531227768985906,0.0,1018.945208469205,6.561543865474076,0.7968652962405434,High,1
454.5047218746123,444.17130841778777,0.9945091888553983,8.723685152610146,Sandy,Hilly,1120.3768047004633,0,52.40493900268708,0.8253948906053852,15.731443442912838,2431.7479314772254,1.171020247050629,0.4030083926071915,Medium,0
127.14246830862294,516.0300355009904,7.240572707554898,10.373242449912667,Sandy,Plains,490.4345235951756,4,70.18881802030599,0.1,6.208191632847603,1246.1668585160626,3.144269741024357,0.4402660782236715,Medium,0
581.4683468254403,275.30271676379897,4.6846183321964325,10.638951785648112,Loamy,Plains,951.4021233097452,3,64.64176621439553,2.377028848869907,10.38926114915963,2093.985953600859,5.893846957723172,0.39558253608346405,Medium,0
215.7760166337211,429.96525042211823,8.153482459302607,5.757367657217403,Rocky,Semi-Arid,662.9406151124341,6,48.6765611793914,0.58200773810056,2.468144889071322,1609.7834873609195,2.725293082364283,0.13879003038284188,Low,0
675.5129742643499,153.2203515249688,6.376455032266677,4.165741443973331,Clayey,Coastal,1253.8675054784917,2,55.722034254080334,1.8400989763847333,8.231748108592937,50.0,2.87677766251827,0.6910476472960592,High,1
400.48198590503245,409.0265849418299,1.7016207660461768,6.844860666075863,Clayey,Plains,843.5405470292617,3,45.710236903419485,0.3594719033728943,10.53248268531275,943.4178624911799,11.132617681430165,0.43322423356942696,Medium,0
418.24995271032344,405.6731690271355,5.955941098106677,4.381716787634385,Loamy,Plateau,368.1703316156205,1,59.720628809019715,9.099187007264408,8.43535649912841,1163.6871522550334,2.219992810329858,0.383583981096627,Medium,0
355.83991408732413,383.61247362278544,1.2177197693336244,7.494870626227074,Sandy,Plateau,823.0690530372933,2,65.63603951598279,7.733516970934997,3.8493263318417146,1281.3233081115002,6.388645670341331,0.4331364786003524,Medium,0
406.79416891168853,278.1324293355647,1.5935140876869804,10.396290642504066,Rocky,Plains,1060.4653992196086,1,30.0,2.347543498367515,12.044490068414682,1231.7984966752617,11.348921691483007,0.294157676918914,Low,0
662.7797017722055,20.0,0.45673381522906703,6.495581061852499,Rocky,Coastal,985.4021220999798,1,45.7579109165753,2.7022037927398523,0.0,337.12607644949935,0.993842892757827,0.4126903527726075,Medium,0
80.0,202.99274276174447,10.93818964680099,7.449985269723218,Rocky,Plains,720.8713952218069,2,78.14314891051944,1.2208128111011798,0.1175222053038194,317.89900969802295,0.28209670005177356,0.4366413559953168,Medium,0
641.5448079132282,204.89007787784777,1.3756179853050274,6.7184631513299005,Laterite,Plateau,695.1543135450988,3,53.97347384784095,7.2047797977749495,7.419962713705697,1176.1964444219907,10.47615389803018,0.3868075241007169,Medium,0
500.70352216525623,162.60940743274273,2.941067276386642,9.408182717313093,Loamy,Hilly,554.3734606242892,3,77.90453951801625,1.2126304794174598,0.0,995.5541820033151,4.806142374375371,0.3069347098710335,Low,0
268.9467528214177,294.66916054564797,1.9859347607002504,4.99665281713513,Rocky,Coastal,761.8376328826428,1,42.69928438009829,0.6022215917947362,4.075536492376409,1835.1831744219794,10.551154044569135,0.4262566581510915,Medium,0
288.70314104261433,229.72438653745184,12.868321808409517,0.5,Loamy,Hilly,600.5123617159691,3,51.61847387921595,0.26971017253832436,5.643181292394537,1201.1860242514877,1.4374338590949522,0.4296817860829522,Medium,0
701.4589540812304,181.04655882819736,1.632168729283794,8.412606578126143,Rocky,Plains,1239.5300951620602,0,60.611866741868745,0.5133746357332809,15.604620525514404,1583.127148050548,10.725369780043987,0.5767418684555474,Medium,1
308.17396800859035,152.94398221026162,6.0301583184907654,9.96350326392398,Loamy,Semi-Arid,584.6019132439343,1,54.176926875237065,1.8680883073992494,4.699638092561461,1523.500434185318,0.6009803575238237,0.5378321426783965,Medium,0
276.9974234106061,194.13844174177257,7.735582779758534,8.339122734275607,Sandy,Semi-Arid,942.7995618267704,3,73.18541088463232,0.6185498392189499,5.3890028418750155,1164.1736219472727,12.883909117328592,0.4158731872270673,Medium,0
620.5971813547094,414.5799054219914,2.2880142850455663,5.079308513595958,Loamy,Plateau,919.0063661642165,2,56.57980360499607,2.336482841788711,0.0,1750.817615060915,10.373846028679697,0.4622799605214966,Medium,0
500.78293144288716,200.6769934447007,1.9003658137009072,3.594963705441793,Rocky,Coastal,1230.983606759719,3,66.54504028987874,1.0594439723403049,8.38096227760323,966.5849206689592,5.026745431469172,0.44142327883453214,Medium,0
309.3111635195402,218.20735522800732,5.509272210882599,8.483492595340964,Sandy,Hilly,1281.2789011354298,0,44.89576142187905,4.794335395266539,8.04961485096694,1172.4524340370297,5.62416533577028,0.5164087808962863,Medium,0
482.49374631069287,225.19628619721044,9.762608983433243,7.424436858804021,Sandy,Plains,1143.5894801484649,3,61.17277402953905,1.7985606822861453,2.536520697169566,1233.2335421680723,2.546458347844778,0.48027524547680245,Medium,0
296.1370974539584,320.67922165713037,5.6248738669159755,6.622622117025011,Rocky,Coastal,1023.5249201515454,2,54.23459198168612,2.143812848413256,12.569211932811518,776.1997889947835,1.3509947256394546,0.5952555330330149,Medium,1
615.1232097633908,334.74993862342393,1.0305588720148309,12.467390028981374,Loamy,Coastal,532.9738488670797,2,45.982516018139926,1.7890231251203486,12.243442940290022,619.0472348931703,3.646641878982683,0.3089788133555379,Low,0
609.20564473097,20.0,8.7680317385893,4.159599717456005,Sandy,Plains,525.8954692916099,1,63.598669223662576,4.769118825692399,5.203476156600481,554.8714462143225,6.42806292134013,0.5503472281497396,Medium,1
529.8009298232914,402.59622565931295,1.9613587201753986,12.325111063382398,Clayey,Semi-Arid,604.0082130822678,4,74.346207851797,0.14414372492424396,0.0,676.0339308914324,30.0,0.3819498342282053,Medium,0
504.2491591870525,452.3641641092505,3.434252142771765,7.09535171461192,Loamy,Semi-Arid,1163.1723498697704,0,50.856892953165435,0.15339257167885015,2.6390976299939783,1131.1038938731756,10.197917741845078,0.5350405903633221,Medium,0
714.178218730106,153.97761551659966,7.121750083261263,1.493288569387376,Clayey,Plateau,925.6654748877226,4,63.07332710441429,2.6615391238183053,15.672074192029545,1352.676956867632,3.418231378567776,0.431642843452173,Medium,0
449.9529491082338,163.32421063181982,0.8349648951488199,6.462392037042577,Loamy,Plains,1204.030034257447,1,55.418852140417634,3.2138971145588857,8.696343330259936,570.0416355856299,8.15786440470525,0.2911095512457031,Low,0
272.7188811868798,225.96959346660742,6.139365615403785,9.878488229798323,Sandy,Coastal,1250.980957012029,0,59.28593497049059,1.2505593196037947,4.1696076889983775,1226.6153287709728,0.6860544117339604,0.5295765683815201,Medium,0
517.421086924846,189.27951766520744,3.6269737894347616,5.904834901585088,Clayey,Plains,645.9168348952633,2,68.07833471895101,0.9555385260717625,14.831155726835979,1071.6599346288604,3.217230314247497,0.6052872017457517,Medium,1
762.9070574305671,306.8712248735928,8.952497868096206,2.5756643762848155,Laterite,Hilly,911.2260146450155,2,75.30140870315282,0.7164389262703243,7.073710158584389,1663.5935372232866,3.31952451072572,0.5209537843622878,Medium,0
297.7860760221222,46.41696563693628,0.7548255146800049,6.50645640461149,Clayey,Hilly,895.4522124607435,1,72.90252778739233,0.5875952696239373,8.066786312123774,947.2992160797163,30.0,0.3533816668100573,Medium,0
395.78058499590213,145.84868703559124,2.1836165542052974,4.428482878324883,Clayey,Plains,785.2743086315247,2,49.005068622929635,5.345885607379025,19.954145376429885,1992.302944036402,2.975769497451532,0.42790390261527705,Medium,0
512.4669057152179,464.70366402098887,7.1552893760296605,8.475443203263888,Loamy,Coastal,712.805000916351,3,41.8685621472694,0.7694619544989378,12.605757290007478,1580.77271035517,0.5217296722899967,0.504208230198562,Medium,0
441.91427264913915,168.61360391823786,0.07767615360681153,9.320199448202834,Rocky,Plains,1314.66442619387,0,33.86321861631991,2.2975655563936543,6.57243842625947,1033.48091056741,0.41756657342040354,0.27218841570236046,Low,0
302.6544629434028,429.211393372351,0.4760413043224781,3.831188776755681,Loamy,Semi-Arid,918.1901043504253,0,65.59626875794369,3.4031980193899853,9.849660035242724,925.7785249214404,7.191611220532375,0.744664178972875,High,1
618.2786784345706,322.6405834708164,18.653406600597123,4.882587834653052,Laterite,Plateau,904.6006759959188,0,51.68446789264638,0.1,10.754884401474644,1642.9067560099475,2.047282712718484,0.4532531354593951,Medium,0
798.0061083025889,62.88787424940904,1.3162067486119042,9.269927395320813,Sandy,Plateau,619.0278137959915,1,70.74783502130487,0.1,12.107640591928115,1032.7974908772562,12.19138481425979,0.1588239158725081,Low,0
479.4197188535861,356.23950342594475,14.843386906008158,4.423467165103123,Loamy,Hilly,1136.3243506447266,3,45.584035959418266,0.8913767681331026,2.8169980539534754,1219.032336968904,3.957667420646108,0.41572240339204186,Medium,0
314.38975653959994,265.8799237368576,0.8061718858461553,3.7535255925160147,Sandy,Hilly,548.2123747066947,1,63.35440839152982,2.619714612729924,16.14809741500396,944.4399691285228,2.406201114159404,0.22014186928430202,Low,0
217.65592124197875,225.34395325003115,1.791994534645473,3.4639266046112356,Rocky,Semi-Arid,1059.2169350956387,1,36.75695187458973,0.66480680732481,15.12162326787088,921.6898684298408,8.540601366610169,0.5568107206386743,Medium,1
488.6963971831771,309.39485118064044,5.5913540689297525,8.056115838874362,Loamy,Plains,1068.7802760193067,1,64.05560066127529,0.1,3.355324629217609,588.3954477165493,3.24289145277464,0.5614391471277382,Medium,1
615.5816014974387,336.95601826801504,4.28918727873907,7.9274731585523925,Loamy,Plains,755.619732736751,1,62.69559417206419,0.74774725033414,7.927848056060715,1884.4113644313197,8.02235897362982,0.2299790186264749,Low,0
521.2751619743073,364.91101863695434,3.4807061026888046,4.947861908862875,Loamy,Plains,1011.1782284141129,3,44.805641232833544,0.20779977758810206,8.373713288193294,1002.4223811082043,7.512509741758446,0.2582528523268101,Low,0
449.6394238621719,421.3903417057603,3.0192323508810026,7.015256188384702,Laterite,Semi-Arid,964.9843456655705,2,60.30690251347444,0.544960833949422,8.801637572274567,1267.2893763524778,7.707008290486792,0.34126967779755085,Low,0
361.60925223160405,328.97630953340274,7.4172751589213854,11.581397152465392,Rocky,Hilly,886.2237813164476,4,82.83212734424997,0.8915502909853608,11.877346930636227,1445.5470448486344,11.674579595107666,0.48550983140451487,Medium,0
286.17545509228654,114.92390934563659,1.0712488371587947,4.077819529245335,Clayey,Semi-Arid,904.5303930508313,1,66.25622329588074,0.30146958907512716,6.340769563212751,1878.4188555111728,11.319034989148548,0.5322312681151824,Medium,0
575.2126989487323,223.16254508185708,2.3369625124680775,1.1447721729686515,Rocky,Coastal,921.6236381177324,0,93.46192640818617,2.695917072940814,10.16001069197744,920.5353388502834,6.554736170893291,0.652285006639257,High,1
587.0657432078378,633.1658002322346,0.6758162076640547,8.365226727161112,Rocky,Hilly,945.4690854352168,3,59.83857182364645,0.6503354766715874,11.165381810294354,50.0,18.874013141553554,0.533507795040314,Medium,0
218.14053199639002,366.93892724580735,3.624783385785976,6.668796508295235,Rocky,Plains,921.0847109702974,1,64.9376982830891,2.3804766802889445,10.478222783398742,1245.442992434136,0.12567191213179466,0.35151303475705975,Medium,0
688.4758467271026,564.3144760973796,1.1536329402899048,4.869924739554696,Loamy,Coastal,513.6475334257505,0,52.28580291004627,2.0105267209865714,10.3783115457438,1449.580103582362,15.991919675734854,0.4449328316966978,Medium,0
536.1106831341002,447.45208986390224,1.624913983718379,8.956240712064723,Clayey,Coastal,846.7261671480384,4,60.95551503777406,5.0231027504863395,10.774745794058491,929.5348934266854,0.9627974286195502,0.4683115910255851,Medium,0
659.939196771869,309.0162485866898,2.5489636157557323,9.517675434006371,Loamy,Hilly,992.7320104189052,1,46.286523757063875,0.20249243443988546,9.075071135812003,1474.1279304523687,1.4268259989947731,0.4092365463440252,Medium,0
248.68083772723273,316.1688483737341,0.10854177688471665,0.5,Loamy,Plains,934.0510549887521,1,68.86664000849676,0.5314594220680532,0.0,1200.251660482311,10.202712616965787,0.3627419676417103,Medium,0
245.12637668768417,275.6103952147785,0.38577020082671776,5.042206272005535,Sandy,Semi-Arid,1233.8125907882984,1,48.33314489483807,4.408366757029647,2.9299487691732624,1024.3268733131688,3.0693101504982465,0.4816363029979481,Medium,0
427.65460353490545,71.46344609842006,4.632547626872137,13.952548693590565,Clayey,Hilly,1117.030306324809,2,77.99462087448173,3.7987631452106867,1.5332066781230145,1863.1011511478828,3.3235517010561324,0.4651995342566002,Medium,0
525.4176640342791,282.16567029618693,2.241253990135219,8.750214747394573,Rocky,Coastal,595.3566627314024,3,41.846118123243606,0.46931251195838947,2.6298486729316313,1039.6788575313349,1.81658714659247,0.20757313580625192,Low,0
719.4541234390446,425.28094630506365,8.00371118200975,9.028310914891449,Rocky,Hilly,841.6805121809618,0,54.342189078742976,0.25078512679849785,3.0527410122142706,2028.4614993769699,1.5250288238016285,0.4657475222378468,Medium,0
555.9118370722697,208.04320062145555,4.745474729251754,10.518682835894435,Loamy,Plateau,791.0321712934842,1,55.013213270808315,4.267164493926888,13.182601166125288,1216.5129655620322,0.6739110306891848,0.3081088870010905,Low,0
413.597808478195,329.43435988741714,0.03253573027036548,7.051206475599178,Clayey,Plains,898.4780296804856,1,44.584025352029215,0.4316022708206462,14.671121435643204,784.0991957904184,1.3146941975355138,0.42888390474449606,Medium,0
296.0446188501162,382.1909255071837,3.835877908516396,9.39005248027486,Loamy,Plains,898.956510056455,1,60.81555264016022,4.507346076425498,11.21594912031454,247.11304787191511,5.018591518991069,0.5269063807374588,Medium,0
634.5000859078725,170.83834728250295,0.39364935677904533,9.154186131511608,Loamy,Semi-Arid,1114.032584233947,0,51.598775876566194,7.143705746771748,3.034056336568309,1795.4083968989949,7.357492122964032,0.6066637811014979,Medium,1
305.2941861373928,225.84365627876025,6.0735139223675505,8.617124490258277,Clayey,Plains,962.0649270994003,3,74.85120265950528,0.5488913021300311,3.38868954972496,1677.3041790576592,8.05571556961329,0.4551304323218537,Medium,0
694.2702832158483,157.85062114274092,19.074376112596134,6.033964088147786,Loamy,Semi-Arid,1330.6907518229928,4,48.253718132291795,4.03701518495803,4.770007417408301,1597.7883491434902,2.773386163169472,0.563348459484998,Medium,1
407.3423025590236,181.34012719727116,3.0303058748488567,7.516176767098776,Sandy,Hilly,984.351098181826,0,63.05205578918277,1.2129797123752943,4.3378519592620535,1842.2598395272764,15.3028009770022,0.6123162503167745,Medium,1
688.5873108926776,125.48736596163266,4.592632655707041,5.234915307079666,Sandy,Plains,609.2933178819532,3,56.96811220710954,3.4206646690575266,14.602934414967407,2098.4999864723104,2.391485660459188,0.4667986994575578,Medium,0
551.8396935088917,171.94618463463678,1.0836363071183124,7.038442913699485,Sandy,Plains,736.4517829411232,3,55.44002616251461,1.1511018626070377,1.2135719358052395,130.2827493039042,0.7068705593533076,0.6662351231317939,High,1
429.45067658363126,450.3346816957407,2.302151706704601,3.494527323702199,Rocky,Hilly,1111.3261747561155,0,59.09774756678603,0.1605915482928441,9.569456316931158,315.07371602940736,17.426883985747956,0.29880315373388583,Low,0
372.090544226081,170.14275650916488,7.754416912254841,4.628128026181143,Sandy,Coastal,335.0411074230101,1,66.49885214406929,2.7438660889260094,1.6301690729672087,1059.4298058793502,4.6680115212856474,0.4798317651882662,Medium,0
398.86381839808803,295.1751062872828,0.7329180246030146,6.153063874225212,Laterite,Semi-Arid,428.94185483398417,1,35.352197301711044,0.3593247293920176,10.480117254181138,1689.2848721131738,21.321105072117966,0.4497851304073935,Medium,0
514.2475038562857,219.6557495594853,1.2344550421279525,4.168883705709772,Clayey,Hilly,903.7440224938307,0,58.57152701108574,5.758807089592236,6.089150783017671,1344.3466188044956,3.001951211810955,0.6608543706281109,High,1
461.5734744326575,421.4639124444327,2.3582754703886564,5.484948187764471,Clayey,Plateau,1232.822741482408,2,48.090589290906884,1.1898677701193472,2.390235674039772,1345.4396256651496,8.497881581784293,0.4527734904281147,Medium,0
360.92828878969425,437.339475592434,4.982637521122982,6.508222069733452,Sandy,Semi-Arid,1357.4624011842072,3,49.00225248723301,0.18822770886305304,5.209587083263241,977.2918354017748,0.6987763513579102,0.2509460588787756,Low,0
425.1552884523552,383.68839785667365,1.8856758320969433,8.206787033993132,Rocky,Plateau,824.01298854238,1,60.92313383117754,0.5706639469047785,10.502251163305921,776.893518462244,11.548144808527212,0.19010914184254188,Low,0
461.78655445787246,316.7361463723306,10.509510878170211,9.847771905558728,Rocky,Semi-Arid,1271.2900404450595,2,71.200180862375,4.365370893668973,0.0,1151.3510371493226,1.1230384375855627,0.6302320478961474,Medium,1
130.6898858377782,252.27285557909218,0.3968822873071736,5.608646885865676,Loamy,Plateau,925.2937684191143,0,76.61354683146052,0.8519720771794893,4.862118854673094,1072.7559247221477,0.4269080932092845,0.23631148244317832,Low,0
518.7252172183048,136.97503549705002,1.853251116245134,11.005313851805871,Rocky,Hilly,364.0047562148693,0,51.018155149339364,4.2684891047102544,7.06473008635434,975.3100148558424,0.6172035700894078,0.4132276201001797,Medium,0
303.041816292479,513.2234657346637,4.937097491150425,9.815833235876479,Clayey,Plains,897.1732122325707,1,30.0,0.4159946713546351,1.1186701418706733,1514.5253631052042,4.890202248036794,0.41614275946431356,Medium,0
277.00013951913826,188.8392378696936,1.0246652276401085,8.512281495831825,Clayey,Hilly,683.3821563824571,4,58.84246069823631,1.3893481369690326,3.238176647514324,1195.0306127504164,2.0707955172798425,0.6294700695443123,Medium,1
196.89834793339344,359.63756164394096,4.273261259803742,7.460947387889857,Loamy,Plateau,1221.3808081672094,1,36.18238550572983,4.632899658958896,15.263957939341916,1421.1474515189548,19.458138689912523,0.45432295266237777,Medium,0
180.91612531981644,407.14786871480766,0.7175448759565038,7.957362525605624,Sandy,Plateau,891.0136588759297,0,63.29567770423292,0.10915427307332298,1.3862288536507057,1144.1476795060673,11.490750342927408,0.39503728207163175,Medium,0
246.68287453315662,213.36634037136048,0.23043291349720518,10.561153451999147,Loamy,Coastal,452.7304127052354,1,47.21021980520957,0.7981686879999803,5.321898351787188,1543.1739654963155,9.756689660511453,0.5048527866796644,Medium,0
343.64685635542645,404.56150327791545,0.5159530468677507,10.670738979277822,Clayey,Semi-Arid,375.09981618200425,0,62.10816257470681,5.293855513175055,10.42235196717265,647.8209423078208,9.952981234324628,0.6793632514001793,High,1
742.9888706289853,371.70558440066264,10.636170707036545,11.004840185150929,Clayey,Plateau,892.6570149049421,1,47.75966743444347,1.9968168918455353,7.62519092826289,492.8652787167182,13.280708845469157,0.5866045398994503,Medium,1
371.11804861571943,487.3556602458118,3.209624544987431,7.1239804956310095,Rocky,Hilly,150.0,4,44.02816710795537,2.7711172231555907,5.143490177881776,1031.587731461303,12.02422849795731,0.1491533481797307,Low,0
476.6625159402047,223.67842402879467,6.365326804318163,8.664901494995839,Rocky,Semi-Arid,718.6421485602348,1,44.323067670372545,4.061141653850936,11.923259934552608,1582.2615220977925,15.803856865280284,0.6392122899819861,Medium,1
510.0722079759493,125.6963179264342,1.6177895101169666,11.030639519866154,Sandy,Semi-Arid,980.8606140099946,1,62.7640674837425,1.631277867988887,0.0,1018.8948814264612,16.34199807347774,0.3698068716893537,Medium,0
469.6597779323773,219.34122934665868,3.592414968280795,5.128851895250822,Laterite,Coastal,530.0442235806247,0,42.13804344862258,4.1067259300019145,11.498335465591666,2216.982599186769,2.125678250767513,0.30283390406754024,Low,0
438.38348089110093,305.0624251041198,2.7324082778239047,6.044749438845089,Rocky,Semi-Arid,1247.8955049168653,1,64.55128527040772,2.2400958236780855,3.2519618557290597,690.5047098261059,1.487416551581902,0.37109717450946517,Medium,0
270.7059354601133,286.98552725020676,11.655721458746223,7.048109989040435,Laterite,Plateau,1316.8522924127424,1,79.32691696436325,2.5459493344385296,0.0,1103.1638698374024,6.181766472990967,0.5614988820703917,Medium,1
667.6391322418817,232.78745244705394,5.506558649178699,9.69879621393822,Rocky,Hilly,544.1546665368169,0,78.05251987065142,0.3649420794784043,18.777815166414804,281.7525031460756,0.7897561562786726,0.6652460001030394,High,1
721.0794965456828,50.89630492273085,5.245380354069511,9.745516452155869,Sandy,Hilly,795.6845390312296,3,38.842348628442295,6.153818304563193,8.186926685351237,1938.935711756778,1.4230373767940308,0.23225692116197721,Low,0
197.60119588159714,336.45795953549276,0.18984791801324663,6.307407666406194,Clayey,Coastal,1248.142602962515,2,41.833556368012935,3.498107476972872,11.843651513008446,1139.7756182312282,8.895686454115626,0.47403287590176296,Medium,0
296.3957113670431,516.6813374898641,3.1910955865354627,2.47417163686087,Sandy,Plateau,899.5423630107189,5,63.77474199516467,0.6452433739786495,13.378283229255707,50.0,6.287550882388172,0.6418435872650584,Medium,1
408.0284486434491,335.7101485747604,2.516871283958063,7.738551832887902,Laterite,Plains,411.932497665343,1,45.18075705575032,1.9084733111342513,3.3775581144336506,1042.1538705000228,6.31355549906493,0.43086560852959344,Medium,0
305.31933076347127,353.0962622864216,10.515603258243296,4.245051588014796,Loamy,Plains,849.8376260024764,2,65.42537482759792,1.0391740301682955,6.699337915981135,50.0,18.051506601602675,0.6713913198659259,High,1
525.8948330183798,348.6934367386122,1.1900784817083212,2.5301913860793324,Loamy,Semi-Arid,601.4750871964563,1,37.4765371148432,2.3759839627466603,7.822265394492228,1809.671299809441,6.60893885327739,0.522405427962149,Medium,0
340.75916963900806,327.645600385888,1.2579304987379933,3.20838531779885,Clayey,Plains,1287.8692637490599,0,57.14145924793607,11.164271481314271,4.485881771741186,744.523796354351,3.381215823825727,0.38276414257066027,Medium,0
774.7584101709904,391.79991602417135,2.1196685082773357,7.979143023536682,Clayey,Semi-Arid,1112.076233013606,6,69.32934603823986,0.1030167859035643,13.94136698166528,1220.2742293001788,1.973795325292889,0.5062682573885126,Medium,0
628.5822891515394,327.4448417422799,1.1155221508893431,11.083112082798422,Laterite,Plains,790.1850691570302,1,39.37603196638055,6.704551332920218,14.657404549014815,829.738031834697,2.4799741269619133,0.4785572864941548,Medium,0
481.8861045948322,242.4787396416069,0.5532979259892892,7.116683548708732,Sandy,Semi-Arid,949.7518043855142,4,56.59704638525088,0.16531972435928124,7.35243915602809,1100.0175539422437,1.9528310461128116,0.3980700738652707,Medium,0
604.0479394979598,184.4813307989495,7.791263561531644,7.6341419639378945,Loamy,Hilly,442.1574480596298,1,56.435756389285906,1.3587268974092548,10.494303450788406,1601.6828716647287,0.21368885956573352,0.6575093560647568,High,1
615.8850636535964,250.12316136631898,3.268284854040586,10.548684816633775,Clayey,Semi-Arid,636.177889504836,1,65.2771096659784,1.4475799159867284,12.27306352497844,997.332656692378,1.8194064919306465,0.4711819050822473,Medium,0
365.4078767912635,317.69553957407993,7.903576981593685,2.3666352727493374,Laterite,Coastal,1443.6477156923725,4,49.97385114851325,0.68852288376441,9.407747366888264,1478.6261052022664,10.824330960834844,0.6959046634485884,High,1
327.5674133187053,242.0700446652432,7.114617242393892,8.560529264800815,Loamy,Plains,918.7301284028836,0,40.863469367243056,1.8399112656238958,5.118861429971233,50.0,7.816772714887087,0.45371859285482946,Medium,0
461.7214594454471,317.7206419757716,1.3253788065265921,6.965230647043536,Laterite,Coastal,1225.5300316769778,2,30.0,3.9502133616776756,0.0,563.4747464546688,5.834599571373101,0.45036948067956645,Medium,0
579.2454186746916,332.6980160440501,3.1739695696157453,8.698172376496201,Clayey,Plateau,981.2045809428099,0,73.9025213500585,0.7657902455151908,8.472248989522322,1226.1187908748184,13.949313432667086,0.4424647536515135,Medium,0
470.85905979801265,379.9815317524218,0.3475409699181755,5.549548274788552,Sandy,Plains,1359.9986450603335,1,68.01828573499674,0.16061364987035398,11.975731647404718,840.7039065869128,1.8401704127224938,0.558300877318211,Medium,1
213.45052767135041,433.93539626067763,9.872287053680417,4.546188128720553,Clayey,Hilly,200.40686359027302,0,57.70737846172131,2.2009758403265804,3.2803308220186205,1786.9238901745912,5.1720148424542085,0.42993113415229506,Medium,0
329.5763334073737,289.3608902174629,2.071822024742264,7.421526712856816,Loamy,Coastal,834.1238455933477,2,57.3862125042326,3.065258582093578,8.858135240674137,1618.4724960588799,0.19096554653114234,0.47066552759738384,Medium,0
438.9040704608433,123.06681218228073,2.001364342435359,11.947573970003386,Loamy,Plains,1475.6735761757363,3,63.10256176313926,6.79920733963526,10.227923126842313,1881.6882073641557,13.354107958911776,0.490981488670091,Medium,0
438.65015935112547,238.5875083816972,1.4424758203026704,9.582730313624388,Sandy,Plains,1234.6607024462255,1,69.59041172275653,0.3823328312955034,10.255390153894396,1249.2682813492645,3.5623847963441317,0.4851379567865228,Medium,0
745.8813265184713,285.2875080887919,2.4696642093135353,5.476921689459726,Clayey,Coastal,1363.880290576567,3,33.79387300905435,5.095809531280271,8.624483471591365,828.2703175870043,1.175150909286342,0.69737757787575,High,1
242.1018086401503,59.707749258749175,1.1601227079713161,2.977083892056161,Sandy,Plains,897.6323922202282,2,36.641159627913645,1.447640563797904,3.003229043970978,1506.223065575652,1.6412283749909713,0.36842358750617915,Medium,0
525.8383862753813,446.6397424122979,1.8790691746003196,1.9537981489066434,Loamy,Hilly,712.0127546053158,0,34.88970108494551,0.5915164116126105,14.03008513417411,672.652044780395,11.312693280982806,0.7892651001701074,High,1
673.3669662492434,297.08534950125596,6.436692761601917,10.948298355551444,Sandy,Coastal,540.4924391092251,2,53.848415377595536,7.238136986175332,7.775682510027347,1054.8194823812057,0.6911599533728547,0.6824333898144608,High,1
790.7174618134194,325.7623401496342,7.189231418404806,4.134753135592518,Clayey,Hilly,516.0751679184714,0,60.18322995088852,0.5992189042304326,5.314647699949566,1404.0573401912313,15.557844477250542,0.3514813524689356,Medium,0
389.3403865224058,443.86317550315187,1.4506713340950999,6.02345976101519,Sandy,Plains,1182.4711967729818,1,70.15040819275869,2.9087775704191823,0.0,847.3694101291519,2.805281392483783,0.30381691985240766,Low,0
523.71441790803,204.38286038291838,2.5320817371670086,10.963633378232728,Rocky,Semi-Arid,1079.623867647298,0,30.0,3.380499710262696,10.021184693930529,2394.382336685976,1.734780841274858,0.5674180968717009,Medium,1
535.464053579797,348.8850317060836,8.280176188075174,2.158295633563025,Laterite,Plateau,876.699292734374,2,41.94691372720666,1.2386658928727896,20.28180282451283,1560.3756188448701,2.419533549035943,0.3835202309552653,Medium,0
479.32225973299364,266.8163052277677,0.21644517891359555,11.476793528425176,Sandy,Semi-Arid,1077.8667291980883,2,59.56796166964209,2.576495008384719,6.822935515222331,740.3602666766797,3.155465214731851,0.5157240969118849,Medium,0
435.1732198141041,257.90957595808965,8.79812758043949,6.2390786383224945,Sandy,Coastal,949.8581156682213,3,61.05532193230629,1.8694442060372232,5.563646635077605,1679.0747628473237,4.765940493947734,0.45078650160886663,Medium,0
515.3963084250069,187.3369134634745,0.9896647798837216,3.5542500542837834,Sandy,Plains,1236.7761954898192,0,55.6039920797635,0.46911426423865693,7.937042708102556,2016.47544158861,5.303050074587419,0.36205637167989907,Medium,0
80.0,479.8723856423833,4.539519234962954,6.2579472185532605,Clayey,Plateau,1233.4403642178595,1,44.49802578738105,3.1386284751011315,7.6225419296021375,445.9437350275573,3.563279316497651,0.42092438157704404,Medium,0
552.3104235093947,234.93999519093148,3.4943782641348013,4.832209655795567,Clayey,Semi-Arid,526.9440648303051,0,49.604006587999365,5.788889521689152,6.162112204997712,1839.884792041993,3.54748608923237,0.6182847306438138,Medium,1
468.9266855492951,363.93570962748424,3.2202565550666558,8.322459396717147,Rocky,Hilly,995.7760956144265,0,56.35619544631864,1.4754907897832814,18.377541862897942,568.9932489835094,2.015352630366524,0.40608641497028763,Medium,0
416.62876548326017,54.999113503367624,7.846213772473486,5.055602698336667,Loamy,Coastal,315.8966374320712,0,37.39891976535583,11.371997303242708,8.221916598538714,1195.6497628914638,2.905197189250812,0.7193774115596534,High,1
757.0293293579336,421.5986235627744,0.42843547763908635,1.265073367242871,Sandy,Coastal,946.5572583317087,3,47.76136829130107,1.2288224272886978,1.4848863330328284,1287.501574679847,3.7769606041139663,0.30550636251770413,Low,0
348.75989718141716,406.265338714847,1.704884273720502,6.3383123967730315,Loamy,Plateau,1111.5064978955547,1,41.42961310633152,1.437524022946872,2.111676833306297,870.543894660234,5.46167338872613,0.4734211685683636,Medium,0
389.53860164024536,291.69209323567634,3.0909504304324424,2.9303648431403833,Loamy,Coastal,440.19822932239373,2,64.02406541122417,2.465195859954687,13.696146798886172,868.9348191766852,0.8404010982655685,0.46894074279284453,Medium,0
748.7329953307101,252.7669040634491,6.670151043053997,7.612959651964959,Laterite,Plains,754.2380425887087,6,47.02752208332302,0.45212766442363894,9.420481055047649,772.0102252751474,8.662874642313106,0.31136722156534175,Low,0
325.1908042725215,328.00000067362794,0.9756463032248907,3.4386090031500274,Laterite,Hilly,903.3342320269307,1,42.31270064174593,5.108921472832353,6.2420341182465755,929.8617975422671,6.847325845847067,0.37954534400273465,Medium,0
367.48270755951916,554.6548793056347,6.496781913957051,5.535961590483742,Rocky,Semi-Arid,981.8702207306864,5,51.79022629682162,3.5548089161531213,5.825924737933076,702.9368307454602,2.1294976602363054,0.449521541998719,Medium,0
427.9461864853725,68.41159613158177,2.04089310414816,7.547763412643008,Rocky,Semi-Arid,802.4887038713077,2,67.03257214987484,4.529778859184898,11.4857472901,1756.5260331394716,3.6898317306092854,0.597230816364703,Medium,1
576.1101723194324,373.8432865088953,0.8375240462408099,6.362623824897192,Loamy,Hilly,489.6991466583648,2,57.72417564132111,2.0690501314766947,4.053944503115929,464.7605275318343,17.616745724855683,0.4516376554959971,Medium,0
481.170376102997,170.60592374153168,5.691608333416947,7.7512908490031345,Sandy,Coastal,881.0974793282596,0,71.22583727526812,4.734388332140597,7.251955917546221,2098.9330968902636,0.12413970380495803,0.7897132969422341,High,1
256.10619792716057,277.6097924440323,0.38119588595656345,9.040861497153271,Rocky,Plains,321.71475157065765,0,69.38634775567444,2.5065662811818634,11.643693596981901,1133.2428287605228,10.007221834677335,0.3871294455875524,Medium,0
370.17471553092156,250.25438571056043,2.8925074478164334,3.5261989008060817,Sandy,Plains,818.5754971612492,0,49.001343344763875,1.5763890607989142,4.283946315782636,152.59498676951944,4.301255418531745,0.4825166126636911,Medium,0
358.8968350181683,228.60180906426933,0.26402840704165487,6.806807378125876,Rocky,Plains,745.5192352060747,0,59.615678861497045,5.907386945435548,14.359087513549234,1586.4040516763093,5.786783266909879,0.5714118609845232,Medium,1
438.41684321654316,278.7441845136725,1.7628224275219295,0.5,Clayey,Plains,853.0070142962028,2,71.17286342939661,1.2745000567176568,0.0,1005.8341655151881,6.922198825698091,0.24929869174432398,Low,0
513.8765487944744,143.89946256666514,3.6759454373257676,7.741999905047571,Sandy,Semi-Arid,704.237307883511,2,52.2064647173835,1.5274325913179325,8.190863086340341,603.589339632571,3.6530588732242424,0.6599826869661004,High,1
512.7308633831958,403.501652335356,3.2487639159601898,6.097557608875473,Sandy,Semi-Arid,372.3117066453299,2,60.88187501135622,0.40871601614303,8.380794881521268,1029.3531707649615,1.2781168532012723,0.4138701127903952,Medium,0
183.5982368927397,64.70277865616796,2.074459645981328,4.049650709566086,Loamy,Coastal,771.7798377936707,0,47.17778053068969,6.489946022068224,0.0,812.8971767579085,14.42043988188086,0.4629969177553303,Medium,0
609.5911481341284,344.77174153940103,2.241800501397223,7.947158266889572,Sandy,Plateau,1225.7870437630618,3,55.293960714618386,0.5495864560480446,4.2866044935251315,1843.7177883618465,8.086845568432954,0.442330268463248,Medium,0
487.8853268994935,240.81569769585147,1.0287126198676162,10.518092731555203,Laterite,Semi-Arid,1341.5112813960816,2,54.903221602171385,0.4948130543106135,10.982770932050453,809.6688244278978,4.920290895907034,0.3677815962173029,Medium,0
657.6798071390859,139.48901274310555,2.434360901245633,5.571946757203171,Sandy,Semi-Arid,1753.7669975517433,2,65.5264080232016,0.23471521784893473,4.396163188025184,537.7949992947599,3.5702062016593126,0.80734345910065,High,1
516.6297490936008,304.2860044718434,12.252179577312596,4.1655565292748395,Clayey,Plateau,1492.0776429391824,2,53.39825880859693,1.3287204138358477,6.677506642743742,845.5693548831636,4.15086797950528,0.5368607415644269,Medium,0
615.1984436603643,93.16586959522263,7.600576018078866,7.495075787316135,Rocky,Hilly,481.07172566616356,1,60.585873959066916,0.7032838604311634,5.967240754023642,703.7448394914281,10.407905412818376,0.5076531687087958,Medium,0
519.981796717519,284.76565860635617,0.6277048345412161,2.993180000060918,Sandy,Hilly,757.0468395545691,0,62.573739809949146,2.9701804368974014,12.869477256087702,1738.6138735219006,0.07549339319171998,0.3719219849672199,Medium,0
651.9338634304122,109.25477106261349,0.12093296225798941,5.018855888393382,Rocky,Plains,892.0250278067781,2,48.53119039373003,0.8084521762224209,9.713182821780153,1300.5894069153167,12.029790132497965,0.21101025533023027,Low,0
528.3375954026668,335.35265011813976,10.843676011725625,10.667206484951507,Clayey,Plateau,870.0540580182051,0,53.170177181691116,2.806584882898552,5.749786209925874,466.7114516392031,0.28728090091196967,0.6730843674139675,High,1
435.31271303356436,169.07711996435495,2.992523841515362,7.186537689436863,Loamy,Semi-Arid,924.3366654636791,1,63.55668078907392,0.479836734228563,4.416355048365778,671.9736866086035,5.741318175635509,0.42731283062473135,Medium,0
790.8652080670322,225.88071795648287,3.0873576694136444,1.361599108161501,Loamy,Hilly,1742.6569975416455,1,80.06171128154288,0.5749048929746705,12.331226622500434,977.3650088826182,2.4308941007747507,0.4474883350608653,Medium,0
583.3555683419838,315.2739265531795,6.06958674676258,1.609025058161797,Sandy,Plateau,521.281958972661,4,42.9132068490286,3.6097495661877805,8.7212904348378,278.7060494729436,6.803626738035127,0.36646899416094164,Medium,0
536.061663150662,187.2949465789317,1.5115299641123074,7.486257077940326,Sandy,Hilly,650.2641023249954,5,64.30401422389137,1.020300081995086,13.037236996715304,646.1275771780621,0.5365484433117627,0.5348007665589043,Medium,0
258.5543375192496,273.0443200398037,2.6304064564015217,9.587171727753063,Rocky,Hilly,1475.3390755311825,0,72.56926397174917,0.26076388008228274,11.0882918928672,1362.1037821266698,4.874727628105674,0.3692391196414134,Medium,0
256.75385738046936,98.34033985061757,13.85181199746259,2.1471356241215496,Sandy,Semi-Arid,684.4065299203018,5,59.14704959101451,7.160123486538711,0.0,2107.2883871877766,11.595828813662665,0.44431685157498985,Medium,0
493.907322321278,355.70507243153867,4.460780348776313,8.349137822489526,Rocky,Plateau,1037.7532276175004,0,47.16221831782893,0.4296065139339199,13.36107696470341,281.14636653042373,4.094879986423445,0.3878678619517901,Medium,0
471.8281796652361,491.7896566660926,0.6677383366491663,10.991030522469156,Laterite,Semi-Arid,1262.130079453873,3,57.37084735610166,0.3580518935398287,8.624259902423212,2563.3128328968687,0.5287042332878606,0.5386436073692168,Medium,0
357.88161524875255,615.0650641491953,0.5719114724299889,12.663576963875915,Clayey,Plateau,1070.2746558562103,1,46.39329118358033,0.9762769867351829,9.230394512297538,1387.449758558944,0.22856945312460605,0.46909607786853497,Medium,0
471.147404941809,290.9401775999727,0.9139550377446561,7.993668279579629,Loamy,Plains,967.1179715858723,2,51.966295346984715,0.2211459318160727,0.0,632.7832526083926,5.8245028705293125,0.4207526051020511,Medium,0
688.2940392065393,374.58449689566237,5.821920566348346,8.520407783657422,Loamy,Hilly,1228.5137693928943,0,62.62448763137769,0.37212638493909506,5.563985573781291,1963.6330538722705,0.4323963799557836,0.4263883692822812,Medium,0
554.3103711825448,66.3249192511013,1.4003695056969496,0.6004467171155685,Loamy,Plains,587.4260052232603,1,57.27382561521186,4.122126467717917,8.291325414684637,1409.1974174240063,0.4437452282848259,0.3791707378694434,Medium,0
278.84872353708926,460.3281191566706,0.08648361186605932,13.299257643987968,Sandy,Plains,726.2729046763995,0,60.35211127845864,0.41392277739002,1.584476068510086,1622.9653308707275,3.324899332410281,0.36810841793306187,Medium,0
433.2736759285584,373.1474205668927,11.542088318882353,5.2735293607116365,Loamy,Semi-Arid,1087.4731559628074,5,43.96892148876725,0.25990418104837354,14.636134180694295,1612.6761734899012,1.410600873527359,0.6552977032391631,High,1
329.2550278721159,221.92798660585203,0.743937425342005,4.199586524724876,Loamy,Plains,175.69625927501215,2,50.6685526612416,4.663801426835586,11.732425944646343,1737.665229657171,1.3704133292932454,0.3769619316258983,Medium,0
391.8450125387158,428.4616960346811,0.03841663514872604,6.234381596681127,Sandy,Plains,1395.8043381706425,3,65.35631639657764,1.290566329991348,5.992209907740273,574.532199927055,3.934833409471726,0.3607081684124905,Medium,0
387.9576501555536,249.46287080255902,1.0826789710477587,11.535020242556293,Rocky,Coastal,1006.1873313192234,2,37.901627637382646,0.3761595798883016,17.06891860492516,1603.5261420599559,1.9777091853224007,0.6204936380520765,Medium,1
378.3531626093992,225.0369780382532,1.0716683043336732,13.624138142630645,Laterite,Coastal,953.5611134734025,2,42.084078817669834,1.9164640877163157,9.84906210189213,1226.7041368041196,1.4851284549218886,0.602145156716987,Medium,1
261.7296942039908,337.04019105129896,2.1927619794367814,7.376226038427533,Loamy,Coastal,329.3204928256299,1,54.33296951535036,0.1,14.861685415701068,1490.4470072976098,4.334399253200203,0.4481777353070184,Medium,0
430.8517977722715,152.39746002036176,10.12245379726433,9.994252517810965,Rocky,Semi-Arid,449.6868061100917,4,51.790513659035085,1.2265823236505955,3.9200529919522724,862.305206442624,2.0624147243197104,0.4595679702906212,Medium,0
365.9088544729035,402.59497172799377,8.4539765938114,7.129612146056512,Clayey,Hilly,760.4957174946984,1,67.23313725424326,1.9632004536293632,10.39026752506872,876.558661180378,0.5017274475201117,0.47708505468611573,Medium,0
80.0,153.2812225687788,2.441807152725196,3.886613580945448,Rocky,Semi-Arid,1182.6004476034595,1,30.0,6.928571029469446,14.712578065732496,910.3194446973773,6.888184335419341,0.3498322828970269,Low,0
757.9458036752494,153.99342522121765,2.116636676710626,11.430231012364873,Rocky,Coastal,173.1843957304951,3,57.01016066526029,0.8694729261625305,13.920246399185212,1565.6106849235498,5.28565765681258,0.5416979777291089,Medium,0
613.3154481325008,170.8372253909999,3.2388056642759118,5.133617558930833,Rocky,Hilly,1175.9276802720747,1,74.45147121383054,3.1864518852094137,13.044844247921926,1157.914891622995,1.4304351230656347,0.6389882709250078,Medium,1
393.5548912612506,371.14000450193464,1.1159678283263514,11.606592320115647,Sandy,Coastal,773.9890365620716,1,61.92414829939239,0.31321427879213765,14.221635284887011,930.4130120006218,5.237180955767112,0.5684346816428686,Medium,1
452.82285746108977,205.9869566176351,0.21438373989708517,10.895623989307252,Clayey,Hilly,821.8017845404219,0,39.59576999910597,1.250531865935013,15.636741138385027,1031.394581465848,18.685697854163983,0.6915522374972637,High,1
274.25184790236574,118.24050587593973,11.202250181304624,8.842108791871624,Loamy,Plains,988.7575295917823,1,87.13084359956585,0.5554743505941084,0.0,1825.3714568748517,18.807008252738385,0.6790743532866562,High,1
704.3584316716298,207.31840000770424,0.8266159426287834,12.486924268763058,Loamy,Coastal,994.2610332462441,0,51.43769556654334,1.4920294234801335,5.868797316288123,1447.0461253799185,4.554983614637981,0.2432881562702923,Low,0
734.5933042159668,276.15491551834157,0.8845858335584826,13.697038099557215,Sandy,Plains,650.6499935221909,0,30.0,1.1879249169337505,0.0,1429.1801267987769,0.619042224397877,0.6037571025803746,Medium,1
473.5040592369787,138.28330196027372,2.5581248419826474,6.474269911107066,Loamy,Plateau,1118.718530964095,0,67.74458135505427,8.582932264104604,0.0,1333.1854685696703,3.676989840171128,0.38396331306705844,Medium,0
603.5295966278018,141.79826691587877,2.7060519548552056,4.573617644750707,Sandy,Hilly,150.0,1,48.301380497310824,5.488851980276294,5.392973808104293,1735.8996785182553,0.16412471701633663,0.4888490086254443,Medium,0
476.29301684008857,533.3555600919501,0.07442494860448078,1.407190488230583,Rocky,Hilly,742.3533897013209,1,80.45338990138492,1.9200864116484868,5.856486773854998,671.1207071693478,3.218925355733752,0.2967389938523214,Low,0
249.4911841686104,176.73215154233355,0.640462520236382,13.734046766290769,Laterite,Hilly,953.7886171119164,2,66.65980717266652,0.42724792669160105,14.803600238523055,1642.998000426888,14.409053878735811,0.2660814556186277,Low,0
388.2264946554514,241.2349157472392,1.9002564866532001,5.680953973244651,Rocky,Semi-Arid,779.2677396749339,0,83.5730719505318,1.790994543410569,2.041633177088709,1238.1984171177517,3.7803998514067114,0.36598825264111784,Medium,0
469.78919501579355,235.9315599040857,4.604644770463012,10.405110571305219,Sandy,Plains,260.5813936119064,3,45.35947760539688,3.4553482620868436,8.895987529299875,733.5368994787591,4.7975481074820445,0.5209723169747893,Medium,0
381.8178421884834,229.43718306754698,1.0372516737757358,4.776233897471551,Sandy,Plains,1165.3095825661649,0,73.33586532345909,0.1,15.98707655955451,1190.387469923111,1.032111707080695,0.45046934255726867,Medium,0
417.2020083847446,354.56160879629226,2.1997521984064417,11.614796922736105,Rocky,Semi-Arid,463.0642657555317,1,48.241183373330756,1.2522687207148624,7.235275548369628,1062.689690858697,0.09464650030873636,0.5278336115312662,Medium,0
436.29006637363284,393.77715405664594,3.2598589583342648,4.89964722455376,Loamy,Plains,876.3700973650987,1,62.12276209149955,0.1,17.75964054656098,1370.6518918966697,30.0,0.5645151718088751,Medium,1
437.8682253201808,243.28546821620895,8.778242322153709,3.4248425991479703,Laterite,Coastal,953.562108973668,0,60.068842792832605,0.6152481856097002,0.0,1650.2967933643408,2.4772705981101524,0.5368348778093763,Medium,0
457.8387735746225,131.62260560891812,1.5785191056012962,6.3744807071387495,Loamy,Semi-Arid,906.9395038178785,0,74.64697984157283,0.2126018079856022,3.753662448171739,635.1712410338766,1.965610032979019,0.38273100417273137,Medium,0
290.90924004050987,432.9328273418684,0.5734416594446263,5.404672897115088,Loamy,Coastal,1309.1538240523353,2,67.71863275059106,7.113564484353202,15.71464693134557,2058.7694061609373,5.081730659931182,0.7029347298287948,High,1
342.4475776308096,268.5590690563981,2.6876742497129764,8.788899356383638,Loamy,Plateau,881.3581040022096,2,52.42151260991457,0.40682248502490886,4.613964964489725,359.6553768666273,8.206449982605102,0.6472166158007274,Medium,1
257.3123601450046,487.63861778286025,5.493064026551348,6.8458152184224295,Loamy,Coastal,1049.609391643929,2,71.06382613306991,0.35781053325559226,6.800770613915821,829.7658171653176,1.7373654020402491,0.49989940683280626,Medium,0
596.67233245293,20.0,0.46550500929822564,8.883107183655763,Sandy,Coastal,880.4335883970656,1,56.89631386099617,7.870534730165043,16.356828667244876,2185.4916745708224,4.455585884683498,0.33626083848401894,Low,0
134.15295872395131,303.44838655399843,2.2113397616148442,6.126935580744118,Laterite,Coastal,1114.5346294581962,2,66.32271109756154,1.5963261435673723,11.322096655827373,457.51422262777487,2.4265145620501545,0.5243839822610793,Medium,0
623.0385514975388,510.23276006514493,0.07178078990086037,5.004677886943584,Rocky,Coastal,1387.723353966633,1,61.54788332168499,3.1212625422838087,0.0,904.122630636715,3.93470963303759,0.24955988465473294,Low,0
657.9524095894265,237.60830374742102,0.13654086063871435,5.24931835631178,Laterite,Plains,948.1396403152678,0,55.44249306014886,0.8722507064397298,11.086041662601232,810.890624523518,1.0554841527966246,0.241069836635604,Low,0
404.6729119526068,252.94078919984366,2.6384888079916258,13.134816394093079,Sandy,Plateau,1173.6476251540498,1,42.116660213687545,1.6744811414291898,4.466039046400707,50.0,4.281547827129094,0.5878320749061801,Medium,1
80.0,315.46140299084067,1.416411863823,7.675512796680808,Loamy,Coastal,1409.365127208769,2,60.44035364134121,0.1,5.533445971879354,1144.915106642866,0.29102734697200927,0.2803742102272365,Low,0
395.80341570490646,212.9445017338051,7.460090613710075,1.0487133716408668,Loamy,Hilly,1375.014486440995,1,49.899799118808644,1.1563907381592167,7.533137818871975,1421.9768651739819,10.995388799855366,0.4012121724528224,Medium,0
440.3723758066771,242.55136815367206,3.6867642108383,5.4393729596377565,Laterite,Plateau,765.1487087360763,2,43.23853211099717,1.7817421258195656,5.10767001048932,1420.458423127374,5.927681487433221,0.5324532501866384,Medium,0
298.410267010663,239.46218869703165,2.420054120334681,7.290598097427627,Loamy,Coastal,1262.7513245108084,0,67.96555633006275,1.5892601323096731,10.449465676051837,902.5298992675057,17.031389777240907,0.5635077221927768,Medium,1
372.7172409287636,204.7095118688352,2.0965579181616287,12.536199043751136,Rocky,Plains,987.0699060165175,0,50.42962659512068,1.1452593873807018,3.6417513602518286,208.47999647214692,5.4937244548845205,0.5014557200894759,Medium,0
679.5292798295027,427.4627860240671,2.7506130407795024,10.086096147669698,Clayey,Plateau,1291.0304992068698,1,36.337077487499215,3.4116138116687753,9.518647544722706,848.5631106677663,1.2065759997189263,0.6436889907740981,Medium,1
549.7390743452611,335.3293638755722,0.16511685950430285,4.234846490554254,Rocky,Plateau,1099.0221042470325,2,58.02685834221443,1.5321553066621119,11.783769568099604,745.3112176261968,3.9704813393059224,0.2869056185947333,Low,0
311.315382843285,310.07538785239626,8.931988234311405,14.255067260717354,Sandy,Plains,996.4838266126658,0,56.17581054330944,2.224051665201242,7.668533239954707,1323.5152553539538,6.556295919275341,0.5872764814691169,Medium,1
210.3601245606852,377.028520826814,25.0,6.906518905595568,Sandy,Hilly,1051.890228121224,1,57.259025687747325,0.44902529011728176,8.346105114885816,910.6870814180913,2.8125704827506093,0.9769153217450134,High,1
400.9474023585343,248.27730001558396,0.8010646085125579,10.738989433224834,Sandy,Plains,989.3332846136259,1,57.2451775234592,4.349148428821205,8.451857783354166,1394.5047977736604,4.826479670599493,0.33322043297048154,Low,0
417.98148309743425,187.09554179765195,0.5130746139008865,3.534974507800292,Clayey,Semi-Arid,1003.0165657977785,1,45.92790643550486,0.991602667406952,8.643702882560884,226.79162367645222,1.0653547711637894,0.4397554490779723,Medium,0
524.4298781044974,207.68508344625312,0.6199656286513031,0.5,Laterite,Plains,844.4086737963319,0,53.208239553638975,1.4475562663649855,7.484196381892213,1503.7776492625615,9.006842560697052,0.5297961357244028,Medium,0
369.70249311485117,280.21396493255304,4.32733997035116,2.774705528894918,Laterite,Plains,811.896480787369,2,70.47113543160839,0.955163470720975,7.243300902039887,1442.4021775591275,14.416419789496217,0.32907289835438425,Low,0
526.7249363042793,152.89459499525177,4.332225705103227,0.5,Sandy,Plateau,1517.1112252804342,1,68.25963722080671,4.894482867087731,7.39069071738419,634.8611583312145,2.268937675109955,0.4885067968443837,Medium,0
740.2731060090343,219.96867800959893,7.533503800729439,13.336267981758725,Sandy,Hilly,1067.1347688889143,1,53.75785147472119,5.0820309966856065,8.930338964375784,824.3872813301015,9.459832071706638,0.5308364385071628,Medium,0
572.3251533666394,218.06600297542784,5.574506924268776,7.643598756659248,Sandy,Coastal,699.3432772190101,1,65.02205603373444,0.5587323487134594,5.83817892498802,1021.635283795622,0.5787054578434297,0.3942392553759,Medium,0
442.7867239003841,534.9467475794817,2.389091718544347,4.226067944655906,Sandy,Plains,802.9038989996247,0,59.11646934852841,3.0738663228032275,7.26763494383407,1723.5999000909546,1.6997861098125013,0.6030688951118717,Medium,1
422.5274293420058,20.0,3.795827652205985,8.357872089940363,Sandy,Plains,1269.690458706783,0,54.043133022679356,0.23885311766315193,12.958420779676384,1035.8968260531376,3.7179314148905336,0.5712967165973925,Medium,1
396.4990298730193,258.445633431324,4.662659650772588,7.568002108540497,Rocky,Hilly,642.3346514689831,0,72.9598688953591,0.1,18.0336455306677,1350.871951189582,2.930541836262285,0.506955101652385,Medium,0
627.0961368678217,487.0832551377725,2.875800693916625,8.862800186841973,Clayey,Semi-Arid,381.2903113661463,0,47.26174767979326,3.9852051286989334,20.305364601352604,1182.0195023359215,5.799598421202225,0.6175048861530064,Medium,1
355.9029831073046,294.62133569589446,2.582391024695789,10.628594203408806,Clayey,Semi-Arid,407.0428007892844,1,61.67835971969922,0.30935778572724415,8.66895507906021,1638.9110881075387,4.966726502171571,0.43078885551710355,Medium,0
456.7834063499974,370.4100968105311,4.143648087821372,6.130236540924954,Clayey,Plateau,294.85853992832426,1,38.0390520292798,0.36995540131745397,2.8443367882205184,1267.7150391951805,0.5479040720039532,0.4100764158539413,Medium,0
457.6796852821628,291.97915781197213,3.261029198995837,4.3604820816970395,Rocky,Plateau,445.41479960743965,2,62.32609300552591,2.052376764412285,6.782372229754433,563.0422403794971,0.8472693559941561,0.2796479221399444,Low,0
374.7323710782702,199.91999425402236,4.130649990391321,9.483325643115753,Loamy,Semi-Arid,486.6969210697164,0,50.079487382217636,3.733410974878685,8.72882477858898,1054.3819185392908,0.3185797946178416,0.571630965410711,Medium,1
244.1301678173849,20.0,3.795821581074416,9.406998333653398,Loamy,Plains,1384.8330828628486,0,53.4194484626323,0.462502614949778,13.41103305437204,1686.8403060586074,18.29564850903442,0.35547344925213126,Medium,0
498.4461755426502,304.65468244435635,5.080401432090007,7.302207424364035,Rocky,Plains,883.837275569256,0,54.50615222195418,0.2667617064629429,4.412696889274941,1348.6288923699558,6.219645976476615,0.3450304595829454,Low,0
440.84940422169245,186.92720744771304,4.117877012193636,13.532662566042317,Sandy,Hilly,772.8577613021489,1,31.37780113211876,0.17704575285236027,7.379792327634437,574.9770311772779,11.61035996038046,0.39454419003214053,Medium,0
525.0360704154855,183.95975126016356,2.9337313293946186,5.686533631415044,Rocky,Plains,394.8054279434992,2,38.63084539702966,0.1,2.9453826295083116,2075.616845106101,4.675680848955217,0.3913006714317412,Medium,0
369.95995403412496,220.12152928250657,4.580260568094615,4.300426085094195,Sandy,Semi-Arid,849.905760885031,4,67.96143122398105,0.2724488536425118,16.331579842102435,884.1694205032974,1.292824778551284,0.46658656352941913,Medium,0
633.1231948219572,489.38336879481926,2.3875822502664485,8.254274282519805,Rocky,Plains,291.93517810253263,0,59.2551190727868,6.290489636121483,10.713394124897164,1652.2710764893804,5.910644423513321,0.4906317042385114,Medium,0
318.48393281822325,568.5805050704768,1.1065529942193262,4.975186429259505,Sandy,Plains,770.7039900497723,0,75.50033419936193,0.22029161576089082,6.226106474841631,1896.2408841708268,4.2232947491375015,0.3729740195771472,Medium,0
706.8060426026839,306.0649525034081,0.005676907039788075,8.486549572434686,Rocky,Plains,1622.573036445286,0,41.58502133835048,2.0024547670596364,8.320435824124258,1720.103041173116,3.147441527156553,0.26222072685241066,Low,0
187.85452352576078,224.22793313059267,3.2835962865200163,4.5009752324816805,Sandy,Semi-Arid,1132.3312525472277,2,68.21436620450912,5.583340532521539,1.250563159781227,750.7418813387785,2.7894305931686088,0.5635760268706206,Medium,1
515.2155096835337,138.73282990585474,3.5727900452368204,5.799273151204344,Loamy,Plains,826.5706438759142,0,63.52827636044976,2.1744317078366837,10.273434460550234,1738.776594356597,6.300244652990283,0.40942939431416425,Medium,0
521.3146023789935,336.2248193855283,14.309204166523816,12.672521260117495,Sandy,Plains,1144.3432618922247,1,71.97415113085687,0.1,9.92618308867816,1314.0976876974676,5.770265519448605,0.9681564304673328,High,1
330.66643980886766,493.94867200781727,1.794398686312919,5.783237929756964,Clayey,Semi-Arid,717.4598876553512,1,56.70901199671845,1.9962034427201516,0.0,534.9455449332872,0.9861775932083563,0.5497736739359044,Medium,0
513.6590906791519,250.31915355698118,2.0043807589693525,4.603445367948111,Sandy,Plains,619.7627899922843,3,59.375650817852346,5.134179145968502,4.353184703657317,1154.2679166245618,10.164162386866,0.47621032085239057,Medium,0
641.9278004640238,20.0,0.9015822474609939,10.512036366119501,Sandy,Plains,1496.4453703364948,2,47.4700884767008,0.8567523066839724,6.505495581630381,697.8772265217015,6.065112694706774,0.5907161441920239,Medium,1
117.47717409689034,360.4059606178629,0.29258147574957216,3.8468741491399188,Loamy,Hilly,500.2038711279043,2,54.75282223977529,0.8279379274550038,6.554430147763938,1393.6116855626753,4.604748144085004,0.49881943953301255,Medium,0
525.4117211236222,398.24796537400596,5.9277774690011995,4.921170309558796,Clayey,Hilly,776.0575675129273,0,52.10375013499518,0.6295696091657977,5.466953039791451,1592.527714049959,8.291842736118834,0.5026190218725215,Medium,0
80.0,89.69852315369832,1.14902766118531,8.729683361526984,Sandy,Coastal,1007.1116488272286,2,42.09405062930088,1.5494562549399398,8.637191923063973,1761.2445957921254,1.0010497892502803,0.8236586407136924,High,1
305.1502794715188,301.17810203955435,3.755217705683977,9.815234271619875,Clayey,Plains,572.3180279848932,3,59.633971368556345,0.5978141862052524,14.971553777224807,1160.319641717196,15.133121977135655,0.6189254346566214,Medium,1
694.3749547351417,334.14712193633187,4.6560996218461845,10.661429173243224,Clayey,Hilly,1127.7117337709933,0,69.30308515233271,2.8304966469027035,10.394432139012986,739.8012286349888,1.8930927506666055,0.3507611760078475,Medium,0
362.7326949911919,271.2271237589274,2.548857484958363,4.758334503338546,Rocky,Plains,792.6919163752117,0,72.1590018119629,2.2775458671501645,13.891081665869226,596.855603958957,1.8290293925871302,0.37724543617971346,Medium,0
273.9180053386541,185.10748970975754,8.361269495748175,8.788026018958359,Rocky,Hilly,1132.3686146484,1,48.272654249799004,1.1266547922382437,9.822184688496504,1537.436678485423,10.121237057996154,0.25769956072538264,Low,0
420.3093406522977,401.91246682762676,2.3464722469934185,5.601675401367461,Loamy,Plains,1105.0944629126814,2,57.563082396672826,2.8206920982826458,6.4042981494491,1685.3742228002163,2.4387144183437384,0.197786949457164,Low,0
760.1859507245329,231.5944304837581,1.341379778049036,5.183033099468103,Sandy,Semi-Arid,814.9457542809596,0,56.38455351404529,0.22812050628363056,7.1141156853133545,1472.3652756261326,10.656789308576688,0.8693466544575191,High,1
175.24766291909606,101.77766047600815,9.054054600909613,10.609638346876856,Rocky,Plateau,1498.7305354068449,2,75.69519497040764,3.045701453627481,12.01381305073659,771.4712815449222,2.385069800173942,0.6359054525669998,Medium,1
292.30351325409833,34.063061719638284,7.909396829252039,5.351336812421241,Rocky,Coastal,667.1324687982955,5,79.43553968747705,2.0318930376593336,10.703239469042183,878.9280056409963,4.800226316357729,0.27717510536905937,Low,0
674.614752476944,431.30194239991715,0.7166978024933334,7.834613788062939,Loamy,Plains,1372.1046646920581,1,42.3414631110768,2.187847830905588,14.665847283466954,912.758936008606,1.5747761696091196,0.38660834569013147,Medium,0
728.6553515306598,353.9996771765342,0.1052158156662773,7.466738407691916,Laterite,Plains,1311.2266349198144,1,63.83779388128066,0.1470680980031295,8.034856351354538,447.7776649295456,7.889881416269005,0.39873656966236143,Medium,0
434.4853163564574,290.5568256555003,0.37717922981571395,3.7877368709844923,Loamy,Plateau,1519.808772681154,1,64.37345801405179,2.117913966721701,1.0229170227532265,1450.988625764212,1.0959056136621705,0.6621802068353633,High,1
264.1420946210036,227.16704357790357,1.3505571012855366,9.898278566068962,Loamy,Plateau,960.9196137700573,1,55.5939474002798,1.499211543680944,7.026107938311954,1127.7573904957062,13.781496320173746,0.1190866247623655,Low,0
764.3765252713738,216.52019029562476,14.339490868410522,8.68084268103686,Laterite,Hilly,623.9950008252035,2,42.844942098667865,1.4635819969763524,0.5375078666019126,1914.8398141064372,2.78793648946264,0.49793783969405997,Medium,0
689.1663587623796,150.91160218700665,3.2704553864327166,1.0411281643887378,Loamy,Plains,1626.8788048653414,1,66.4651516313186,0.8544619378197787,7.327284355794725,712.937097029361,3.827120483167816,0.3150787813143746,Low,0
551.842048164335,228.22532265281382,1.868905043812114,7.83226333371203,Loamy,Plains,782.8544862082725,0,72.59492309699273,0.1,2.131471014510729,1126.190405463869,0.1458907501827443,0.29479394170326245,Low,0
328.139647659387,25.589534185579083,8.782682547368402,4.681079697500137,Laterite,Hilly,615.2600995530626,2,51.43624271810018,1.2084265315144123,7.534304827319344,576.1609277292788,22.325928643164904,0.6319566082693876,Medium,1
442.6455988742945,191.6723615837783,2.4142229700110276,10.291225919237883,Sandy,Hilly,833.5746389333156,1,72.35668328094255,1.1271784287647009,8.737040996924321,1008.7856985209894,10.065507844561193,0.6087736879933626,Medium,1
425.94598784327536,242.68749803786875,1.5147394561659844,2.663800489657726,Clayey,Plains,556.4082493450228,1,58.04840714928862,1.2090668046934598,7.394761247884367,1594.392167052175,3.554480308589175,0.3343315854342071,Low,0
499.62769569233666,353.18560566285026,11.335782403067638,5.930569094111368,Loamy,Plains,1084.152088793171,2,75.06324781831268,2.082815883542934,6.622272904918507,1227.8187434510396,15.174004381290956,0.5427389027067777,Medium,0
667.6502157197004,275.20882439519636,7.575638340092893,8.086073652965396,Laterite,Plains,688.0160663845206,3,75.03929973480054,0.7843901412266648,6.080546881456173,716.4617082708633,16.04708061229093,0.43082357816593236,Medium,0
581.9125561706105,375.39077366506706,7.423102917808096,7.163020882425625,Loamy,Semi-Arid,799.3805405332947,0,57.71732265461786,0.690506324673272,13.66783057528097,450.32888914200055,4.5692258221465085,0.4286751006142483,Medium,0
288.3935884522863,441.8962126136115,2.872094133129752,9.288874770141915,Loamy,Semi-Arid,1238.7226015827368,2,63.00833633046889,1.5151830230216592,9.409999557086111,1032.4002184797941,1.5982700340674603,0.4961647020091541,Medium,0
656.4744675029307,406.9804112588922,6.231908105856859,2.444734041972133,Laterite,Plateau,1118.292623561667,1,49.57097675059333,1.9739874560317687,0.3974954852609178,1302.8036814543675,4.006167205328929,0.5089776851298584,Medium,0
496.9698210019733,336.4611816854268,0.7906506529274981,11.955743010602134,Clayey,Coastal,905.4546003993805,0,38.517686633920235,1.843107925787918,8.664551234253299,1610.0705681792833,2.3564656364974788,0.22205287701665288,Low,0
553.0598693788374,281.4235215016941,3.4059742038574132,8.575433976364813,Sandy,Plateau,959.8057350614437,1,61.00875127639265,4.694886026355534,15.588742350989126,826.6726800413469,3.5650871918570335,0.38623118337295637,Medium,0
669.9811288917904,162.3054389903729,16.502331223658437,11.079154639002688,Sandy,Plains,904.2894007210396,0,40.404525746194764,3.2251150628318017,5.692633587319812,813.9434997100522,14.541200876744874,0.661717374431386,High,1
283.26296257296735,368.79328616551794,1.3753644920936754,9.622720507699725,Clayey,Plains,749.0957267539225,0,83.11695063875351,0.11792244073332085,6.076264497284212,2261.67814439023,1.9863321285199649,0.38127646551971894,Medium,0
444.62616319403054,481.56968586658354,6.326363642564243,6.9651696566348695,Rocky,Hilly,899.1156687032744,1,71.66186279674655,1.823603281728306,11.159190334489633,1187.9515238456609,10.956868146439628,0.4546393802433429,Medium,0
370.28181729611777,321.0527247580502,2.697132187441194,3.1474053672665177,Rocky,Plateau,1071.7945689225303,1,56.18112558178874,1.1901244399272581,3.7241039709739647,1676.8302363232247,16.428062225016678,0.09060201310559761,Low,0
214.8210861951816,510.0710978111348,0.16247840677095832,5.3093404562538975,Rocky,Hilly,855.8432548574061,2,90.00755352822011,0.9854484182734149,2.0961863642768224,567.1855936773018,9.810158774550361,0.566057857891029,Medium,1
502.00649664073796,96.93139503266994,5.759107954080688,11.768689998587732,Laterite,Semi-Arid,1046.918670580596,1,50.43598235933156,6.9687426629063784,0.17519085595350958,1360.9126584515293,4.495173865264714,0.5227400501233044,Medium,0
826.7334827376635,141.50039382645502,0.7384285600841238,11.156313344969147,Rocky,Hilly,607.1659275519335,2,53.29069879740945,1.3425938650171882,11.398921793574312,1569.1384648797589,4.980366003394263,0.731516320237172,High,1
173.9883383241371,382.6241809297915,3.992971355769003,5.14120005968893,Loamy,Plateau,688.6372220990033,1,53.14562766087752,2.796088850397326,12.347489377133208,1228.8934612756047,10.276636078502877,0.5082637545365362,Medium,0
445.15790834257945,311.7148252183901,0.35822948971743324,0.5,Laterite,Plains,642.9878238541087,1,57.232112859251124,7.510550629281294,5.073589488221197,329.7159889310201,0.27312819996752413,0.49005251058251015,Medium,0
546.081440261216,437.65386118861693,11.73985822407171,6.361930797084644,Rocky,Plains,702.2040198726578,0,54.279644923210526,0.3601317560374903,2.2270196577112253,746.0646407493927,7.989246147468124,0.41615088641358716,Medium,0
468.46173024842716,278.14340311279125,1.3796850858257963,6.136891335612651,Rocky,Semi-Arid,1350.513366347132,2,63.47874228243832,0.12356159664900698,12.350176773458726,1383.7054665067399,4.515695298541833,0.33480550296190953,Low,0
433.03079212263896,175.84294929660018,1.0271358501397407,6.2506821638788495,Loamy,Plains,1154.113577588626,0,46.01475054997505,0.8279132467051379,7.371467282401268,400.92757631476604,3.0363962407400833,0.4925740152291697,Medium,0
255.11754548312635,254.3688109353949,0.5530796826784268,8.585617605494205,Loamy,Plains,523.076908460479,0,59.535008350293815,0.10001681062897973,0.0,2466.469854444419,8.738438941439236,0.35713275476446377,Medium,0
484.91801144102453,96.07792348915191,11.67524740253018,9.62863773796499,Rocky,Plains,1053.1244037429592,0,51.48962516996363,0.27315977806044006,9.859246475399823,1769.865531893023,1.8574987774249103,0.4025980125471419,Medium,0
336.485403447611,144.56911922835585,4.977842508213791,9.970898641298572,Sandy,Plains,763.2961905730006,0,58.752104808720595,10.543904582725569,9.45675552052092,446.4755415903476,13.553346077536439,0.8226550608169649,High,1
121.51174425321699,396.6932797501612,5.413928689177842,8.337127420406102,Sandy,Hilly,661.165395084952,0,45.00502264232673,7.091388647525365,14.942400376008274,1331.257443332118,6.997900239464348,0.5927658799535295,Medium,1
629.1888330770596,384.7344897363532,2.767828047409095,1.5976878942320916,Sandy,Coastal,379.99118699712255,0,47.62575170377367,2.5857954479595353,12.196810325805782,1237.9226799723426,5.6520454034520755,0.6009598588671734,Medium,1
593.7578729763063,323.5605141767292,2.575354586082776,5.976400801920113,Rocky,Plains,1240.1715428370856,1,83.50209097161952,3.076291483228236,12.479140873224484,1744.4759829308891,4.442946053969598,0.37223690308693985,Medium,0
457.749146527662,73.47069748474368,0.4662307402822338,13.91226935064757,Sandy,Coastal,422.6478976165015,2,46.94559886889919,0.3330695209594828,3.612293573119877,50.0,1.4353148842906451,0.6357699758337501,Medium,1
484.3612032308554,236.99157093845338,3.282477883469903,8.122650204407435,Clayey,Plateau,881.812887696544,0,64.28160674381337,1.9897901102941835,1.2357247284813395,1284.872217760594,5.757459547974467,0.3582565286431606,Medium,0
611.1477019073342,133.00001336079393,1.1343166442436545,8.103458705331596,Laterite,Hilly,568.7910639962959,1,51.55831196683551,0.3689926151513998,10.562850703908223,598.943140344058,7.744028589051501,0.6093978539883967,Medium,1
483.6509485167124,421.1839904545318,15.114399714749329,8.078457819321574,Loamy,Plateau,1171.5453814744737,1,45.791925720838144,1.0459596593244698,8.092319485021427,1419.4142071185674,0.07055147875498193,0.47704935025153145,Medium,0
585.6026332141971,209.95334397248786,6.3699483714041945,8.246138867517969,Laterite,Plateau,782.9768607901174,2,58.76926777584763,0.9320232645945327,11.231904487991052,656.1700702929716,2.738205956237483,0.6699490356278218,High,1
405.37766986892245,149.71027470621408,2.1308677326746586,0.5,Loamy,Hilly,852.9380705678793,1,47.573133926456535,2.0939940617392123,8.62828272262472,1884.5697248041588,10.719345636805244,0.5764649546329635,Medium,1
646.7975607860919,283.57553981457096,0.6563925087044271,6.281427049266794,Loamy,Hilly,864.7430079744885,4,64.2160064190283,0.182705791722103,15.223171189864589,1354.5710107914117,6.001471879095925,0.328555674013538,Low,0
498.1178588899026,203.18146517984658,6.154644766402181,6.886321504615932,Rocky,Coastal,1005.8996172275242,2,56.50310058578647,0.2402722910835538,5.844104199040428,298.8756722794145,5.7312877739014745,0.7490679941870024,High,1
479.1077915408811,458.04926922444486,0.520679701423075,10.844486197760236,Rocky,Plains,904.5516673941584,3,74.03295958869822,2.071154803934975,8.209551673336039,50.0,1.5573880657785246,0.42512294057381556,Medium,0
259.4908366931952,191.8226922958971,0.8395953714336284,7.143018683866888,Loamy,Coastal,884.8543838636093,1,42.332780250221624,2.2240343332837913,4.834176712088448,1449.1519616045107,5.999480960794194,0.6298479457760375,Medium,1
493.0433781452563,112.09260889304426,0.9505955766125898,2.0604658401941762,Laterite,Plateau,718.5593086608277,1,61.313150435865715,0.9137420957640341,3.6250485471753366,852.5608498340812,9.25488455396906,0.2813685486987258,Low,0
325.20676237583234,21.650378109098142,3.255754692811032,8.290267468515257,Rocky,Plains,348.8447193302675,2,62.444018575333686,0.34945825588145496,14.6248765349617,1486.8457905302753,3.0825433488986587,0.4792492133262678,Medium,0
354.2575910207259,276.3056197103902,6.186916519309628,4.588526055271764,Sandy,Coastal,508.5071641603506,2,46.04101417273805,4.7789678026858855,7.433259233498186,870.1130566618813,1.2060335750591542,0.5735720242245725,Medium,1
327.69365575258183,212.56838633704882,1.5093470540778653,3.349643076755747,Loamy,Semi-Arid,1151.4679085382259,2,50.03172829439233,0.11968466292518909,20.326348904209347,1801.7559095038928,0.4825393592889501,0.3611551232525215,Medium,0
290.0647602151163,108.53144721859277,0.35388168033972806,4.497522859850258,Rocky,Plateau,792.9631878357958,2,40.91855386922002,2.779999595569655,1.2824469218248495,1704.6183053161576,4.227623349961094,0.45155093830844595,Medium,0
768.7157104525443,422.70717535069423,2.498504875935512,8.627512688993546,Sandy,Hilly,667.5965777971321,1,39.279474300702674,0.33192475560248397,8.485979384946555,1415.9842109646404,6.909394052743478,0.6286796696334225,Medium,1
649.7008592982604,360.06941769150905,5.515055008427148,10.776283719280205,Loamy,Semi-Arid,407.9951494536843,0,56.577032316861654,2.2316426579635973,8.8033356627506,750.3832919398449,1.0650018648985347,0.5706433566480507,Medium,1
738.0551253216393,276.61385452753245,1.0023870793153853,8.44878983553276,Clayey,Semi-Arid,298.1235009683768,2,67.68211676444011,2.397164831881479,14.23452266951041,906.9523396200883,3.2833157202930114,0.5328145277380488,Medium,0
266.5657470666654,443.719149300504,0.9934585227760335,8.896069670851064,Loamy,Plains,653.8775919551306,3,56.420737854854714,3.588125588665234,3.590845313903259,1070.4867680950013,5.044918261934937,0.4205791820802514,Medium,0
460.6880624866339,359.5043240078336,11.767024403570035,8.419135818514004,Laterite,Semi-Arid,1210.8184989158399,0,56.922205237435755,1.1056502162397084,5.0198335146376944,675.1269721604169,1.0166103255800458,0.6649751778226084,High,1
255.97385621938562,181.25729181778811,12.329845491951696,7.303981530581405,Clayey,Semi-Arid,705.0254322321886,2,42.42008471545214,0.1,0.9268916061556034,1530.7113831276977,1.8873600422156103,0.6565636999666379,High,1
345.6457684204404,155.29358032110807,18.611451276522505,9.090791904888274,Clayey,Plateau,1040.1699338345065,1,32.78060417474628,3.665793118879984,15.32523839495778,1037.1048154992625,5.625291311817708,0.750842634804733,High,1
312.2809524875138,378.15778533446337,6.5939542729472365,0.5,Rocky,Plains,688.9290597107148,1,62.104622092792304,1.2916405242995956,0.0,1109.085824902457,7.746427451399497,0.5011386701700505,Medium,0
635.9376009662342,327.5640347760821,0.8339270954628513,7.3332650539144995,Rocky,Coastal,1123.603343610097,3,50.071738720299145,4.1313900895695905,8.605295845294068,939.8715360194973,6.063499749418305,0.35633190821031513,Medium,0
390.565548284736,300.3697321564794,0.9529349545474562,3.8652248961332454,Loamy,Plains,776.8872193669658,2,36.38914786402726,3.291292488815208,20.488084775986135,1190.9793506371655,7.502911845370661,0.5273975201810673,Medium,0
610.2569000541025,178.4202636557311,1.6634271089726804,10.488707717632419,Rocky,Plains,468.8405140573263,1,51.47154952180674,1.5174863964094547,13.688631530343514,1287.7392486049614,5.226534547921118,0.46382475837749676,Medium,0
540.6181334382777,352.95370804069046,1.5316798699646623,6.558534084349419,Sandy,Plateau,805.8664262351947,1,60.992096980487474,15.0,14.157329498864879,926.0713189301009,10.841223220743409,0.5831517427121682,Medium,1
795.5458128157184,189.3401340239261,12.542529817111355,7.092844264803491,Sandy,Hilly,1541.9001463981426,1,62.83092211471191,1.3640798092940334,16.56828267710836,1081.6951056429411,10.517632007878229,0.587024267674672,Medium,1
228.0833665290414,267.76160144875865,6.224991347048485,2.48478437723859,Rocky,Coastal,1526.459510442799,2,60.38669442870718,2.623255560548582,8.865876625259716,967.1577165352901,9.545096538914994,0.5891507146326221,Medium,1
638.8849859680198,453.6332975664376,5.149545077720773,10.050492667038554,Rocky,Semi-Arid,1070.2866559727777,0,49.65362324623834,2.437750295366299,8.833766663868056,968.4289352978813,5.140467755248262,0.23545578946249188,Low,0
621.9661305601091,200.6998917027825,0.8229989388415431,8.881984360821427,Clayey,Coastal,852.0294146052041,2,65.13318579678284,1.6058890923772922,7.985340941298016,1210.2910258494358,30.0,0.554189551104542,Medium,1
303.9931742959448,91.2412891512567,9.610751568234159,8.67084364702151,Rocky,Hilly,1006.3656307332792,1,57.75480124743781,1.93670660715122,7.6144204411030865,50.0,0.23938461870114344,0.45339472032268896,Medium,0
601.0700004709739,153.69433697558674,7.038029913864016,4.5609314434935335,Sandy,Coastal,1010.8983185566514,1,47.485093720690976,3.5255127688080656,4.93758343032304,1901.2889869413398,1.3063478104718191,0.455846979019193,Medium,0
500.4217444539343,399.3158592025148,0.714793352714581,4.67908046518561,Clayey,Plateau,886.0396366715145,1,44.59469209667296,1.865003605219261,14.913297169978847,1581.4688539096394,9.929037673615285,0.3882600252028883,Medium,0
415.87856100698883,310.5677364856251,8.19705659967438,7.670798363337716,Laterite,Hilly,1054.3304069729159,1,60.35551817755687,1.3158347027939759,5.366293413180861,1280.2399402675494,10.50229522621083,0.39952938041724567,Medium,0
326.40967695420005,264.53471455734956,1.271177244372461,4.916504769255846,Sandy,Plateau,972.8794017537472,2,68.42761919336337,2.386897526279014,6.587970619824796,1618.6604092293103,10.247361305018629,0.3970511639496426,Medium,0
342.1335822826221,218.90874336261166,0.33730972797261227,8.304678888032015,Loamy,Plains,789.4096651224902,2,65.12402901471167,0.1,1.3778236139108042,521.6368191736196,12.367909521374802,0.2687873919383245,Low,0
757.4718143678889,338.2431889063828,4.27802763660566,0.5172621916998335,Clayey,Semi-Arid,481.660120215725,2,59.95866702436298,0.2543826291281825,12.151231236740442,326.7191313376885,3.295402538105994,0.5476759409560726,Medium,0
450.1024228436224,178.10741788117318,4.243008379918927,5.5373663307802214,Loamy,Coastal,738.979265222942,0,65.60064389622578,0.29484136625220425,15.9629681391907,255.4204776675631,16.114814153797997,0.6595140528017561,High,1
567.3195002297189,316.6798682371115,0.3989808422093636,12.390260396279475,Sandy,Semi-Arid,1179.8315971757588,1,86.4572746497106,1.2203866338859215,0.0,1416.3829616206904,1.4080371418615028,0.6127139707111667,Medium,1
331.365092749867,192.24945174244516,1.535901553932706,8.318457483987295,Laterite,Coastal,888.9882214266224,1,61.45402418076873,4.518735355765139,15.738153183044822,1270.605921709868,16.58281951480033,0.6071484555827432,Medium,1
333.0220580667542,172.28087376699352,19.742739678395107,7.500380993592978,Clayey,Coastal,1005.1004120556267,3,59.88908967224403,2.2678590917383215,11.690760631727276,1379.8146248121634,4.880760496730161,0.6246797855044613,Medium,1
612.2977213874913,203.5015078209986,4.538118659674596,12.95567960701407,Loamy,Coastal,800.9445653034556,0,64.53525927854396,7.9153511838586,14.352080220542426,1667.8700531811132,1.0739280350468818,0.3677422348993745,Medium,0
247.56356826727017,234.95110642192458,5.238447014279764,0.5,Sandy,Semi-Arid,529.1408732462813,1,67.00378688032625,0.1,9.867000380450083,50.0,7.992589741960668,0.48464312096124723,Medium,0
387.7179348142093,274.1404196879556,0.9576877408138486,4.554066655635678,Loamy,Plateau,816.479599794862,1,41.969381153683635,2.8163509150266535,11.002527769721528,599.343250515483,2.1048326362704786,0.34189522859916727,Low,0
455.1041116608348,308.2546954133337,0.32823459428739066,5.796480484757833,Loamy,Semi-Arid,542.140434737727,2,60.12546766352771,0.8297773217055183,9.660938995298574,873.4117018985828,1.4942890589252782,0.34324532986786005,Low,0
466.70589027600784,20.0,1.296840362420589,9.57505369901617,Rocky,Semi-Arid,519.7987892387571,2,70.04642347109221,0.1,3.003589737601236,1532.793229699364,1.1329982049342686,0.7069397379240264,High,1
423.1360072475766,183.08193307038823,1.1448573214798308,9.62696908968471,Rocky,Plains,1321.9728131042934,1,78.94771620471504,3.8462132418210646,7.394509172863264,1274.4078038410137,0.17907790216304625,0.4688991043918317,Medium,0
509.37296716438846,233.01160271727528,1.0691347037070646,4.401979873052122,Clayey,Plains,752.9698982730242,0,58.24225249621878,0.39064330496823185,5.551452435768239,2516.7905138223923,8.680191386697153,0.4875759461873191,Medium,0
553.9283633726717,460.6074446329996,0.8565088927908485,9.993862966427649,Sandy,Hilly,640.4803460889882,1,52.54873431552681,0.5299663514991259,13.429466275343433,653.4356241210228,3.999081424271469,0.5112760502863494,Medium,0
560.1956318188995,150.39968699414413,3.4203657188056686,5.790055698034878,Loamy,Plains,1466.285889533317,2,59.97962463346328,0.9156873871832233,6.652707000373413,1461.1542776791484,23.103351561573717,0.39911561352808694,Medium,0
302.129428699826,299.5355941719895,1.5906037288915655,10.6349188769475,Sandy,Plateau,1185.2447623914845,0,50.27300441908549,3.4162808640245625,10.442933908038022,1675.1251270483992,3.471111445473462,0.4533670473320305,Medium,0
407.37673531068043,459.4036371683005,6.866868070689953,3.902071905633827,Sandy,Plains,769.9717710743566,3,76.83144897501823,2.155423731347332,2.5602437713070056,1932.3569019446832,11.122468579560064,0.6042672224579071,Medium,1
629.2144292815407,122.44377640632726,0.8131059487264318,6.630065202801518,Clayey,Hilly,1049.672713943329,2,63.770428338023734,0.6769309069469253,17.214484259434478,1097.4439182469039,20.669886239548465,0.6110065531239169,Medium,1
584.1970781360808,327.2770271037283,2.4991668445005777,5.529498053870319,Sandy,Hilly,817.4740886087541,2,57.36902255081629,0.40592454806848044,9.305384501415952,548.8673984107114,0.1363091065328525,0.48468824397270194,Medium,0
244.07108227784042,183.72737992785756,0.055007850789698304,10.168091114697141,Laterite,Plateau,657.5621122521401,2,71.36290751443372,0.25525796156601915,1.231538920590184,1528.0322705348183,0.6677275596007447,0.47843200899706,Medium,0
502.72198505283023,219.44395092529186,2.6286677903467326,5.431656350301487,Loamy,Plateau,1066.1419285697516,0,44.15896427509615,0.3570669437991208,13.05133080003145,1345.8971355361305,2.565010780970498,0.3145506604777894,Low,0
153.26621259377845,183.62669992560225,0.22983100531873063,6.872654412964732,Clayey,Semi-Arid,786.4943401379289,1,33.13637065494518,4.457317933151325,9.254673471007631,1487.7730561889496,12.246689881534062,0.30049033978447365,Low,0
457.04023530905545,192.1771229900937,15.216894003169987,8.520434192989148,Loamy,Coastal,926.4243031497912,3,63.06053755120584,5.631661753137043,11.95581495438162,1875.2679178639387,10.919118638087163,0.8035768880595127,High,1
734.6650525118965,606.6294577487791,6.253885564940227,8.63577544907836,Loamy,Hilly,1257.477132214885,0,70.8877014191815,7.569543811127279,23.745764588463842,1081.203649423919,2.7411980465220247,0.4539671397234308,Medium,0
307.8160924096521,381.3347046485999,2.6942526351852902,9.660857822419516,Sandy,Coastal,1218.9245863283818,2,56.2923508516108,3.960409598895227,13.728530747733343,680.7081252296178,1.3381415816124624,0.4266397791486413,Medium,0
324.8515431762627,412.20854341434506,0.362270151711174,7.633374330534,Loamy,Semi-Arid,707.4673478503732,5,49.850617849540086,4.804420815813687,13.469990285862401,1483.3215918923786,9.726661068820984,0.3379768045166599,Low,0
564.604467235929,339.03921842037954,3.5903218705299333,5.745253254160506,Sandy,Semi-Arid,1070.1110608004801,0,46.51836543275479,3.7254408007424584,6.223710827784533,1354.0395514080467,5.451640810080805,0.5525258498778588,Medium,1
218.5797727185531,87.24918539176502,5.687914152461855,5.9509037639237485,Rocky,Plateau,505.2503138489854,1,43.18629474917854,6.977111630458987,8.536393596048361,1041.3260108202844,0.19266321904869294,0.35483304531529675,Medium,0
355.08674551724414,327.39495643879684,0.8464276845476562,7.0770169456228365,Clayey,Coastal,1057.6449564604968,0,65.98206540183781,4.110784981849069,6.217619726086057,694.406524807771,9.784457547718073,0.6836517249761329,High,1
539.4661706372628,408.7515537408816,3.3592483096367394,7.74877742822315,Loamy,Plains,951.973357030387,0,67.81550540892904,1.3637837471560068,1.4481789400758567,1371.0181203404384,18.873872954981593,0.6547398481103335,High,1
354.8571228465895,177.59206311530664,6.7325724434023,6.558485056454691,Sandy,Plateau,1032.6427768272008,0,69.01710437817317,0.859011396367052,5.854569061418956,1628.239381023365,0.257989863682978,0.5180140301619561,Medium,0
414.60450191835423,395.8392000593352,5.8483459405519715,7.057610262896642,Rocky,Plains,795.8943358745186,1,58.08723800013185,1.93067489270395,13.67613737590449,404.34763691051546,2.0201718326414326,0.36172012326619574,Medium,0
561.6278565472552,364.52034518248945,6.498044130496601,2.448238418283684,Clayey,Hilly,1629.4249457783715,2,44.12714043220001,2.0613146874397095,9.91006891531656,1221.946257669472,10.270982882453026,0.7038329793460354,High,1
513.2319125304842,502.24480537764043,8.45856497942534,9.002065853364034,Rocky,Plateau,584.5451023328901,2,49.42109297209847,1.882023099796973,2.167054838780059,1494.9830670968208,5.2717978603827556,0.5842339358319718,Medium,1
490.0227594443103,229.86603849836575,11.102026438749549,7.543336866668289,Loamy,Plains,1240.0430988389617,0,65.18370236552849,2.6986280683321167,7.460722468967147,2100.134542803259,27.256680197164705,0.5336812290741995,Medium,0
399.1316581094942,148.28668212691278,2.0802805934065303,10.005611240623265,Clayey,Hilly,538.9055880810839,2,45.55234539863684,2.641247853854976,4.072105412970959,1233.4001590555624,14.826235773379098,0.5206504274619467,Medium,0
505.5091672903433,236.6046268752945,3.3644464292914957,7.000481522221254,Sandy,Plains,1076.5204611202623,2,56.77794371367774,0.2007108803056424,10.331062573167472,1977.421684605989,1.17807172098748,0.45910237174002877,Medium,0
431.4400979850365,452.26851917963484,6.255173162066966,1.784807264434641,Sandy,Plateau,1101.526492038124,2,45.79019530157652,0.7396481512759295,4.579345994415755,1619.2031512457907,6.725667616332613,0.5270833011306333,Medium,0
518.6708414888677,60.59129429896444,4.777936048518602,5.924661432079976,Clayey,Hilly,919.2415550467998,2,49.63813077815173,4.85321033286897,5.225008735931848,1629.4019215216892,6.355547238792611,0.4770730786597916,Medium,0
375.46019623230325,31.79491414827612,21.63273274289441,6.40021023064475,Rocky,Hilly,726.6364563097036,2,44.17717585159763,1.9617039652982011,1.5723923054748896,797.1703948456104,0.7049850955236543,0.656690753165028,High,1
422.6146538430688,290.7274334717936,0.0550882078030255,9.228709916300797,Sandy,Plains,949.3972117608546,1,58.195374272523395,0.8762116975102107,16.32312050064982,2438.5380813862885,0.5626930686195012,0.785469126336119,High,1
301.50633111719793,226.88928486710125,1.7548460755642032,0.7891793664598143,Rocky,Plateau,993.453616700561,4,40.443115032108125,4.180401132552042,7.738648393753316,1231.2499328412434,5.056068924657271,0.41042672611000974,Medium,0
444.7488584990646,280.92734718108215,1.3197310497873416,7.1235385508468045,Rocky,Coastal,1526.4777702071988,0,48.875577066018124,0.6300930560970637,7.433712073499629,1301.7715859645596,3.0947589512101197,0.3106090431705787,Low,0
328.3498704556733,393.4374125483038,1.2169581089835706,8.541025647379918,Sandy,Semi-Arid,594.6809001448964,2,68.2134762315284,1.157810497283903,9.668365326106063,1209.853077727388,4.730630244029404,0.4469633221647923,Medium,0
282.89303247570103,213.6916784657377,1.0068397645089031,5.015536344155441,Clayey,Semi-Arid,705.4302762900994,1,70.58585462178549,0.711294854821155,10.032484105142345,1819.992859056155,1.6373791554320738,0.6870208551277938,High,1
488.7991721783082,55.23930028832552,4.939430688811842,7.223884029450542,Loamy,Hilly,999.6574449742677,0,66.0494347851301,4.511450125243431,4.5734380665440515,2179.308099989352,4.880550930782993,0.41885446115470476,Medium,0
481.91096637864905,525.3377868639933,0.35427351005488467,5.118890472550467,Clayey,Coastal,810.3811733616619,0,74.98500642336613,2.866633274661923,9.182364905118936,1529.8119384689498,2.9011628642371976,0.36413523156494565,Medium,0
567.4310602422859,160.33260550734687,5.413122778981219,4.811281200338828,Loamy,Plains,864.9856367942899,2,42.16476318035031,1.356528991872009,8.46063714289051,1008.1149197895912,13.110813637418717,0.4644244432812549,Medium,0
385.3311645637351,152.9155453585483,4.729182407456124,5.774740449606049,Sandy,Semi-Arid,1274.6231423773163,2,56.903673730882225,5.923899070378084,13.108310047696012,2049.190033812874,2.19244920255497,0.5033873509603819,Medium,0
511.20792702551336,412.4464016467116,1.1550192972488873,4.8679240225989675,Rocky,Plains,150.0,4,58.90587175145201,5.771496190568914,11.759214695644834,569.1574664874157,12.279967021200182,0.6191162958815035,Medium,1
532.6196358410494,233.86130547501784,1.1658704244204645,9.050854935808998,Clayey,Plateau,690.717729243766,0,81.42230262655137,2.7349232737060407,7.953025446304811,852.1504809769369,2.9657028109017842,0.6446115056600736,Medium,1
516.7160711747392,272.3932177558227,3.964710024880081,4.795144369493867,Clayey,Plains,290.17077081206276,1,55.150437697672395,4.896243224841379,8.120796577626205,506.06544516074325,5.178858859382825,0.44703819663166133,Medium,0
326.1519475796787,337.93481488723813,5.744815177875546,4.291269978856218,Loamy,Semi-Arid,481.46424708357534,0,67.61572520064527,2.795761315123535,6.938588097908133,1016.5095715883008,2.024403141839778,0.6092623137841741,Medium,1
472.40452234067834,410.0299723731995,8.365590545916803,12.3037860005186,Loamy,Coastal,1741.6185722253645,1,78.32324975970012,2.1767484713937684,8.544202187726759,1702.0546182918479,9.93568600546294,0.5367552117128921,Medium,0
504.6210444081992,239.98471681818737,7.645945796552161,9.882220035472105,Clayey,Plains,1109.3588468834646,1,59.5635723945597,1.2013718606168011,7.8372153191318334,1088.4581781938004,11.133816930536828,0.4168599228028857,Medium,0
451.0767700361913,462.3942407097159,13.396279076338615,1.4154599180223997,Sandy,Plains,1233.0477237703365,1,52.370531326668385,0.7028453861206716,8.794071686743532,1229.4413465434386,9.934473844740285,0.8226097891345786,High,1
137.02835124433727,23.704018151823334,3.483213543430126,4.7056951304423995,Loamy,Plains,871.814622574749,3,53.409383253264515,0.13672829948374124,0.6598237651006906,1382.1689954851688,6.127182645471667,0.6203279226491134,Medium,1
474.073443596022,371.17446843436926,9.57247150995935,7.727388915168133,Loamy,Hilly,1165.5498386911686,1,37.46283518747755,3.5503539678708944,4.799623199171715,1085.7343703777678,2.18119698182778,0.5423438855951527,Medium,0
781.8796559095863,179.25669303788112,6.6117471393137475,7.9712652016944805,Laterite,Plains,281.70242236791273,3,52.489996625872536,0.2866477765100677,15.183629273967,641.6489399805048,6.071662768909726,0.4286107190833231,Medium,0
395.9941096864526,444.67255799295896,9.002537782773599,2.5285214027893197,Loamy,Coastal,1263.4044441193603,1,40.94368763127723,1.1620946714646991,4.703264874383847,373.01888119207126,19.24045006636102,0.46980669448493384,Medium,0
340.78843532170185,297.0453374596654,0.046778874846445134,10.475696478466965,Loamy,Plateau,613.054558504035,0,67.38662454878718,0.5882830978644761,7.30456722059164,1853.2267534128468,6.27131674878213,0.48239232333735055,Medium,0
506.00228395670973,199.25136015887182,13.514182546168763,9.475673257544878,Clayey,Plains,714.0394632359304,1,39.25409139668085,1.333824864938163,9.055530725284891,882.4561384897772,18.79522658139194,0.8119406937461937,High,1
496.85673156998575,359.5409311625959,2.5662449536249543,8.445704896121017,Loamy,Coastal,1076.8028746591283,0,62.706885394645994,0.8322882227931908,7.140546337863885,857.2687941244844,2.1794397025833763,0.4728661784261526,Medium,0
628.9102748124621,387.18260166487016,6.401575524522796,11.070185472136362,Laterite,Plains,1010.7563655037753,1,71.65231001781471,3.8943466259127235,5.174784957500269,452.86046845193323,11.224857773890072,0.7009593062133544,High,1
261.3197766136668,357.0272947430366,0.54421425662259,8.356869977712755,Loamy,Hilly,929.617016937742,0,66.74756662745487,8.414697198756178,12.603342462475732,1131.3091368373523,7.605065274022196,0.45083325554227777,Medium,0
559.7070378862488,156.43645124403275,2.0163342492625214,8.345742637755542,Clayey,Plateau,422.91634624688845,2,52.203777875761574,6.247263662811602,2.814615168989299,1471.2855329419122,10.262318606034594,0.38310624105458085,Medium,0
538.5633091877195,221.91794516534983,1.2668546303154253,11.673037815466728,Sandy,Plains,934.9347840875746,1,67.16614654505719,2.142448403963556,0.0,1017.8671915631853,7.443052456107527,0.5015839829134008,Medium,0
428.6780194589181,279.5112595454278,1.3793173553030955,10.303658742183126,Loamy,Plains,1236.19647371913,5,58.116123547483205,8.528276348136668,14.443619147419678,1375.4657270970622,3.9277471717834196,0.16135671624837558,Low,0
500.8030976882535,275.04884168199277,0.5261591998537568,4.475477623265406,Loamy,Plateau,713.629516365072,0,52.51225662141465,1.1264677161872119,1.5503242464898435,211.91023354917752,6.961170709565651,0.35033614335082985,Medium,0
604.4186222397536,369.96945705260174,6.554722009090171,8.899585536015746,Loamy,Plains,1360.2279658691036,1,53.63894504318959,1.6261626128259263,11.621149660728062,1285.262179182512,16.137424166863372,0.6050783756532647,Medium,1
580.8473070042676,38.21185209920702,0.03714115907563763,5.007196405124254,Sandy,Semi-Arid,594.5578224300967,0,63.31482456945465,0.6530857178329939,6.061410005677523,995.4730217512157,3.2429807873794867,0.19609778017045926,Low,0
278.5471031889407,320.1192465464204,1.4988055476237363,8.512463652850833,Clayey,Plains,902.2917621014308,2,39.320231019139754,5.021744699235037,15.511281366349124,479.96384318253115,18.187571318906507,0.3670826605850198,Medium,0
573.0237280133226,245.2022374676032,0.7666306188204015,8.429840521059443,Rocky,Plains,1437.3647066818144,4,51.95121772317596,0.4358117968682813,6.760106653216024,390.7951549403331,0.3039714041882249,0.33863620952894247,Low,0
440.2967092451222,179.37992603392573,3.5570272599211337,2.849598062632042,Loamy,Coastal,661.5100305551366,3,62.496865697950355,2.0742903571980067,5.293023189415243,770.2687982571424,0.08564444117141051,0.2914175811755463,Low,0
460.9311147023273,190.90158666764805,1.1734723093402755,6.634463166066895,Sandy,Coastal,1268.8949191819759,2,51.84812996251609,3.5347668926595626,12.437991286676692,592.7528045225923,4.084974398745808,0.4409710299431951,Medium,0
460.9795486502542,254.25548025784437,1.1990102721245586,7.795771070741207,Loamy,Coastal,1591.1283267776332,0,42.49839434303641,1.9906771652663122,14.198865483209481,1373.6133246468241,11.3235309028695,0.21610374513774586,Low,0
427.463551680261,20.0,2.6803652384735845,5.691129427017529,Rocky,Hilly,959.8654241234526,1,47.30408138121325,0.18051266065554386,16.09815117406893,1417.5798272891545,1.7088002516090353,0.47787744997573905,Medium,0
628.7561245660597,195.845251505014,4.230139040405305,7.944129827172279,Sandy,Plains,715.5440544158425,1,60.06536160334666,2.079715845427598,0.0,1285.922285492138,7.093734739766799,0.6174738011705629,Medium,1
437.4423060226182,174.9022210424448,0.5172683620031054,9.417693331003207,Clayey,Plateau,629.5414189674917,3,63.79444721507108,3.205526107575964,0.0,1388.1558291997248,4.749920389066037,0.21372630998742978,Low,0
282.06808074252467,343.93398511871493,0.7719681090944475,6.908220807307734,Sandy,Hilly,1356.610946171564,2,71.01495798196984,0.45769533520020994,2.554407845406411,414.75734271278725,2.061664849663123,0.4843293773628037,Medium,0
390.9705216045407,183.33679809873755,1.1356885705917443,7.673798430124778,Clayey,Plateau,1346.842969768877,2,67.36939436410921,2.937928417479491,2.411324998682584,1453.997203040342,2.019497963793772,0.36986617425901314,Medium,0
476.80420752157136,254.18634397954122,14.560085034628726,11.150272235667925,Laterite,Plateau,1407.2581930040365,2,67.22906966899674,4.638657745564949,5.534181749555736,1533.368577996902,0.4565982541716443,0.6483283584475455,Medium,1
634.3822176445576,465.0731953193563,2.024364065205194,8.419589749675678,Laterite,Plains,888.5065772704186,3,34.94103041730779,9.464390858998625,8.253850023180119,1336.9523899982817,4.6099925387560745,0.6569205310290703,High,1
540.464202742325,399.3221823778508,3.6550765613502803,7.602472869023421,Sandy,Plateau,1263.2324295344868,3,67.03593999082202,1.1610130272829435,8.957659662877324,1150.944271086935,3.588559437841572,0.3069906615614275,Low,0
322.4197081879434,388.2725679932143,1.1058757028402897,4.125761861075918,Loamy,Plains,882.9062131058754,3,51.79375061560139,0.1,10.769067612923498,828.7549349389603,2.0500679321024444,0.5338697311213768,Medium,0
822.7784875018338,220.01530835069778,2.696983956622435,9.013078034166547,Rocky,Plateau,590.9307074370743,1,40.70147411424466,1.1949091100388343,4.512032455475554,1369.3331402791505,21.126448222768417,0.6658935385959049,High,1
489.71629664669695,345.1638735147583,0.30803900263701034,7.990449848175816,Laterite,Plains,1293.4618747893235,4,64.69492194566202,2.374856009075331,7.5498178923782495,1008.848354120618,10.238163067509639,0.22796873708607956,Low,0
641.3086106998522,251.93226394556874,0.14144002815315615,10.851218301104225,Loamy,Semi-Arid,1471.8545973973717,2,60.147042313444345,4.883476375068269,7.687085692451255,1661.405073774186,4.466021942475976,0.570733069257802,Medium,1
427.24283496341565,256.4688147187675,2.5299662035527364,7.140635629909934,Sandy,Semi-Arid,542.7893095265381,2,68.61724651646166,6.1211230941680554,8.08435905777884,1338.6687812001194,4.4251560615459375,0.4311316704319146,Medium,0
530.0038867058174,329.162241249586,2.0343743831685,1.5512004995980124,Rocky,Semi-Arid,536.1991629847655,2,51.58682368910456,5.287135050740031,5.472243248510292,1115.9068760297394,1.2911392317351644,0.5136741072727519,Medium,0
575.9202756777607,208.3607693894881,0.5888076725202419,1.8996373935152144,Rocky,Semi-Arid,913.9936769805436,2,57.93153725258935,2.36021923417176,9.063594196514597,1028.6403839734337,6.283989721208155,0.33313457317761813,Low,0
632.7292067631383,459.1603725331844,4.653901740148393,9.207042291279201,Loamy,Plains,1234.64501200935,1,36.39017385598618,2.5241700843452355,2.813478963898131,1120.6981735868849,18.427326317426257,0.42661793942369813,Medium,0
608.6052458067338,260.78438324824754,19.792609167199444,5.28941920690554,Rocky,Plains,503.1632821861163,2,81.53147295040891,0.1,16.60278477701072,1123.1089060011445,13.713749053303692,0.6229705806542918,Medium,1
580.8295500109467,354.2032679511598,2.0143860752763705,8.310303253331492,Loamy,Plains,979.4555079345671,3,41.94000813677296,0.9946953096181584,3.605620558532239,1161.0805434276785,0.5314860094514008,0.25097861748603395,Low,0
402.7369903208837,454.6720575108758,3.9186118968480854,7.342697933507068,Clayey,Hilly,693.3505660790869,2,48.27650665884856,5.2219444886659865,9.976890808617545,554.0417391509651,0.32735292660416815,0.5817807878530405,Medium,1
364.2380937065908,403.798452949021,13.184749485060943,6.499480996918238,Laterite,Plains,1145.2901849387508,0,45.63090170615228,2.5738908804379936,6.377615595176586,1319.2826661548097,19.50298012151736,0.7156613182851194,High,1
499.89112654862964,110.92970767713703,7.124108409380161,6.71091614323533,Laterite,Coastal,620.7396124764384,0,60.47875354320498,1.3881182404962167,5.542315572700623,1285.1655215288442,1.3381551895142048,0.5955009911009297,Medium,1
589.9692108511604,333.3875074011861,2.4911442495249614,4.40383148486432,Rocky,Semi-Arid,1170.1310500959628,0,47.82295617678672,0.24221256121770604,0.43973100803130016,610.8632309742562,4.7965698840882425,0.39900444344319513,Medium,0
416.5918948835089,382.08632733527764,5.349856554209999,6.952666933300987,Loamy,Hilly,844.6248162138021,2,70.93858633757705,0.6221225571797575,5.2911656660238835,1315.1207893402639,0.46588720419384316,0.40576571052810295,Medium,0
609.775794857158,387.02356265928984,0.5484829189529542,5.246519701616804,Loamy,Semi-Arid,572.000816711635,1,61.77762913445661,1.7809151683586797,6.788536655760123,1194.209443437677,11.12043925320239,0.5242179137074856,Medium,0
667.892511822927,146.40461990624425,2.87061085740574,5.883230439622886,Loamy,Plateau,922.2914843994109,0,40.118255533100864,5.011395944189644,5.105975100095319,784.9127249705332,0.7524577187504262,0.31535103412465,Low,0
312.5518621389871,201.15577155792113,1.308798989533435,6.029052865872517,Sandy,Plateau,221.70933992907658,2,67.35849662953204,0.22158039220616826,11.374754764929879,1503.162042239972,6.192855674644486,0.38816169307042864,Medium,0
324.461894430558,399.34698828899457,0.70295876141083,6.319920190303842,Rocky,Plateau,704.3168997632711,1,68.94296416270943,0.3672831542758465,16.35750556570743,1869.5448515236017,0.3497674046596994,0.4927909335520352,Medium,0
428.94374116419954,188.5887555180825,2.2224615446742697,9.76652036952126,Rocky,Plains,1018.0903746136315,2,49.2576975558871,2.341296267579428,7.646167708714542,913.6267742464308,1.0223949812950468,0.4349454982255374,Medium,0
496.1419002283795,244.03647320028227,0.5617156093686977,6.6106275123859195,Rocky,Coastal,279.88582733883663,4,44.26775941741313,0.7663747261619019,10.558418202556734,1252.465868612341,4.306374050735906,0.5430070876772554,Medium,0
371.3149479349423,469.10509714023635,4.802382163814856,10.071107009770296,Sandy,Plains,150.0,2,62.784037028810936,0.4091400811527399,14.195796828925015,1824.4157528069363,0.280570464995966,0.1818640952849138,Low,0
652.8304018300717,274.26408995382525,2.4369895478395844,11.613564853979444,Rocky,Plateau,150.0,2,65.90394743070296,0.4323998707045179,2.6513570629762135,103.76714178897873,1.3060470061387508,0.5937328970649111,Medium,1
513.6100292277677,192.78710345993883,3.029843772382292,9.56483395316845,Clayey,Plateau,1364.4949944251296,1,45.958471972434594,1.4926597368473262,16.864551587525753,2146.4299807678312,0.8782917304590142,0.5347530480386281,Medium,0
455.9170572361109,174.68591717645137,0.6330575653095445,8.603405605205534,Rocky,Hilly,873.1343455330448,2,69.08271692836263,1.9282019646660693,1.4033414204150603,1240.1723592535807,0.24852698634818943,0.49460572427873534,Medium,0
234.61357141972087,319.92631955022256,0.6022296584792747,7.9804966284505605,Clayey,Semi-Arid,713.6371120974845,1,51.11574819809953,5.163518817438237,7.9938757110354155,1578.7745476050122,21.242088500095235,0.3616118870834603,Medium,0
252.62762753587393,120.02223898273493,3.502663205576161,9.59607612715021,Sandy,Coastal,1230.8041574833903,1,72.19833225093737,1.6601941404522236,11.371100735085793,348.9716806635039,3.5888362807626626,0.476260196502037,Medium,0
492.1513875422709,250.31968433242983,16.801420577695296,7.268082215788718,Loamy,Plains,758.4426111358111,1,39.04221924138902,2.585659496786852,15.727764114810324,517.5122760311056,11.751242084202563,0.616226568871883,Medium,1
130.11065607677455,319.98766419880263,0.4048126034492704,9.953709537871596,Laterite,Coastal,993.9616649533561,1,49.200214260433384,0.438433196276291,7.948746948549318,717.5394957893855,2.6610840752004647,0.49147139178650623,Medium,0
601.8956114466107,435.8979784657201,1.3459849476052446,8.842317415869053,Clayey,Coastal,909.014372823142,1,55.49911344659321,2.7497319031817793,8.516678792109188,671.6696779046126,0.26115368533080086,0.6971525277591785,High,1
426.27692334415195,360.1057696443995,8.144275272191026,5.920478617658836,Loamy,Hilly,735.1502027364577,2,46.10573521688646,2.3014122347319916,16.151422473497362,50.0,7.1375358893279355,0.5647601588091403,Medium,1
936.46394543921,194.31218584213855,0.3000668232694784,9.687552640308418,Sandy,Hilly,1002.951059361187,1,57.62016268851774,0.5358727181180734,0.48181951826851854,604.4608631057907,0.2371507101413938,0.5900100159294797,Medium,1
796.1874375924166,421.4103181076464,8.346210143647786,7.274440017932705,Loamy,Semi-Arid,1170.6414274970507,0,53.83838971930061,2.4349114507113367,2.968033259784791,784.4887414499051,4.828257620768095,0.7158374600176794,High,1
422.78263961287246,244.0581954943027,2.971753642863004,6.681603977163052,Sandy,Plains,835.2826840440542,1,55.483905296085865,0.5227481225936997,1.8763944126192644,483.1990573002373,0.8987453059254957,0.5415461647173869,Medium,0
434.04944962030277,131.71563735407094,2.0987975091822197,5.571402518803039,Rocky,Semi-Arid,738.8055493958848,1,53.15224430100497,1.980797933418256,2.5762366356318402,1944.1637108186007,6.666848223603472,0.46822759388030416,Medium,0
599.3372271003045,259.3550368881433,1.4824033532157577,7.498056543623717,Rocky,Plateau,780.1206572001913,3,42.513002015444854,2.431402472454946,3.3779225041651255,1518.7273234708239,13.39297800075895,0.5464539081191118,Medium,0
705.4758914877057,452.58030413748423,1.4102602223211231,9.989387846238952,Clayey,Plateau,150.0,2,57.72424433056042,2.600510049953686,14.16394201773209,832.1669146818437,18.709271694326667,0.3196657936534284,Low,0
204.29564138459747,299.828806007791,1.4599955823922914,9.666820016779113,Rocky,Coastal,999.0708412781191,2,56.49333597339433,5.279625257803111,15.601128479154802,1490.1527099798934,4.5018154424094,0.5248629334735626,Medium,0
182.04368019679703,281.5026237195744,8.644449102096516,8.06018139237687,Clayey,Hilly,476.811048854007,0,45.89245504474976,6.49745503712795,9.90276756567686,1367.8298077036982,4.564750758751537,0.7460738479677251,High,1
356.6947791668428,476.4653973643424,5.1464510747789936,8.798930922175106,Rocky,Plateau,1120.4015534416235,0,72.9886337700271,3.655901930281861,12.902185708042584,338.5665935120504,0.23418563916279428,0.4895404313037377,Medium,0
537.4106374760796,108.23741835346874,4.4312944255486,10.815090374567674,Loamy,Plateau,868.3515647636472,1,61.778922965653926,4.641747413394078,12.087392282179753,1414.8829253044569,8.81482563468502,0.5357396554535951,Medium,0
524.5310385761395,125.72810631366733,6.412812535529887,6.550101126487417,Clayey,Plains,936.7923837856542,1,66.63588805658587,0.1,8.008825556406205,991.4289283716807,18.769881692515334,0.6680200149638884,High,1
610.4657182475776,86.09842348398016,1.188854282159547,3.6537399894093814,Sandy,Coastal,1145.1152097121708,1,48.295623017232955,0.9910224207260555,12.633591789506097,1545.2857865310432,3.4600206378864913,0.42293026443367565,Medium,0
270.04537074520374,324.7177823776066,3.849787000674867,10.903389556535718,Rocky,Coastal,575.7166817806728,4,30.29219430390905,0.1,11.786109173120142,658.930264297913,9.470313305509485,0.8397850683177277,High,1
102.57842055466853,299.97917525381496,2.4652352467387892,5.410665243907845,Loamy,Coastal,1029.236955172835,2,78.92776019438932,0.5603240074130738,11.232050995730855,1471.9279184655006,9.580803315401184,0.3199819657147857,Low,0
578.7021292953218,465.12836407357315,6.101152482176112,4.928985629968286,Rocky,Coastal,993.6673683969327,2,60.023889942061686,1.0578058509576587,8.447224621584091,1725.6957798616831,9.242294247276666,0.25268139897487524,Low,0
325.7705590552148,309.21700925641244,1.4799446454430016,1.611406733996346,Clayey,Hilly,835.3267085750224,0,62.36367572769595,4.447833904113335,8.936824335945182,1399.2230318459772,8.52981258032234,0.5543447076149617,Medium,1
147.2268203417043,231.50114086248368,4.122079799098615,8.71384915949289,Clayey,Plains,575.1348297327618,0,61.847146496679386,1.577259372301381,7.152120128106001,304.0105512497013,1.453168801348064,0.4049402665362795,Medium,0
471.75956189390723,280.21538474537283,8.555489507161676,2.1356421263433356,Rocky,Plateau,1108.3334274193073,1,62.788548322526104,2.302461189733497,0.0,2429.3518710556214,8.35206087474785,0.4713142900534962,Medium,0
568.9763532328016,294.12489021531496,2.0576647565169965,4.7492235769247895,Rocky,Plateau,1146.2090905467605,2,45.23547365931688,0.9915315850266034,7.680319459905684,1497.4915891762626,0.93568142042681,0.37609924515334753,Medium,0
431.6914301818084,79.38864720061994,0.2757804363709201,8.764710383545175,Rocky,Semi-Arid,939.7607090922594,0,45.654750957674295,2.0319358376631294,8.269361891686875,1080.4141522395007,7.4792578816634325,0.5038157982076459,Medium,0
381.3227420726266,605.2397973201871,2.903101530469257,9.165763757225116,Sandy,Plains,525.3941544998743,1,45.68813311457904,3.7186680547152933,3.529507334937594,1511.6826666885545,0.02127038485607243,0.3086621509651282,Low,0
426.095665178114,342.38452217222937,1.6984234433455963,5.0448875553453,Rocky,Hilly,715.392838476091,2,64.61555780024851,0.788589826427749,5.6036545368588015,2256.1076000651965,15.06689058711776,0.34061753924017474,Low,0
394.4125856398826,305.2009969627107,4.461716170394263,6.597540019022784,Sandy,Plains,878.8835471529767,0,43.440334475095206,5.922465311442647,11.504895648353594,493.2774952793484,10.540282085062731,0.6899080848675155,High,1
247.79293320897494,353.81967811342963,12.066428561460484,4.382216420781541,Rocky,Plateau,1140.9730924937328,0,39.65467390721416,0.5278359962776251,12.38354813446464,1746.5037506595806,6.892429475450484,0.440334267745115,Medium,0
342.79789845143523,365.1293176703926,2.6590811059153134,5.354809636566452,Rocky,Semi-Arid,345.7787096104091,0,50.28990061744953,5.537472366540759,0.0,1116.8032228789637,0.5953945122800696,0.43792331508954907,Medium,0
528.1919857520721,263.1335817397082,2.510862958941861,7.798645780458721,Laterite,Plains,702.6687874934681,2,54.732830564177775,0.1,4.5202148710550905,1041.3293957910485,10.457423325224083,0.37739029735711344,Medium,0
498.251781206475,204.25106365111594,4.252032431374643,5.495059963610627,Clayey,Coastal,759.0646040202291,3,57.403896960341434,1.721565940894057,11.980914821983799,1071.2159891492402,12.48499814697411,0.5658824152960719,Medium,1
475.208970895023,351.9340823586045,0.4370168053073894,6.267354879472992,Loamy,Plains,870.8724472089398,1,52.16473079004393,9.264857531754762,1.6756931829069615,154.217819866931,6.988278003994892,0.40052531056650825,Medium,0
300.7277277219931,326.2853008637743,1.169471810506784,2.6058799551472998,Sandy,Plateau,444.5361505913036,1,63.81197618597312,2.0702909336146873,7.348000169754712,1440.2561081076153,22.34993394504787,0.7108709119596008,High,1
422.7745256796499,182.81318810927104,10.05220366456901,10.398868494418412,Sandy,Plateau,823.8635275693334,1,72.00347137088588,1.7806141885059101,1.7740566671137312,50.0,0.5848790226746235,0.464690432604697,Medium,0
123.44024303357179,450.2842733640717,4.4339549629703745,8.530199779513197,Loamy,Semi-Arid,791.3307524905936,2,58.58983803201133,2.523804258870394,3.553054797227359,938.6706409020082,7.399371302655397,0.3128141523409683,Low,0
476.7714995828085,315.202244358758,0.05414093347094714,9.378716115511605,Clayey,Semi-Arid,536.8428449786202,0,71.9438747104565,0.7513176923613722,9.763882726991888,948.6232925320708,4.464066998272238,0.3417333063477014,Low,0
664.3286561720352,367.5783234721157,0.9157686862518684,10.871275973850587,Sandy,Plateau,858.7113455409606,0,64.59892968034745,0.12193108479062026,11.137796121353537,1008.8071830110326,0.9441779042130685,0.5793779095653081,Medium,1
228.88018019368414,447.03050652159027,4.593361121805798,4.524361373362851,Rocky,Plains,710.5908161250743,2,46.53995327421575,0.6360245740052174,13.238612680370798,121.37485894609063,6.444936798806471,0.29596594949842836,Low,0
362.1108490023367,282.6266585397802,5.782465770005982,5.924816550915929,Clayey,Hilly,1073.4551498783976,1,47.8392247660949,0.42654645924767853,21.98289645668435,1645.190684763952,9.642490895067697,0.32780256486702464,Low,0
499.36601680651944,318.03424083809387,7.326816711555469,1.3154968972533672,Loamy,Plateau,590.1353536484814,0,47.23302505103788,5.657014008776699,7.052226746676579,279.6904159716055,1.0801325517613383,0.5694131153158742,Medium,1
637.9263951641226,377.203268620734,1.3822437550609776,16.42126873030671,Sandy,Plains,931.4419427449593,1,55.70896265801567,4.207093084208182,7.307108533563163,736.8729228004701,9.464459294007785,0.7239379591776318,High,1
382.7663075549776,193.01666994399375,10.69625319637452,6.551244054047872,Clayey,Hilly,617.0639069697561,2,54.653566295144806,0.841073603790123,14.402763715389261,927.4384684767929,0.585482638993323,0.7941031072181628,High,1
346.16245061011557,286.48619954152014,3.220311540448158,10.116183699744736,Loamy,Hilly,690.0860166444156,0,65.13665201579282,3.9782853876179938,13.630943411395826,1042.7938683411126,5.370113210144833,0.4511395185032255,Medium,0
154.66152863758754,295.0658303981378,4.770009005353752,3.285516566993624,Laterite,Hilly,1004.052069696892,1,56.11752421300059,0.5234754612354549,10.723105646642606,1390.5117015191713,9.610905410028478,0.0978817715997245,Low,0
465.51571939621596,165.27297379799268,3.6326837748379894,9.989165276929029,Loamy,Hilly,982.1512064947544,3,60.97202158834477,0.4897590646694175,6.073857216209532,1209.8170089568396,0.9466412458256281,0.36949779417930967,Medium,0
756.3114060215617,558.1164146408654,0.5238077105961726,12.572772629948997,Sandy,Semi-Arid,754.0422360975739,3,43.98571977503803,3.2098383860207207,11.705858357341103,2165.5323755456675,5.085054622188534,0.656117622374756,High,1
491.6037692947014,111.1247867809117,13.199764320690308,6.819157752916055,Loamy,Plateau,805.7062835835662,1,60.899476830679376,0.8709950765317491,5.055030063391007,1373.9915307959368,3.3190407525314516,0.3843996011965035,Medium,0
446.658153122443,124.22753155754106,0.5244257061618978,3.967355510231196,Loamy,Semi-Arid,391.23774421166655,0,52.2593046489077,0.14737139618436274,4.7022192212370095,1337.7277616494189,5.607879860858055,0.3604618037403654,Medium,0
498.31234661504783,437.7071890844295,1.1768505015355053,6.5836107971633915,Loamy,Coastal,1390.9675087032451,1,51.384536593395644,2.800419053799997,9.385307465134833,912.1216802457258,3.3121955335380666,0.4714423990474715,Medium,0
448.33619940770967,365.5919500955851,6.720039839717405,0.5,Loamy,Plateau,1140.60973925731,2,50.24216588163479,10.045380802217508,18.3444548775947,1351.6173872226884,1.7333918243783102,0.6047173299469927,Medium,1
328.0478441609805,156.88422190230665,3.8555944765952583,6.886339896934475,Laterite,Coastal,1128.0068178048873,0,76.13525730881516,1.8362506753248493,6.579008572144005,955.7437055807259,1.7566573460450796,0.3831934452198618,Medium,0
573.4919873516558,352.87468181220316,7.284320567402376,9.462901417938987,Sandy,Hilly,341.7387240653246,2,43.84353310524861,0.6733619161640494,8.293377063623703,960.3709048401074,12.001572756883453,0.6866542465401912,High,1
483.86422846676317,456.14205339967714,2.90050182166712,6.892727066879457,Sandy,Coastal,691.5785026287497,2,66.12107379271912,1.0266483498828918,0.11938200607818761,2785.369294062626,1.0208473243840044,0.5628201693597141,Medium,1
452.6419877900486,276.3684330883617,1.8927916083765548,6.147581335933098,Loamy,Semi-Arid,782.908889876732,1,57.440568282235695,2.3011365190972612,3.474366349844285,1971.3790280505182,0.7882714208411286,0.39578133133953597,Medium,0
303.6950959082625,591.8587480089499,10.19627054564937,8.5827043483361,Sandy,Plains,224.12847778809567,1,41.67946678810567,2.65888065993737,9.818258143432372,765.6168023033331,0.6127222482344424,0.6726325180624089,High,1
645.5261897902138,73.11258269583575,0.1477030351684044,8.812074540848657,Sandy,Coastal,1211.4825336266304,2,54.42973700497081,4.783845706577322,10.394307654615336,1524.5111717099421,0.4622891555326564,0.5872811130330262,Medium,1
549.7054117999664,363.2588144630923,7.755386786186236,2.0202833124844517,Rocky,Hilly,1408.8595709918477,0,30.0,5.269194285329948,17.701741321179924,1335.1137702937367,0.08758935964985148,0.672945624591563,High,1
367.0618743949047,419.9834003465204,1.0497095488152206,7.266468886836366,Loamy,Semi-Arid,1621.677234601265,1,78.63507905823954,4.345631490565157,2.765358564407622,868.6325956571916,1.049019851681354,0.6428602156827794,Medium,1
600.2737280522906,386.96126819262963,7.554923164565921,14.30795537268773,Sandy,Hilly,533.9406603687922,6,53.583316592188424,2.300143457977473,8.688215083297104,2242.1269873505207,1.2845635001286126,0.35542889182156395,Medium,0
375.3643742422189,255.4773128025222,0.5995566214190416,2.9949512630559285,Clayey,Coastal,941.0632238919958,0,71.38595774752466,1.3146509601786678,5.731944821584638,1099.7290217896889,1.8859968997288545,0.5057799362617428,Medium,0
332.6994761233444,245.14702215866208,3.4720881830844497,6.7437435015008,Sandy,Semi-Arid,1362.9863942026475,2,74.14893041374944,2.5019858021404118,9.422005674254518,1892.5264720825094,0.7946055462694335,0.4961216810860784,Medium,0
336.04453237795695,333.2974205304709,8.760881739257355,12.825238366155109,Sandy,Hilly,811.2335323685661,0,51.18316994454129,2.4162791550307414,5.323707855414321,870.6857729794965,0.5933280715895823,0.5963936513132311,Medium,1
184.33971703678634,377.89053839824834,2.5663170119817207,10.312525469631026,Rocky,Plains,701.5542301550628,3,58.351961025236456,0.5409331376077977,0.0,1749.9254858449851,4.678465360453405,0.3759669142326019,Medium,0
520.7313570627309,352.2968123538836,5.490618014304113,5.4598099576718155,Sandy,Plateau,246.89381425942815,4,60.22480086592273,1.5584133762696548,11.208659318902747,1867.9232548344658,7.609712217212148,0.49388272211433343,Medium,0
175.32826824924746,404.8069468952067,6.532292503111557,7.618406138867812,Loamy,Plains,1296.4178602201123,2,80.80313880065671,0.5136231991608374,4.289536246866296,715.07484461407,5.968549716727553,0.465439668375295,Medium,0
265.7334253101356,157.73560515199176,5.334719731751184,6.99366496004553,Loamy,Semi-Arid,893.2587353743223,1,55.7045745921787,5.046494349725703,6.830852230737809,1035.7878415004507,4.881137426954787,0.42107665432342367,Medium,0
138.66179863822003,252.66748250516383,10.378693400388537,4.755784587034998,Loamy,Plateau,644.7303493629281,1,57.35492080374815,0.8589905722973086,8.3382839485587,1156.7573513170278,3.4849544299510935,0.506297353657547,Medium,0
437.08954608136605,167.1980881451495,2.368390233606471,6.777243677520753,Sandy,Coastal,999.350051440101,1,41.21136295114742,3.601273872517971,7.871588890746531,2017.172678950969,6.030407880677219,0.6088062699227689,Medium,1
427.45193095921917,233.666466869663,0.7604091009095235,6.160101601580412,Clayey,Semi-Arid,953.5518806125327,0,47.27152630975084,1.041861252755706,0.0,1976.5424139206243,13.928575447221984,0.4629925628564927,Medium,0
400.9955680220454,401.8265070177166,0.19596720553781097,7.338246814230249,Sandy,Coastal,958.890685824107,0,52.003657960348114,3.174173319390605,0.03580163282776283,1002.1144258666429,5.923795574422275,0.4221562559218338,Medium,0
293.61334579941354,292.95807048702744,1.131892014895849,4.754850457926899,Rocky,Semi-Arid,824.0156781856637,1,73.61611134859783,0.5491900875588343,6.613515210265705,1008.1278184486824,0.3767512093118307,0.4477449360181623,Medium,0
274.164936984504,592.8230995779724,0.6181913861912086,3.1701453992660165,Clayey,Plateau,1467.825355567178,4,80.71818180545728,3.1742392091503344,19.5178425626466,1322.582467496651,5.069668223781718,0.4671860361149008,Medium,0
519.6554795319861,303.208764062766,3.265317736092584,6.876157679822888,Loamy,Plains,853.2190933581522,3,64.01321026572573,0.4353369061020186,3.3341447549205467,414.2870569359851,4.45672841065567,0.3241951922642114,Low,0
367.41721024372686,287.16302566956836,0.8180003883383067,12.14535465453634,Sandy,Coastal,1466.7627267131566,0,62.21125464301243,1.4848874911252445,6.129780934890958,1836.0726978219382,3.609134492447093,0.42748957504973983,Medium,0
497.4537482304217,292.741950332826,0.1588475573660159,7.2466087787883895,Rocky,Semi-Arid,1097.4409242400693,0,66.21827295135493,0.2653576987930517,14.725886794641143,768.4612548257061,5.047034296982626,0.30972454527390286,Low,0
317.2126970813666,203.4629568568077,0.14661373384456125,6.005218663205364,Laterite,Hilly,1022.9095499666059,2,49.78403760650865,1.651232849681875,11.521119269771544,1248.6670752051932,6.699759385221633,0.47175367574802507,Medium,0
477.15941141566236,273.05960651468877,7.124928269903462,9.262257415115496,Rocky,Semi-Arid,860.3538363526457,4,74.67919178112857,3.7813048582043898,10.117400594544236,1900.7047777455,0.22783193972650242,0.44557542498527025,Medium,0
645.4917055974096,415.3345632533975,3.580563221383365,6.525041162213864,Laterite,Hilly,1240.8848427410721,1,40.82754549469956,3.099210451394704,8.606469938871712,1422.6368671359296,3.9258772599243983,0.6328300081687305,Medium,1
537.9248700589175,293.6764801753327,1.7731994124513735,12.604098774877329,Laterite,Plateau,939.5471186522983,3,52.542450010780485,0.11450215959949103,0.0,1001.1654761670873,10.197095914069052,0.4844366187441104,Medium,0
388.13792726752797,184.78483241398345,8.98587939578667,6.988262472114765,Clayey,Plateau,573.7540747102639,0,65.83976934415024,1.490771573264318,0.0998794309877038,688.6374271106056,4.540065459617752,0.5971585838207525,Medium,1
488.5798455533891,168.98984554256378,0.2911285012037006,9.10149118947449,Rocky,Plains,562.0777331506875,0,52.22563821932296,4.206546372205001,3.422733795003756,1172.5475903193017,0.42161933749367086,0.3981809780771093,Medium,0
413.90022382046806,225.9757730000988,15.713030857762403,4.736186852820182,Loamy,Plains,1047.8696176769952,3,87.62163212892366,2.310259280657532,6.004254633620978,1055.3459860965797,8.951795980252237,0.7135159835822952,High,1
451.18202770420925,288.86361212930564,3.8314915427864933,8.509267760009987,Sandy,Semi-Arid,582.4173901917266,1,66.01135868698691,0.13425742848690334,14.033706762216411,2512.360841417404,17.01511980847191,0.3803564047895813,Medium,0
401.1583421777245,423.23038425715146,0.810738351779666,7.8252804308312625,Sandy,Plains,878.2191300596252,3,69.80239096287164,0.866754587093328,8.161843254514352,797.3416779929253,11.456935336796489,0.47424968005458273,Medium,0
425.34971911719134,119.1413630360276,4.546117762538884,6.830481626022376,Loamy,Hilly,1270.014588492882,0,48.89286295905343,1.7891575072622086,4.818136730467879,934.0088355431985,2.701853571949631,0.3914603798550387,Medium,0
481.8140029611263,241.62084665334925,5.765220496998999,5.494726716490839,Rocky,Semi-Arid,1006.3895622630168,0,69.57979024955934,0.4169643282320532,6.596487809392712,698.8543490605131,4.592034621602702,0.6345691565306503,Medium,1
300.9961950627074,297.3172023322095,2.243866282922882,5.085909503042877,Sandy,Plateau,647.2527953849383,1,67.72056889150099,2.519954148320286,14.872468271095917,1070.3774877390897,5.368821796992449,0.3070319698647214,Low,0
297.61817595150325,59.95530788446786,7.911371431259962,7.847057991938957,Clayey,Semi-Arid,1393.495629065649,4,76.77456662028675,2.216361878828944,8.637877638607796,1461.0313345486204,7.548432534711228,0.567745587228801,Medium,1
241.71861692531834,179.96820604403123,0.6535238263171523,8.886817329089421,Loamy,Plains,1091.7563329481454,2,31.69408511745127,0.49764787298260654,11.337612003467108,726.8533332585,6.580921622477417,0.5562259866845887,Medium,1
209.95933432444352,198.41337523165765,1.3075636062798448,6.618511611117606,Sandy,Hilly,1256.2275455214312,5,48.632954102753615,1.7586633981645807,5.579499481107573,1376.4134409014155,1.3319013454650082,0.3882147636379867,Medium,0
267.4075961669281,184.4835551379402,0.3926232902009772,7.861803787362377,Sandy,Plateau,150.0,3,62.03632677902495,3.6735982635042075,0.0,593.8640004720243,11.11052414595077,0.45445246359459385,Medium,0
473.9193760206194,303.02674540259767,0.9473365679733461,6.886255965601691,Sandy,Plateau,1015.7985073919612,3,62.39528960534808,1.0333980521135022,11.27010353370636,1666.1977089460413,11.350104446642474,0.47546981307610603,Medium,0
316.08187267621736,260.73284685978433,1.0910625082380672,7.295578074716164,Rocky,Coastal,1194.7552427329626,1,57.459569571682756,0.6240788898441063,9.613869194238877,971.3968131164171,3.1086280471437613,0.38187071145402457,Medium,0
527.0421696346644,213.36566768787566,9.986290902645388,6.398665051968325,Loamy,Semi-Arid,1495.1010248042971,1,39.6648767916294,2.657709299707405,12.8374903190871,1036.5394009766,0.8418839929258054,0.5825035492304506,Medium,1
455.20706231288426,331.3555151863162,0.3253161231182883,7.053917738104925,Loamy,Semi-Arid,387.6634955471354,3,60.35809456155602,0.1615590257871263,8.420467306398416,1903.4645013183601,5.6276415996837645,0.5648108539981983,Medium,1
154.72436798429192,486.76896611755,2.230377171450249,15.094121370452278,Clayey,Coastal,1322.1401062180864,0,61.702084605932534,3.933182265550671,20.099451755778254,981.8386385025611,2.65208927392404,0.5580170716081614,Medium,1
548.2463376332535,476.71078200901025,3.0405569676716744,7.934902896422274,Sandy,Semi-Arid,1475.5330999954356,6,57.9639897609584,6.320135054867923,3.290218972156751,1398.577576296216,8.114619448586703,0.4976115063631639,Medium,0
571.6197968387564,49.26738735251965,9.15840119806902,8.93589087529313,Sandy,Plains,193.94885795235723,0,57.55784922744016,7.3619482050368745,2.5631877889618258,1553.0527457522512,2.2757770719154102,0.6612945958115232,High,1
300.920598774772,349.24866206021676,24.29281378277136,8.31407081598429,Sandy,Semi-Arid,1067.50688845441,3,69.30632587500338,1.2464822073032162,7.08229083398774,1850.556464046484,1.8309984252013183,0.9998222614593572,High,1
513.0287314342487,258.63720519233937,5.599757974519851,6.2115495301088215,Sandy,Coastal,1116.1672850192456,1,56.15145818154986,2.1473062072685285,6.524937266422585,1364.1285024061876,12.136569631867381,0.4650995020986085,Medium,0
321.52526438862014,298.61864114384275,14.13311230056288,10.881967639875004,Sandy,Plains,785.5473180718328,1,42.99879929204043,4.284419164952607,7.024457819739997,1041.5163808878624,5.739872881513762,0.8643268544529636,High,1
464.6505565122503,232.20603597489418,6.187752106656526,6.1265086887209765,Rocky,Hilly,728.4669389767986,2,74.84137959422101,0.5562936572173337,7.50885625864493,938.9874185443155,0.5394933877529363,0.36759704061537474,Medium,0
260.32523895675513,294.11063558646424,13.209316807640583,10.165163646827654,Sandy,Coastal,1133.7488696507378,0,74.16488370328105,0.1,6.393089065799744,1357.4181958604458,7.014778556107922,0.6950400365421328,High,1
181.0340321198135,298.16888752864224,4.91402830571885,5.997379005800654,Loamy,Plains,684.7563863062788,0,57.52404720234396,1.0679414828716411,5.274438929405675,820.5021435972646,8.383732707055765,0.4945472676132397,Medium,0
392.5774215580547,210.52578911812924,0.33249798298658056,4.1200824425678775,Loamy,Plains,823.9627350536657,1,68.50084823500897,4.746211799029517,3.0467963015847292,1470.1198027444984,1.608873851601287,0.43552271836420725,Medium,0
431.4406580587746,172.4358942609783,2.0561242694797786,8.096188624708578,Clayey,Plateau,1184.3522152883725,1,39.71173769088868,1.547354166196249,10.780446940391396,1300.5287072837612,20.588024967227597,0.2744354741638683,Low,0
390.3480459578094,226.1565180856619,4.160588132898995,3.68599493169368,Sandy,Plateau,1513.9150676144025,1,56.266437858288405,1.6620747895781836,13.958789317237356,616.566674909454,2.7994960911379545,0.3042866477096161,Low,0
272.39541626661605,308.11111173481186,1.7275557066283906,8.606920675049828,Loamy,Semi-Arid,1088.2944953897063,1,37.42961546015614,2.5870884754860173,24.47384394101286,585.7279529080928,16.938125456278044,0.491226603228532,Medium,0
390.0151406803294,351.8795610021117,1.2774281054933085,3.41752403172605,Laterite,Plateau,946.719573395079,1,71.49562509219858,1.8799679727693808,9.844591425725946,1241.3554663409652,2.085585523531864,0.3362493037130945,Low,0
490.3942128871101,382.4018772808176,3.4453097584636327,6.04297590858144,Sandy,Plateau,719.2608803687303,1,40.04824851430521,0.12323670406723387,13.644396284367971,1056.4013294759318,5.637294451802298,0.521795039087667,Medium,0
443.26604548161947,220.69719723197048,10.84232621123119,2.704810910425776,Loamy,Plains,546.2899857721303,1,53.06390968731313,1.81046204927056,9.084671570740209,1607.8533519996004,4.373515007604444,0.6466181343526629,Medium,1
477.375154589882,314.0613480763284,0.14243357559392947,15.472501028208189,Loamy,Hilly,1288.3523845253324,0,60.588744502687796,2.2968158605233375,11.530852543585478,741.338925909685,29.08998443737701,0.2967056271218003,Low,0
349.48271993186506,395.50031103439585,5.865355803232379,2.038121321151057,Clayey,Hilly,846.2925521055904,0,67.88709674459858,2.257406398106214,7.639579440878338,1565.8423013846063,3.1490970962353875,0.3407825898081776,Low,0
625.7576872074239,419.8713874172954,5.131014805425576,7.029441221189213,Rocky,Hilly,1302.746146133355,1,64.32697573613522,2.867082470054825,6.556941110578124,1580.047379468529,1.185517608726425,0.35962908885989586,Medium,0
273.5739995167829,272.94005750421735,13.291773749885014,10.42991282299004,Rocky,Coastal,784.6568427015884,2,71.71595685783136,1.6143668188792513,6.81476849631125,608.9333448145036,10.746077559368185,0.4775287040263657,Medium,0
523.1340445630078,253.48819300724648,10.677889297281052,10.109157725761076,Clayey,Plains,672.748968523646,2,67.64650543008534,5.066981135572926,17.482954045827785,1088.6109066660879,0.2577216003163498,0.512818688056314,Medium,0
627.2836639439943,302.93490806036704,5.745848937922225,9.554026366519413,Rocky,Hilly,1047.2796110896306,0,73.7021574673999,1.373036401505556,16.914024386232896,1883.126849847727,12.974645194820505,0.3966757404955111,Medium,0
522.1362139123344,142.0351032523113,2.9392845239213408,6.048314835335574,Laterite,Semi-Arid,873.21242125606,1,36.939150967855134,1.6064358491624111,3.8116720884082795,1400.3369130741994,0.7031783271816743,0.5267019616996408,Medium,0
419.6213659402755,256.76685867573906,0.9139690871685171,11.053266839011005,Loamy,Plains,478.06498838624185,1,52.18463615670943,3.3341407012878364,10.500351726000638,1150.7024056972566,5.091966867001442,0.7470246296900998,High,1
370.7554430005531,369.3503678167756,3.1519042261032446,9.740173272406548,Sandy,Coastal,1536.0789154236468,2,63.41647625325202,3.9405728946936396,6.6900441523177125,1629.0979131064787,7.498327268150841,0.40216500477177053,Medium,0
605.4131476569385,357.03365553324414,5.79867493679212,7.63689885298143,Clayey,Plains,680.5556791799269,0,76.88472983780206,2.2993333569419065,16.965843221239872,954.3165912629083,2.4597612410114698,0.6615012974690729,High,1
236.55376121074906,247.5678874763333,9.04075511875184,7.7217422731797765,Loamy,Coastal,1224.6570324109748,0,51.93958610509085,0.29722442486326495,2.065280842329418,1036.0781238309721,11.175980533292183,0.8554484510886783,High,1
304.48136094305346,306.12618413046,6.2371092121687,6.088232057153882,Sandy,Hilly,1194.6498202887685,2,81.58162482476206,0.887469863922445,13.69071980819879,1284.2662976500367,5.4040542414988675,0.43273133619855814,Medium,0
390.3663351762418,181.0419591651175,0.8689786122579176,4.271043922500885,Rocky,Coastal,459.1880322799751,3,62.23667390759801,0.1,8.500736647293003,1910.470654461149,3.0167071451436085,0.6542660790682377,High,1
635.6480636267997,364.419057787003,3.6620272991190883,10.711452926436149,Laterite,Plateau,549.1643243842304,3,49.46044627477626,0.7704305522073716,0.0,739.59072888622,2.361487777991244,0.31487449462770983,Low,0
506.9651454061344,270.6614276636232,1.6149072364907737,10.936623980804596,Clayey,Plains,794.4717311049552,0,44.14568982804805,1.857984372085544,17.608593955389594,1435.344715778839,0.7127568672496186,0.5833085693489491,Medium,1
304.7931362234632,246.88582579646342,0.03699320559228345,4.347672576910236,Sandy,Plains,597.0237093975892,2,66.82828788596682,3.5990673394440336,0.0,1000.1964459429917,6.1359698962440525,0.3404807363749843,Low,0
403.45384419226446,236.5931396687936,0.8936790367677057,6.538644504561425,Sandy,Plains,1504.2597301575408,1,50.31840500805707,1.9382961516487358,2.8991857763621915,1821.3297467259931,2.71574546161796,0.17863743379697722,Low,0
357.85152838555587,272.452735972017,0.48063634963235885,6.569730350623213,Clayey,Plains,829.938527120521,0,54.73348843374499,0.1,1.7837929614632007,1582.8500566534635,2.3189229411034327,0.5151561075364566,Medium,0
343.53165116496973,226.254682608165,7.3988881999442775,6.90203228877907,Clayey,Hilly,1211.412164984924,0,59.944618417366655,0.659776336014202,14.50807312156984,1161.7634642860312,17.968154772368766,0.6207480485937332,Medium,1
596.8334337835169,358.97716432030757,1.196354196786772,7.192884635762745,Rocky,Plains,1079.7730861500715,0,60.39419929820364,1.898371508457887,4.951577300616957,1498.518079174947,1.911302524206615,0.3616460325769697,Medium,0
244.23853061047416,232.56597423805832,1.340201617386136,9.84058438493854,Clayey,Plains,992.4078571487237,1,80.94993948107913,2.716111237445542,2.1854044235100254,911.8117274615198,12.552248844358333,0.2698533933118112,Low,0
691.317128360156,471.1556915232858,12.869165502972157,4.75834807453977,Sandy,Plateau,914.1124237588557,0,62.7260551138875,4.429277969911152,11.06507660445535,883.1542999166029,22.10837378059905,0.8508293256053495,High,1
574.2344535276934,455.8252604177657,1.9062554297719647,4.460959025462021,Sandy,Plains,1332.995747726044,1,50.74260492299417,7.54818545982307,2.45695407895232,2461.6716742857866,10.380824453893709,0.6134600555869224,Medium,1
613.6292505905546,173.01478121745942,0.03852751244185672,10.709859226428925,Clayey,Plains,611.2174593327442,2,49.04293601799737,4.892030598993775,10.32819415977449,1013.596876711549,0.11826021666355202,0.19005834198876678,Low,0
380.5590731962113,288.36451233151365,1.3354410339704912,5.612065774356106,Sandy,Plains,1504.217358659805,0,78.00692767687664,1.385668689333811,9.823844582403424,1289.0122845160452,12.178150573177232,0.5086595360680586,Medium,0
427.5088921381336,201.9212054396566,0.5081510278431624,3.2108939392688014,Loamy,Hilly,449.47188682356676,2,51.81402794642889,3.022991876929464,9.26519901892232,1003.6809620152433,1.4403295037435657,0.45437761002388166,Medium,0
235.0272278212932,240.80229241736663,0.43394407643976707,5.54461017370039,Sandy,Plains,1173.5291039678484,2,65.01711635419069,0.6052894327641142,0.0,557.4093396276927,2.615029042270053,0.2768778107783447,Low,0
371.30063893997954,520.2912961173756,0.3226165021269666,6.009841794267998,Clayey,Semi-Arid,408.1926490210761,1,60.3063951481343,0.14510989623554194,13.814303215876004,689.6827669600755,28.66514833429987,0.7244326500097379,High,1
524.0482271464726,243.09142994610409,3.5983192627980825,11.664888183177295,Rocky,Plains,789.503056720564,1,63.04713182263583,0.1246154468084157,15.328769200010363,1369.2188826878737,3.1149399786782244,0.7153087085064496,High,1
644.4094592672094,323.22712444929147,0.8396643036395652,9.774478637130212,Rocky,Plains,932.6584783213384,2,74.77943967913002,0.6075439245119842,12.743911508986766,494.29223459556306,6.38239439207065,0.5461390518754388,Medium,0
283.92647747963224,344.9585552809934,1.792923424732236,10.442561849896727,Loamy,Hilly,729.6566279096701,1,61.39295786636382,0.1,11.799444387720815,844.3301261634083,2.232639150921507,0.6334176671367316,Medium,1
395.17410945221013,159.9244753020111,7.922519919279225,9.459920927040358,Rocky,Plateau,836.4156506340881,0,67.80980174097164,4.177663003540171,7.140486075159264,1526.1100377693556,2.766773972578393,0.5711233143249252,Medium,1
427.30511696512167,177.38854307089542,2.2089393556958563,9.838731014845942,Loamy,Plains,414.5603432242223,4,61.66891938614915,1.4810162131743116,16.634804507953017,1313.22220803666,5.462229633944603,0.26133624044361403,Low,0
240.63161967112723,135.27731543102573,9.893083240494652,4.935753620259046,Clayey,Plains,554.3923359467569,1,52.55729543487767,3.6640549407094833,1.0736036192522835,993.7938014663132,17.772130948007344,0.6745416363322756,High,1
538.70238626376,173.68351193226675,2.7561270691726696,6.404193533939547,Clayey,Coastal,1074.3926475185588,4,63.92872780176233,6.185776886531464,0.0,978.3438671953354,1.9915224160231153,0.28565546811872805,Low,0
341.4014502386086,20.0,2.035554103540193,4.030254060929353,Loamy,Plains,910.3851387421057,2,50.18935920337578,11.221672487130592,14.238975666621677,685.1226715628801,1.7050574068831739,0.37261259784069084,Medium,0
420.6914473234464,345.34988809523537,5.5514051234138995,6.3685359083889,Clayey,Plains,658.3151909624726,1,44.0366116979096,6.087899998822023,0.0,2314.613078783782,0.15975542710259075,0.4190484253224707,Medium,0
382.20759421321833,526.5032609507284,0.3039624752706263,9.052314972804222,Clayey,Semi-Arid,1363.497217095385,2,64.97859438177477,2.773635741008894,13.49476245346418,708.5944431537137,1.35469821498378,0.4315202569376632,Medium,0
331.59922414204885,297.73848868438324,0.37495055270777383,7.40374985443674,Loamy,Semi-Arid,473.02418500342446,2,63.568188697699355,1.2833916722679175,0.904423255637659,1705.2824197451941,1.826223768771991,0.311380430766788,Low,0
448.9432521779168,110.04773687912711,4.221909069424515,10.934442456880886,Laterite,Plateau,773.443336947578,2,62.33613369719913,2.004784050051491,11.205448693603614,94.87388477725358,0.38963645355552157,0.4362898499531759,Medium,0
417.65856321479663,202.86683405200625,2.6694554870180416,3.5757526233183423,Rocky,Plains,723.0203026375349,2,57.72413769933288,3.7301458002050913,4.301038115253398,1637.6647387096941,4.975296848455588,0.36155560679060916,Medium,0
394.2213176582002,224.93477859700036,6.250508353355452,8.50071505209472,Clayey,Coastal,1115.2631697163656,2,57.133144468957404,5.012533633801965,9.96766761432288,1688.633483964835,0.8132990424369573,0.6526974409515549,High,1
340.7307567479486,157.88982673439492,9.920671773342818,3.255091594392046,Sandy,Plateau,916.857291898018,2,44.998433643880865,6.895393436339096,15.056665694592976,733.8712075933204,4.2932942212241105,0.6035011275246788,Medium,1
497.9287006174433,383.2219166074188,1.9664905981812255,7.282529407520927,Rocky,Hilly,862.142163712891,0,35.65155010977477,2.885474173688486,3.8121053183774567,891.3057205861332,1.2567851442163784,0.5192644879686173,Medium,0
698.0425902738427,377.23120532504004,3.6294233347480263,9.221000267669437,Rocky,Coastal,254.5241536464663,1,68.6537537415536,1.7081411917390728,16.28450889739308,1734.0045857068556,16.46755398022731,0.48920219955915184,Medium,0
470.9830849258691,141.34578474188083,2.778165630534359,6.356492299527343,Loamy,Plateau,1202.7620682212325,1,68.4923452159563,7.59814726009203,8.087100792843701,629.1377712279991,2.201196428271965,0.5443953512316716,Medium,0
599.4177322366693,367.00972533370094,15.98393557247411,8.653379812260868,Clayey,Semi-Arid,823.760964808892,3,54.989115461785005,7.007170546736912,8.583023432314715,1418.4134934483798,0.5852038373892279,0.41488606362961317,Medium,0
241.4667112269806,463.2175196292718,7.113424562563355,4.120802995501197,Loamy,Semi-Arid,940.481356163647,1,75.66170750921502,1.428309134607525,13.930715208390435,861.4586573485585,10.852981816011138,0.3968225491870937,Medium,0
473.6642158940654,508.3069846275472,9.709769239566162,2.0089300654108513,Sandy,Hilly,638.0028729671429,2,63.99942471586938,2.3011918211908697,14.56657071205478,1650.3085610958467,3.0853521498226346,0.6764964826656804,High,1
285.39475215434004,623.8254427703155,1.1739426567809834,8.671088867463409,Rocky,Semi-Arid,582.9599330140245,2,62.0550345298076,3.645139322143148,7.67173897847756,2131.241556522813,10.292822439207267,0.39855852644277046,Medium,0
228.4612608702148,171.7608820668163,5.9228847724248785,12.232030702227199,Laterite,Hilly,1424.7507154664904,2,82.2100549666276,1.2485781064912025,0.33501287363343657,696.962352251659,2.2480697865312305,0.5024715399935141,Medium,0
339.09428888114456,618.9064511674244,1.234115322639092,4.011865179490323,Sandy,Coastal,279.36649760815556,1,42.94044572931266,3.890265516810968,8.251060584437305,1494.4534718589236,4.159336409770101,0.20767140993510166,Low,0
628.7849001620359,237.49523337894541,0.9365274765714331,10.666582540320386,Sandy,Plains,531.0303402760298,0,57.43353627438273,0.2599751379798695,0.4773925843226694,1689.1362084681482,3.536586961174881,0.3795521944474802,Medium,0
592.5023743004468,208.90414535433828,11.5486710798065,7.130270226449233,Rocky,Plains,1418.1722534341782,2,47.775334441190736,1.4435162975274056,7.557776152254495,202.84203211432157,4.897401257679091,0.3506877315742662,Medium,0
486.45070830815996,319.2486849853414,0.07797272092834183,2.992925434920772,Loamy,Plateau,1124.2612333495288,1,53.58744607583955,1.4497189665915156,6.242135819468068,1702.2044181520378,3.0814883579886034,0.25672006791011814,Low,0
220.09491601651038,210.15263990883852,13.454300665947056,3.6054840959435124,Rocky,Semi-Arid,786.0881138901532,1,57.19271670365315,2.539007947946761,0.7884938173408553,1375.2215741538905,4.120631085027399,0.5731383508076947,Medium,1
420.55790229180946,327.88529687758313,0.6466037992695666,7.04735432008195,Rocky,Plains,1336.3087100010287,1,57.466466725485134,0.27228416951995865,3.577287518749353,1520.5689436426076,6.824009884457857,0.3672185595818521,Medium,0
495.2550013352603,121.5907374715238,6.846726091506342,5.78661313622769,Clayey,Coastal,1056.4010407386031,2,45.11927053695528,0.23965489103609958,14.387541562530831,287.18466227844294,3.2136079163665556,0.4829093643171868,Medium,0
476.3304344367897,251.3496877523879,1.2914276856679576,3.061261069725283,Sandy,Plateau,981.4310321910468,2,58.81614000051294,5.078812150724461,6.381715717049428,1571.9482337724255,6.919768376871726,0.5385819329299968,Medium,0
173.43096247788816,434.2698681234015,1.7274560159881334,1.9178821563237847,Loamy,Plateau,978.9467059858462,3,48.10122558207996,0.7964753027062537,5.706329416752149,1108.5460747554494,7.516918124206652,0.30426305168903806,Low,0
316.45232279701924,273.1526450282613,0.9772527779460162,4.459842016220482,Sandy,Semi-Arid,1062.8333760250728,1,72.359777218723,0.8709681621304614,10.688689496760086,630.4896612141852,8.292063672385504,0.48317318674981385,Medium,0
440.3883353776925,296.9914944087859,3.522864732405933,7.581427024993355,Rocky,Plains,1076.9923754541085,2,67.17446493099614,3.2999182333522246,16.19605919598337,1550.6213224645298,3.8198847100920235,0.2580841295385492,Low,0
530.4436364275784,337.0310325660774,1.7114290922070603,6.980797742190586,Clayey,Plains,1668.590568513585,0,62.1268055755944,1.179173490025993,5.082086448873624,1605.5776359388176,0.022783685957135005,0.5406576395603913,Medium,0
120.58082683500805,420.4793955181192,4.284685506348266,5.496286127499765,Loamy,Plains,831.7875159145648,2,52.289303194937474,3.9364710186478695,13.850610507047163,1161.6146536735935,8.402629236238056,0.34001169504782747,Low,0
425.68140367802124,81.37303453726804,0.06308411768108764,7.605661582874449,Loamy,Hilly,842.5834841481286,1,59.85709232013288,1.1292083220194964,7.991697909440554,1381.431337305932,14.386989431900773,0.2539849080639759,Low,0
471.45731548184284,350.1428862204922,0.2661615972345134,10.120080159588063,Loamy,Hilly,467.08738435025015,1,66.48177336528275,3.1451607204223615,17.657498944357982,1119.1262659768179,6.34397928877905,0.290266447965654,Low,0
577.441798277432,247.8233032909884,0.41993635819898,8.182379531302443,Rocky,Plains,881.8359146126437,2,53.91557092801237,1.6392051077330572,13.333943926050695,512.3698542661756,4.460923775520734,0.4083734567325294,Medium,0
553.9286376356155,299.99654743742065,2.1719746141287994,6.636073985831258,Sandy,Semi-Arid,1552.0104148406867,2,38.919991329325995,6.041618592326032,6.17623373437424,1127.8564610239243,4.9203130685483725,0.4777542496942031,Medium,0
537.3856978213207,407.1940203714852,6.745193164002983,9.784216019982066,Sandy,Semi-Arid,1244.5697508521298,2,66.62937509958374,0.8724937873536328,9.385638817543391,1799.9234662824474,6.1434520737787,0.5203034150271438,Medium,0
330.0089239947099,136.6976018305787,8.763384624756414,4.120449093351115,Loamy,Semi-Arid,709.7162896436353,0,64.35624011577416,0.9911000423746309,3.9937091542336747,1807.0390899272165,30.0,0.7586928821305636,High,1
163.79967943150388,158.48266702682926,1.1231475429236772,6.325241381333945,Loamy,Hilly,910.5144775824497,2,61.85436330504312,7.713438787479671,8.814151620949813,787.2622007677937,0.3843898018818535,0.2965800811025546,Low,0
391.04208644078983,47.74840483434326,3.416736827313369,6.396736193198896,Laterite,Semi-Arid,446.2465685452519,2,48.8945729392876,2.942719588208956,3.861866438289807,1319.743696901297,0.12846284633239277,0.5312237410250363,Medium,0
600.244773781284,214.10092698834683,5.850369562115645,3.2891402246714643,Sandy,Plains,560.8082294955927,2,69.51853437237092,3.2579823723900243,4.552630850361383,1238.3573674036902,19.973480207200474,0.5605998920510883,Medium,1
659.0181791286648,439.65188132545796,1.363371905162053,5.740377513146926,Clayey,Semi-Arid,952.3044034148012,0,71.78649050050774,0.77207657187248,13.852783092150029,1447.1209472997816,3.4839985332669836,0.5310675166220529,Medium,0
556.5823653446678,265.52953738318365,2.1038094103441836,0.7751209573140905,Clayey,Semi-Arid,726.9408890128415,3,61.37873595921332,1.6706400778473558,9.141550143242746,1226.0404222622144,5.68597161493016,0.46165345064544255,Medium,0
514.4011234202601,119.1850125214257,2.9691329207234127,12.73653414298886,Loamy,Semi-Arid,534.3900737175536,1,53.24526012585438,0.827659266643944,9.815929248783027,1561.0955110679934,8.400922436540547,0.3801139314364828,Medium,0
506.94594725789483,221.71855065099436,0.5795243851313217,4.187758634691061,Clayey,Semi-Arid,1071.4442676582623,2,53.496768350562,0.6620414428288762,5.515646809089708,993.0730260834566,8.13101249267454,0.16962399377173296,Low,0
366.5821879858829,101.45659558112524,0.1053031863141322,11.758342394263936,Loamy,Plains,871.2124696713366,6,53.255281506634766,1.6857207202586515,6.453374334179625,1751.672542695636,6.251024973697518,0.4484175550743681,Medium,0
430.490955966957,144.9776677922606,0.6633013671943073,7.1142535171584775,Rocky,Plateau,351.3573699081362,1,52.70780173544696,9.686813408813286,6.221099673223621,934.4302766216078,3.8307215756611654,0.40017195280743595,Medium,0
700.3604288739497,326.6582692316456,3.9431380000148337,8.694592396467877,Sandy,Plateau,173.6985618412741,1,53.75240200546249,0.5315001395339639,5.054180691858226,1296.2521538942415,5.14923836890808,0.4640751858523299,Medium,0
308.6162991312185,139.13520084327655,0.3058755388853739,5.533600604947205,Sandy,Hilly,700.495975499011,2,61.87827761447608,0.6110675088308735,4.863497851193959,1532.8332398177097,7.848138767872497,0.4326496737282083,Medium,0
692.2168186064778,413.5161166243962,0.8413849733908796,7.623789075885023,Sandy,Plateau,344.10719979546525,0,68.75753166338885,0.6128373551914658,3.6747662525794356,1308.6607599873232,11.415389346549162,0.2817100126872012,Low,0
401.69577682619126,271.4655651003597,1.6490761237083,8.951468919965308,Rocky,Plains,245.88100773527117,1,75.4133723074152,3.451330934161314,1.0929838263281244,50.0,0.817008373281148,0.4520713019980836,Medium,0
648.8148163642618,290.27136447334306,0.32427654908308573,8.993657243182547,Sandy,Plains,1295.13922049073,3,47.04266419379694,1.5715351746989994,7.6216305755686715,1349.5572543399244,1.9540368444718081,0.3987193303539047,Medium,0
238.97774857536928,246.59524388705273,0.8512844021994068,9.324320170223071,Rocky,Plains,865.8011885471475,0,49.00502329843691,1.0686616348943698,3.2403905599377216,1544.687306702369,3.0409494150729657,0.35180035824736267,Medium,0
537.8856301746973,372.7417406252468,9.688619399804839,5.895001869882471,Clayey,Semi-Arid,807.0937676210739,2,68.13036312509665,4.0844165182004,16.302608502595707,1348.9761787112184,6.5706792336926245,0.8006574956308224,High,1
339.4844796078567,373.9791865332413,0.07795116693448585,5.558920982525935,Loamy,Hilly,834.0579643472379,0,47.04457706054085,0.776812413708883,1.3112222417149697,1670.6473951398527,3.0218232813167214,0.38958790170348323,Medium,0
237.70992121137186,320.2065222294606,4.2387040504801625,2.2174710241971898,Loamy,Hilly,501.75874722246056,0,44.09828718858192,1.0954654639050259,5.979841830602647,1785.9479800425772,1.6378252675769338,0.3942675399050265,Medium,0
482.78010636164186,347.77469270891777,1.9406895391285786,8.56965703353081,Sandy,Plains,1043.841657754959,1,46.68765050524253,0.16823700318462584,11.670381182812694,852.6035437762266,0.20222792154377567,0.4132712697224648,Medium,0
601.4207682893953,254.54923960954892,4.466885973109009,10.247136133970328,Sandy,Semi-Arid,854.2548856436108,3,55.88603763340408,0.27851035794398415,0.0,343.0162876730926,11.090281454720877,0.4031367530843964,Medium,0
323.25878421097553,345.06436082908584,3.553649094163581,11.847945039753789,Sandy,Plateau,634.9069704072058,4,77.62818518465687,0.3234638228727318,11.870082551962444,600.2066375685606,3.2573431399743704,0.4803485785789612,Medium,0
225.1476059312398,239.4546669431432,1.011828128860862,7.915517903741524,Laterite,Plateau,687.3299604162501,0,56.46589994242537,0.9375085076157742,3.8771090243186306,1235.663955220803,2.395964881877189,0.4318949164089685,Medium,0
436.22328534975674,280.26779465948823,7.5147499825053945,4.700560681274292,Clayey,Semi-Arid,470.38945037569664,4,61.29104224854713,1.633536430825216,2.5946056671021758,1506.4624339625293,4.540692291115601,0.41637455579159,Medium,0
436.88470068342286,247.0427500760443,2.708625924885047,1.9087115701316337,Sandy,Hilly,757.8149944843578,2,43.622312661333886,0.1,10.924793990110913,1137.5473158845957,0.7869409650028372,0.516470380620488,Medium,0
532.2479441331748,225.1337752816965,6.915950456458383,10.125000199250051,Loamy,Hilly,816.1302417261201,0,70.89124637477522,0.4634024312665231,11.494896081614396,508.5198020966519,3.038595305709266,0.5548315429386262,Medium,1
592.4391857046733,197.30658427338517,2.083588258144684,1.6111702996673936,Rocky,Plains,748.7008348045126,1,68.45823805061775,0.42495223423009404,2.4697415798394404,1348.435792355222,8.360777676818063,0.3641303732177258,Medium,0
441.08772280912586,336.1228124630663,16.71583483001162,5.9781877667687,Loamy,Plains,919.3040950695552,1,52.37425545264564,0.6427399528462804,6.323833972264181,1205.6707722823699,7.993506947800672,0.690879857292959,High,1
728.3254972191394,437.2727095376156,5.8872235294817425,6.3270795161690625,Sandy,Plains,872.5209033333854,3,49.75374939744046,0.39956161293053244,14.041144728657269,1280.4484197956529,8.867731238232675,0.43862670396307646,Medium,0
483.63521168029376,420.5322366003471,13.519725081075537,6.791634586446942,Rocky,Coastal,980.7689885326125,1,69.49558220672833,0.4775589401038145,5.7800921341127065,2104.8190356979153,3.7801001876111258,0.6614190238489898,High,1
398.0360240989651,129.21215968654775,2.8888745924905432,7.10740780010752,Clayey,Plains,1230.083962922558,1,55.29002554799788,9.080977255816226,2.9787198735146543,1609.1847103488171,2.761876182973846,0.3759465423628499,Medium,0
208.26489613457582,434.7043661688248,2.567468150444822,7.414442669102725,Loamy,Plains,1107.5582170245782,1,50.03442850657625,1.9870452949473878,7.377667889861961,1133.0236374791762,10.682798803343692,0.6172946483651212,Medium,1
410.60107195257484,241.82097980584854,5.633404275980162,0.5,Loamy,Plains,1234.1064441786175,1,53.60138501723138,3.1644828866945893,7.532716649763145,536.9383723249276,1.1418153957277442,0.3494578233712719,Low,0
399.54195818832955,352.087961817471,8.490774713534963,7.04396772961038,Clayey,Plains,603.2930195608199,1,60.863629551859646,3.7645457529976336,6.706210449957816,1872.4047542289663,7.748911953467898,0.4978733251807696,Medium,0
594.0457194422206,171.25416015433467,13.313177794697047,0.5,Sandy,Semi-Arid,721.98478706897,2,66.78222988885368,2.4236491765176345,10.244326890820277,316.75545222032974,13.132715547603445,0.5837896810872334,Medium,1
519.3725436100281,297.0375896648806,1.5695158617641303,9.196654219272984,Rocky,Hilly,1128.7588393810888,2,61.877813825766886,2.6788674967101875,4.779362538195308,1059.199956806308,2.0225136858636645,0.4445160669138097,Medium,0
273.09463175510746,317.6467819476288,6.411926672471289,5.334624532589164,Laterite,Semi-Arid,1135.0171850012302,0,61.25811146576484,2.200974308077516,11.152144358799744,599.9425285299437,1.3223497147591352,0.40046003099923505,Medium,0
475.8381579616556,101.84742496964168,0.9461595192714876,0.5288898243299487,Clayey,Plains,662.4827838620913,3,55.114574255045675,2.3056740564586886,6.152378167856338,995.9913957138849,4.31109276603072,0.36951871116769663,Medium,0
550.729675759358,352.99205996130274,3.1548838317721564,4.557385967843873,Loamy,Plains,1114.0543740236099,3,59.74713060347186,5.80217790048291,0.8000315096602124,1154.6743534093334,1.4630682096205823,0.210700855497207,Low,0
679.2047039081749,441.51220094059784,0.7930630840064353,5.289773982446039,Rocky,Coastal,569.7637591739203,1,53.303064006786265,0.4520420947137976,15.945656009620771,542.2830951778815,12.276900300932708,0.5330196354738409,Medium,0
583.1255951121088,259.04224651820465,1.7071474086246223,10.572098852665015,Clayey,Coastal,1068.369503449628,0,54.76239607550454,0.7066649239326868,0.2922183138637582,50.0,1.6815930676184263,0.5387197735367347,Medium,0
564.1269981467217,443.22017569936156,10.715424145202682,7.589913225250735,Rocky,Plains,890.7963296970256,1,75.0596146940783,0.21537544345068968,12.141561569119352,716.8943917155743,2.260967851941608,0.525986488445357,Medium,0
459.0128991922745,257.2367807857111,0.6317211866283632,8.033334833051741,Loamy,Plains,415.4475386327822,2,58.50601385931867,3.995194791118331,7.193358249505264,523.1101348043084,13.158056089387944,0.3805579156055658,Medium,0
508.24680081351744,381.9501437255941,4.003049294331978,10.543664902661803,Loamy,Hilly,748.0741623842075,2,53.58930481869541,1.3102683212134918,8.103412963475282,721.5491197910462,1.3811722925485526,0.511163258673649,Medium,0
637.4257351059239,20.0,3.5953189932831235,6.711567136226532,Clayey,Plains,1663.7937333934226,2,49.91163049668428,5.227817595657171,3.6397760811650057,1058.588284761867,12.965681255888907,0.3387834232014044,Low,0
250.08339037805254,570.2533335176156,0.5146910434715474,9.26256388309721,Rocky,Semi-Arid,970.9731269817482,4,31.59098869065234,1.1670493450523605,5.5707596790187255,1960.7860825506816,1.4128376768140547,0.2982325308396123,Low,0
397.5841009174566,459.4549894291548,1.5779763048881892,9.051583341795975,Rocky,Semi-Arid,1705.1574918513911,1,83.0394635464499,1.2858946418447246,11.980466641186647,900.5650749821993,14.56927504042379,0.583514504937877,Medium,1
334.1146876865639,245.84493948955853,3.3111190440739127,3.140591519291763,Sandy,Coastal,394.6257145437373,0,84.34836531783132,1.3086772094278165,2.4557984174480048,934.9412909331745,2.2932041409904342,0.5762192866710074,Medium,1
506.8729678089186,43.34931680274184,0.828975539290961,11.418950732889488,Laterite,Plains,1162.7596274323448,2,65.53242119722971,2.085647528179524,5.485559904422388,1147.7070179601471,1.696044531918345,0.4772417445536763,Medium,0
634.5333263476182,314.5634041966587,6.450244265881807,2.7390946597879164,Rocky,Hilly,150.0,2,45.57705876334116,3.1965223812014547,13.282512018575174,1530.943599325428,3.891220389904097,0.7263222493602497,High,1
360.4538569918389,106.72893435114918,14.324624301871387,9.752099948433544,Loamy,Plateau,899.9175802798259,1,90.81534615019453,0.952100626672811,5.069558514387456,1480.7388881117122,2.764822104813449,0.5765830929421847,Medium,1
91.45434487958431,333.3824245068986,0.967060445188816,2.4487808892831016,Loamy,Plateau,1120.9260821779624,0,41.1528205696154,2.188338998486286,8.143677892919087,240.58495145786526,1.3519983319649784,0.3340409055606818,Low,0
388.16688824632945,329.38788629971384,0.8276635636248895,8.80371036445502,Loamy,Semi-Arid,1193.2615332486967,2,62.719032812861535,0.5018534078308788,8.55219230795869,677.5854159760991,2.4781458246573504,0.41143757775699485,Medium,0
587.021059802611,167.03161971975703,2.427401428392827,12.585744634450517,Laterite,Semi-Arid,620.2555963968555,1,37.44280691810569,1.7765922856305418,3.6483315431122616,1753.8636967466146,7.494434927879917,0.2359301630860698,Low,0
530.6444854424819,414.51604283372535,5.509580740284764,6.361064030349366,Clayey,Hilly,1263.6816476918575,1,31.933198515771963,1.7400839218237578,10.117959539839445,939.3339159124075,10.699200206842061,0.5415501314082942,Medium,0
514.2279371715864,376.6689643367408,1.3229184457244205,6.230933071440561,Loamy,Plains,713.1998339843569,0,60.784969646660905,4.830470874600295,7.633278456445847,1681.557207117931,10.314238845036718,0.6100243595290035,Medium,1
408.001004718828,397.09880047462764,0.0803206907182504,8.831319997950548,Sandy,Plains,842.5659621106612,0,62.308336012530546,4.976129958682652,3.993985004089631,1558.6093331409957,8.483652324627897,0.42757636692974565,Medium,0
258.14538956703205,281.06292444026747,3.1167434223064188,6.011810632112371,Clayey,Plains,748.3372232251781,3,59.42791655447222,1.4693604929673427,11.163415028991977,78.44400086993505,0.032699859991875954,0.5959268023141507,Medium,1
527.2941482436701,110.13711197035522,12.549235680629515,12.454836111228463,Loamy,Plains,502.263727243684,1,75.91734639043733,0.1,8.726032857502599,371.7955166903174,3.3370716556282503,0.44688372468160065,Medium,0
324.8577284948063,397.34467266533653,1.9855668848667543,7.5765767483760875,Sandy,Plains,1449.4018555973007,0,57.423908853585196,4.096167027468596,7.651786362342587,1033.3884834581158,1.1105520245945713,0.3509465465667212,Medium,0
777.6145100070685,247.55543210370507,2.1798367693054828,6.039491475337822,Loamy,Plateau,916.8062360053269,4,67.74740275036305,0.1,6.447531534375012,1400.2540059304254,0.4578908503709736,0.2418040435794053,Low,0
535.5760812531773,113.22638281687972,13.882410695965017,5.37914341631295,Loamy,Semi-Arid,1280.5614325305198,1,48.607855025304765,1.4312621421121396,0.669849084116299,1066.286242424857,7.98815693173942,0.402922758951921,Medium,0
362.9027546169074,442.2447239169191,4.744631239899575,4.201154589480938,Loamy,Hilly,1265.6489346176102,0,73.5401194261047,0.1,7.233691802882162,1102.5130366285707,9.464144349314536,0.6395032032815255,Medium,1
358.2922128917058,531.9289024603011,5.080050487802656,5.116735039727531,Rocky,Hilly,561.2209250044559,1,74.56444588744868,0.9565104790859881,0.0,1217.377081530999,10.111976511482336,0.5192092865670154,Medium,0
436.05836900796174,275.0502245224956,3.3085616255017634,5.94797981902421,Loamy,Semi-Arid,1325.6445366850605,1,54.94531848556322,2.227949695374954,11.690352654921314,1149.5749204400772,13.26062594756154,0.5600048215434152,Medium,1
414.07471169673755,539.0945385523951,14.693475212543062,5.53708277950426,Rocky,Plateau,1076.1949852422629,0,62.50252742133412,1.0206756428503363,2.2256636553056204,1183.6424947981302,5.350293990438406,0.44995360110703664,Medium,0
617.5250663294931,290.95776743336194,4.670132593606171,5.025474177588689,Loamy,Coastal,535.6843474344888,3,49.614442898478735,5.7547791520784415,10.697201104337761,50.0,30.0,0.7118463373205146,High,1
477.9624254616069,234.34529150003786,9.016427590124096,13.296523691057319,Rocky,Semi-Arid,1057.0977909695266,3,55.354202560145545,2.252304349867219,0.9887170472483584,1044.2165545112866,3.9666668348192555,0.4309171030426922,Medium,0
340.2552391637208,204.3449854977427,4.807617988770539,3.9097147705315303,Clayey,Semi-Arid,541.9612402961764,1,66.84769956468978,2.2873686657436694,1.5201486956843953,1039.6541588131595,12.899132476289992,0.473726218696239,Medium,0
733.5661027733674,476.4498889591291,5.313850493641582,7.439897762938524,Rocky,Plains,1462.2604287925242,1,63.818063263230925,1.0320272780562152,4.291568614484866,666.2408742218195,0.7190611050463571,0.5447943123096741,Medium,0
457.3962497280334,186.38273423346737,1.3722769603027853,8.777563029282616,Sandy,Coastal,1184.8253607227339,1,37.25046941039233,0.1,17.31934739341982,816.9609163011979,0.967519565439346,0.36602262746590225,Medium,0
565.3259513953345,368.2323171969985,1.4466276075979414,8.890323986751199,Sandy,Hilly,875.0980032331377,1,44.352817084846905,2.948213351888119,5.818904088338953,365.82553014049404,5.354704719243814,0.358136633197363,Medium,0
358.7660238832861,212.900339792895,6.111148754650444,6.8241787726525835,Sandy,Coastal,1342.6812663760143,2,50.94419040203639,2.771214907099224,16.37804677402395,1392.965061527095,0.7952582946448798,0.36764506102121725,Medium,0
504.4673441616785,224.76318849107642,1.4079227123187255,6.277892284458071,Clayey,Plains,346.3043243537618,0,60.63758748064233,1.6616349960496262,10.317572837042512,623.6445952316082,0.4697196512335906,0.41436588050817014,Medium,0
496.6664986714793,403.629963276348,3.3091842739386808,8.354642473718519,Loamy,Plateau,637.7305449579856,1,46.98948692282177,1.1842894202593375,6.703888152805118,1139.593107320842,1.3094184081045384,0.6387890835616766,Medium,1
166.55260618557708,234.39557844527758,1.147275438677716,7.799564949934602,Sandy,Semi-Arid,811.65309739087,1,41.03345556447466,1.7003291336049868,8.864885694568999,954.6131895667443,9.293920723523726,0.47493776088388523,Medium,0
752.291266569096,231.4245544695648,6.7927132600527385,6.22312349569746,Sandy,Plains,1682.489638498931,0,30.0,3.0220001425669754,9.67124617286801,1107.4102807249785,15.741537889310047,0.3785260501363839,Medium,0
643.5966691383821,415.93656366097684,0.46838916385672047,2.3143642848267074,Rocky,Semi-Arid,525.330984694308,1,83.03407054358746,2.7445565722084497,10.219356186811964,1655.1534812631896,2.43399667181333,0.36305975762019854,Medium,0
390.42070257810184,471.6876751865948,7.074828271786641,5.596228833000257,Loamy,Plateau,302.44292039076424,0,60.423772305799176,2.3611835355266164,14.626171505332021,833.2782251995095,22.074962736744865,0.5005759997675512,Medium,0
284.6595389316217,357.362776394108,3.69255450617958,3.5603495088776267,Sandy,Plains,394.46506992560523,1,40.688670515607626,5.150397216024598,8.432771011007933,1149.982168753712,9.950208207774534,0.501555791219435,Medium,0
502.1342420705328,201.4276269251261,0.8276516093972418,4.99852134980102,Sandy,Semi-Arid,1217.1755542219603,0,70.39634498155127,2.070909211269352,11.067709782480799,1519.031409310926,1.5379355030959392,0.5282699631827834,Medium,0
463.0046549121595,218.72698008429046,3.123853435132482,7.099669715550879,Sandy,Plateau,692.0327053114002,2,75.92286030158866,0.1,17.787272529307277,1277.0263607902698,5.293002714446513,0.19703976271782045,Low,0
503.35034228448444,289.5898316488045,1.3279228409239425,8.076208431989848,Rocky,Plains,844.3196674709853,4,60.56029459086319,2.117503945331806,0.15553001452088466,802.8833544367208,24.035831491529954,0.29192003318076987,Low,0
478.73660942911346,318.5116074310789,1.5630981873867515,12.341358253877218,Sandy,Plains,1166.9914245860696,1,65.47640773267575,2.0860231346465516,7.421014749774954,424.7657297891701,11.334347934657714,0.3385582834419078,Low,0
525.936148395889,161.45609078322738,1.7325460674602533,5.387780863288558,Rocky,Hilly,844.6703802147309,2,73.705238801278,0.1587950040711316,12.00572254571847,781.502899485751,2.7092969495980754,0.5204425471613374,Medium,0
667.095854908771,366.7645527495837,0.2616510664638041,9.323876905825452,Loamy,Coastal,971.4513115778194,1,65.26702550050345,1.2279166717084509,1.069582214849392,1290.6954824526356,2.194492507281249,0.28010968320594226,Low,0
535.215480769297,290.2615995567519,17.06385943677027,7.917880073313509,Clayey,Plains,1087.3253016633932,0,65.59088084025363,2.3165102775228097,3.146849143801134,1177.0597868781256,10.263980210452646,0.6833294445951227,High,1
292.55167516350883,74.11500176342446,0.12817020467578336,10.88799301191937,Sandy,Hilly,749.2632628139246,1,39.58867941125577,2.6819993430929445,3.298109025716478,1518.7820352096332,4.7799257787025455,0.4997665223606415,Medium,0
654.3844279068678,168.52882210471233,4.344722016293176,8.728686158786878,Clayey,Plains,841.7890290246106,0,30.0,4.917858746621699,9.915274621800332,1034.2070295924038,1.0707602427068779,0.39447253996894127,Medium,0
696.0921845232431,219.50455916180036,1.855944031654767,3.974555718141051,Rocky,Coastal,984.6843908123541,0,68.33756276487776,4.050750125640157,10.629264505703734,812.7130859816207,2.383486802548415,0.140744251894478,Low,0
922.8085101768127,271.25707733907336,4.153949746967271,1.8308619121263057,Laterite,Hilly,1203.8627455686271,2,55.308470513646334,0.2726297858407444,3.588793586787486,457.46729871733965,6.5049372908731,0.5959363673356559,Medium,1
281.4758950140603,506.7134554604795,1.7617684534300713,7.933785099002515,Rocky,Plains,622.6707575367727,1,52.54204342239053,2.06469237129051,10.142001935441463,594.1070099898966,0.9974531190379327,0.5617664014095951,Medium,1
486.43230197254127,308.5805567367554,4.480373204869044,5.414647006298828,Loamy,Coastal,150.0,0,69.67840427354268,1.9965719915411864,4.757421774471581,676.1828969301204,7.198215755309818,0.4970264617877812,Medium,0
137.6851945216519,179.107373212165,5.226023498256239,4.059058762148208,Loamy,Plains,1137.8541022849763,2,46.54202218759931,0.7964956933490839,14.279034803861084,1855.1937483226375,7.425772416341438,0.33249475226821207,Low,0
532.9723734568813,306.47569651685956,4.69186913355914,3.197266886400767,Sandy,Semi-Arid,1224.7005715625296,2,57.561835457163696,0.4476350432849636,10.55667669797473,608.9805848957908,1.8944020314472372,0.7226505087394484,High,1
367.7699552749841,237.7494703055343,0.48398167546681176,7.482926492761466,Laterite,Coastal,970.0119567455602,1,58.684650279772754,0.4895650398883965,11.673327737555457,614.8453614659069,3.045291712419502,0.3745302355265014,Medium,0
738.516869223743,318.970988744025,4.278854444088353,11.523123097940095,Rocky,Plains,993.9026266347875,1,66.27762681877283,0.43002272695695876,15.944668447530688,844.0942941423735,16.441952743152008,0.577688317455564,Medium,1
333.8077544972127,349.66812244427376,1.3139470987867339,5.773982962881875,Clayey,Hilly,702.4915370509403,2,62.09533184957122,3.6107657971920184,11.461056129402106,1716.0664725106271,8.298017610421764,0.26283236030766577,Low,0
196.62254430491075,425.1076776668726,0.11689707956058082,8.770810933225967,Sandy,Coastal,1075.0641975372234,2,62.10090842200821,0.35338640845282115,5.151339534798534,1435.8803423621412,9.301657612772937,0.5293328711600608,Medium,0
379.31043889462205,277.0856205195969,2.143416095481238,6.693200949347222,Sandy,Coastal,1198.608386889466,1,53.144371398938816,0.6755273360732845,8.618755476227452,1072.1093305417185,4.357310611064233,0.3059975103242443,Low,0
153.67683431742938,476.67526331197996,2.2734171502338674,3.1318537326898213,Clayey,Plains,919.7737194964695,0,53.45833881728149,0.54038598368613,1.4434284150058323,409.1203201760028,1.4382290954014076,0.4676041552005147,Medium,0
562.6649181760965,388.96271950434294,2.5182424496868925,9.204434030531253,Rocky,Hilly,1771.9369155025431,2,62.08311356769043,2.7451035608091425,2.4829235351714463,1134.1675476436974,5.367996131957784,0.38684572566482656,Medium,0
140.2375430615519,195.10725462253745,4.880736202745131,3.715923867917886,Rocky,Plateau,352.6906193150172,1,51.993772403850606,0.37938022908333946,10.979186122257175,1550.3072665533855,8.873203005669076,0.36109570525688933,Medium,0
454.2686371774738,545.1826798898157,1.47755777913385,7.064879891780694,Rocky,Semi-Arid,957.0365847997215,3,48.05770888048567,0.1,16.368638905572578,1816.1075742301323,0.023344942110694662,0.35698811745242004,Medium,0
138.32822702157046,319.23934159241173,1.5149841310887755,5.975438754984085,Clayey,Hilly,488.9764631889399,0,73.43507298124919,1.0312831576170953,13.365248609189592,50.0,0.7247149466468947,0.6088477522695417,Medium,1
401.95532931950373,179.78505952333177,0.2498523320295096,9.679232303697075,Rocky,Plateau,1207.9460733849114,0,49.90424790557187,0.8007539543761342,9.70844773067744,729.8272900238142,3.858080268382407,0.3547770530922627,Medium,0
696.5067233706801,478.34956614765065,4.643924226395648,3.8255470225879398,Sandy,Plains,346.48360018523647,0,52.49658767055126,1.115416347344726,0.4826474194194246,1163.894364061685,3.448944650558576,0.5133430414065921,Medium,0
504.0971837153692,529.3333102238133,3.355708822165578,8.172609723405879,Clayey,Semi-Arid,433.1274600488055,5,72.71886209803701,3.0836849899610383,8.67528324241706,1739.5824670643256,24.199399399031584,0.9277914329338154,High,1
